window,processing_ms,decision_delay_ms
0.0000,8.1147,8.3566
1.0000,11.6859,14.0754
2.0000,6.7860,8.0353
3.0000,9.6718,11.9640
4.0000,12.8100,15.1100
5.0000,18.0640,20.5667
6.0000,15.1399,17.4558
7.0000,12.2628,15.0058
8.0000,18.1865,18.6802
9.0000,17.8657,20.0318
10.0000,15.0217,17.0948
11.0000,12.5926,16.4403
12.0000,48.2747,48.6415
13.0000,45.2552,45.4943
14.0000,23.5361,24.8239
15.0000,7.7648,8.0193
16.0000,118.9197,119.0650
17.0000,6.6931,6.8447
18.0000,13.8653,15.3452
19.0000,10.2729,13.0518
20.0000,10.3157,12.4418
21.0000,14.8421,16.3499
22.0000,12.7755,15.6755
23.0000,11.5231,13.9448
24.0000,11.1151,13.2734
25.0000,8.8760,9.1148
26.0000,11.4476,13.6897
27.0000,13.3827,14.9878
28.0000,12.8940,15.0229
29.0000,6.5496,6.8418
30.0000,12.8899,15.1715
31.0000,12.0721,14.3620
32.0000,39.1363,39.3556
33.0000,4.1376,4.6918
34.0000,6.4291,6.5844
35.0000,10.6259,13.7698
36.0000,25.8551,26.8437
37.0000,15.1920,17.2033
38.0000,13.4660,13.7977
39.0000,13.0360,15.0407
40.0000,13.0556,15.3321
41.0000,9.8791,11.6721
42.0000,13.2987,14.9784
43.0000,8.6767,10.5409
44.0000,7.8263,8.0266
45.0000,7.3547,7.5649
46.0000,12.8823,14.5150
47.0000,12.4560,14.6673
48.0000,13.1422,14.9411
49.0000,8.9263,10.8329
50.0000,12.3939,16.4160
51.0000,12.9119,14.8387
52.0000,13.0753,15.3194
53.0000,10.0895,11.3258
54.0000,12.9828,13.2207
55.0000,14.5640,16.7941
56.0000,13.8086,14.1342
57.0000,13.3586,17.3901
58.0000,13.3186,15.5182
59.0000,9.2912,9.6438
60.0000,11.3405,13.6263
61.0000,13.9917,16.2357
62.0000,27.6273,27.9312
63.0000,14.6733,16.8736
64.0000,7.6978,9.4655
65.0000,11.2997,14.4962
66.0000,13.2229,15.0282
67.0000,11.5864,13.5032
68.0000,11.2460,14.6520
69.0000,13.6596,17.2410
70.0000,13.2304,14.7888
71.0000,13.2830,17.3635
72.0000,11.4631,13.5245
73.0000,13.5868,14.8787
74.0000,13.1570,15.3805
75.0000,10.4533,12.4052
76.0000,12.5809,14.7207
77.0000,12.6920,15.0218
78.0000,13.8764,14.1958
79.0000,12.8519,14.7737
80.0000,13.4388,15.2395
81.0000,11.5850,13.6101
82.0000,10.2864,12.3074
83.0000,13.9111,17.4487
84.0000,12.6139,12.8150
85.0000,14.0910,17.3811
86.0000,12.8438,14.8512
87.0000,13.3406,16.5845
88.0000,13.2348,15.0329
89.0000,11.4312,13.2079
90.0000,12.7805,15.0485
91.0000,10.9162,12.2013
92.0000,76.4991,361.5376
93.0000,16.8065,17.5041
94.0000,178.8610,235.1546
95.0000,102.7678,105.3660
96.0000,6.6509,6.9866
97.0000,8.3187,8.4571
98.0000,9.6353,9.7704
99.0000,92.1882,92.3702
100.0000,10.1226,10.3906
101.0000,13.2681,14.6693
102.0000,43.5828,43.8821
103.0000,5.2412,6.0251
104.0000,4.7535,4.8737
105.0000,7.1747,7.2861
106.0000,4.9891,5.4402
107.0000,6.4317,6.5616
108.0000,6.5060,6.6970
109.0000,41.0177,41.4652
110.0000,4.5665,4.6827
111.0000,11.6758,12.3832
112.0000,6.0929,6.2354
113.0000,9.2320,11.4774
114.0000,13.8084,14.8871
115.0000,13.9678,16.0000
116.0000,13.3589,13.5297
117.0000,11.2380,11.4433
118.0000,6.2217,6.4893
119.0000,4.2197,4.3633
120.0000,7.2217,9.2518
121.0000,6.9966,7.4425
122.0000,20.7562,21.1778
123.0000,7.1932,7.3378
124.0000,11.4184,11.6427
125.0000,103.2830,104.3917
126.0000,68.4919,68.6653
127.0000,13.7504,16.8145
128.0000,6.9791,7.4248
129.0000,4.4067,5.0372
130.0000,12.7631,14.5632
131.0000,11.2415,12.6952
132.0000,58.2984,58.4612
133.0000,9.8896,10.2830
134.0000,14.5003,15.8100
135.0000,8.3073,8.5392
136.0000,12.9186,14.2803
137.0000,9.9446,10.1411
138.0000,11.8523,12.0405
139.0000,13.7565,17.2484
140.0000,13.2652,14.8824
141.0000,9.3233,11.3015
142.0000,15.2665,18.2752
143.0000,14.8624,17.0690
144.0000,10.7053,11.9173
145.0000,15.3718,16.2645
146.0000,14.0078,14.2831
147.0000,12.9730,15.1135
148.0000,14.9295,16.6701
149.0000,6.6599,6.7938
150.0000,13.0549,15.2695
151.0000,10.9648,12.2837
152.0000,7.1379,8.2041
153.0000,20.5540,30395.6407
154.0000,5.4952,29901.1430
155.0000,5.9584,29407.1050
156.0000,3.8037,28910.9115
157.0000,3.6702,28414.5838
158.0000,3.5896,27918.1757
159.0000,3.5326,27421.7103
160.0000,3.6267,26925.3387
161.0000,3.6229,26428.9634
162.0000,3.6108,25932.5762
163.0000,3.6186,25436.1967
164.0000,3.6159,24939.8145
165.0000,3.6031,24443.4194
166.0000,3.6271,23947.0482
167.0000,3.5631,23450.6131
168.0000,3.5937,22954.2090
169.0000,3.5301,22457.7409
170.0000,3.6239,21961.3666
171.0000,3.6284,21464.9968
172.0000,3.6255,20968.6243
173.0000,3.6310,20472.2752
174.0000,3.6095,19975.8867
175.0000,3.5990,19479.4874
176.0000,3.6091,18983.0982
177.0000,3.6211,18486.7212
178.0000,3.6511,17990.3745
179.0000,3.6433,17494.0198
180.0000,3.5257,16997.5474
181.0000,3.6287,16501.1780
182.0000,3.6317,16004.8117
183.0000,3.6057,15508.4193
184.0000,3.6152,15012.0363
185.0000,3.6075,14515.6457
186.0000,3.6192,14019.2669
187.0000,3.6189,13522.8876
188.0000,3.6149,13026.5046
189.0000,3.6420,12530.1487
190.0000,3.5201,12033.6707
191.0000,3.5931,11537.2658
192.0000,3.6160,11040.8838
193.0000,3.6032,10544.4889
194.0000,3.5970,10048.0882
195.0000,3.5708,9551.6609
196.0000,3.6230,9055.2858
197.0000,3.5977,8558.8853
198.0000,3.5828,8062.4705
199.0000,3.6036,7566.0762
200.0000,3.5250,7069.6033
201.0000,3.6166,6573.2239
202.0000,3.6132,6076.8392
203.0000,3.6136,5580.4548
204.0000,3.5834,5084.0402
205.0000,3.6267,4587.6687
206.0000,3.5873,4091.2580
207.0000,3.6073,3594.8674
208.0000,3.5724,3098.4416
209.0000,3.6601,2602.1036
210.0000,3.5774,2105.6831
211.0000,3.5642,1609.2492
212.0000,3.6530,1112.9040
213.0000,3.5629,616.4689
214.0000,3.6089,120.0798
215.0000,5.0108,6.2895
216.0000,15.8420,19.1214
217.0000,35.1218,39.5168
218.0000,13.3739,14.7806
219.0000,9.2167,11.0332
220.0000,13.0295,14.7821
221.0000,12.7023,14.7666
222.0000,13.4247,15.1505
223.0000,9.5786,11.6963
224.0000,12.8034,14.8920
225.0000,9.4715,11.4714
226.0000,10.4047,12.6122
227.0000,14.5385,16.3239
228.0000,13.2130,14.9909
229.0000,9.6325,11.8585
230.0000,8.2088,2858.8589
231.0000,5.8322,2364.6968
232.0000,5.5450,1870.2455
233.0000,5.4863,1375.7390
234.0000,5.3895,881.1316
235.0000,5.4940,386.6285
236.0000,6.4564,7.3893
237.0000,7.6626,7.8958
238.0000,13.7953,15.8644
239.0000,10.4117,10.7417
240.0000,12.8716,15.0956
241.0000,12.8652,16.4476
242.0000,26.1477,27.2563
243.0000,34.9825,36.1239
244.0000,32.8760,33.4267
245.0000,10.6142,12.6454
246.0000,13.3394,14.7630
247.0000,13.0663,15.9745
248.0000,13.2064,15.2735
249.0000,9.1738,10.9874
250.0000,12.8560,14.9218
251.0000,9.2377,11.1958
252.0000,26.8425,33732.4537
253.0000,4.7763,33237.2363
254.0000,3.6603,32740.9008
255.0000,3.5923,32244.4954
256.0000,3.6381,31748.1358
257.0000,3.6251,31251.7634
258.0000,3.6841,30755.4498
259.0000,3.7354,30259.1874
260.0000,3.6654,29762.8551
261.0000,3.6558,29266.5131
262.0000,3.6636,28770.1791
263.0000,3.5721,28273.7534
264.0000,3.6195,27777.3749
265.0000,3.7137,27281.0910
266.0000,3.6465,26784.7397
267.0000,3.6883,26288.4301
268.0000,3.6785,25792.1109
269.0000,3.7839,25295.8987
270.0000,3.7057,24799.6068
271.0000,3.6686,24303.2776
272.0000,3.6679,23806.9479
273.0000,3.6436,23310.5937
274.0000,3.6670,22814.2632
275.0000,3.6343,22317.8997
276.0000,3.6098,21821.5117
277.0000,3.7169,21325.2310
278.0000,3.7987,20829.0320
279.0000,3.7326,20332.7673
280.0000,3.7710,19836.5405
281.0000,3.7166,19340.2596
282.0000,3.6708,18843.9326
283.0000,3.7326,18347.6672
284.0000,3.6186,17851.2881
285.0000,3.7428,17355.0333
286.0000,5.1931,16860.2288
287.0000,3.8674,16364.1010
288.0000,3.6948,15867.7981
289.0000,3.7009,15371.5014
290.0000,3.7679,14875.2717
291.0000,3.7769,14379.0510
292.0000,3.6844,13882.7378
293.0000,3.7487,13386.4894
294.0000,3.6404,12890.1323
295.0000,4.9656,12395.1001
296.0000,3.5674,11898.6721
297.0000,3.6290,11402.3032
298.0000,3.6125,10905.9180
299.0000,3.5567,10409.4773
300.0000,3.6505,9913.1299
301.0000,3.6705,9416.8025
302.0000,3.6092,8920.4139
303.0000,4.0582,8424.4742
304.0000,4.5991,7929.0759
305.0000,3.6582,7432.7364
306.0000,3.6364,6936.3751
307.0000,3.6284,6440.0058
308.0000,3.6256,5943.6337
309.0000,3.7102,5447.3516
310.0000,3.6405,4950.9943
311.0000,3.6252,4454.6217
312.0000,3.6288,3958.2529
313.0000,3.6241,3461.8795
314.0000,3.5435,2965.4256
315.0000,3.6259,2469.0533
316.0000,3.6278,1972.6832
317.0000,3.5951,1476.2805
318.0000,3.6644,979.9471
319.0000,3.6134,483.5628
320.0000,9.3359,10.3718
321.0000,14.0766,16.7334
322.0000,31.0101,31.9402
323.0000,25.0469,25.4535
324.0000,34.0361,35.7191
325.0000,14.6763,16.9181
326.0000,12.7123,14.8065
327.0000,12.5310,16.3886
328.0000,12.6705,15.1261
329.0000,12.7807,14.9578
330.0000,15.4226,19.2334
331.0000,13.8847,17.6289
332.0000,10.5373,12.8018
333.0000,13.7870,17.4039
334.0000,12.6970,14.2423
335.0000,12.0763,13.2633
336.0000,10.8223,65929.6051
337.0000,6.0981,65435.7117
338.0000,4.7384,64940.4554
339.0000,3.6960,64444.1546
340.0000,3.7537,63947.9110
341.0000,3.7471,63451.6608
342.0000,3.7573,62955.4214
343.0000,3.6435,62459.0673
344.0000,3.6822,61962.7520
345.0000,3.7161,61466.4706
346.0000,3.6774,60970.1505
347.0000,3.5472,60473.7007
348.0000,3.5875,59977.2903
349.0000,3.6358,59480.9281
350.0000,3.5752,58984.5055
351.0000,3.6193,58488.1268
352.0000,3.5615,57991.6906
353.0000,3.6444,57495.3417
354.0000,3.5497,56998.8938
355.0000,3.7031,56502.5991
356.0000,3.6022,56006.2036
357.0000,3.5259,55509.7318
358.0000,3.6264,55013.3603
359.0000,3.5619,54516.9244
360.0000,3.6105,54020.5370
361.0000,3.5531,53524.0923
362.0000,3.6292,53027.7235
363.0000,3.5530,52531.2785
364.0000,3.6466,52034.9274
365.0000,3.5605,51538.4900
366.0000,3.6552,51042.1474
367.0000,3.5236,50545.6735
368.0000,3.5651,50049.2406
369.0000,3.6504,49552.8932
370.0000,3.5780,49056.4734
371.0000,3.5994,48560.0749
372.0000,3.5714,48063.6482
373.0000,3.6447,47567.2952
374.0000,3.5985,47070.8958
375.0000,3.6348,46574.5328
376.0000,3.5655,46078.1006
377.0000,3.5005,45581.6032
378.0000,3.7023,45085.3075
379.0000,3.5779,44588.8876
380.0000,3.6483,44092.5380
381.0000,3.5681,43596.1084
382.0000,3.6817,43099.7924
383.0000,3.5951,42603.3895
384.0000,3.6389,42107.0305
385.0000,3.5552,41610.5876
386.0000,3.6169,41114.2068
387.0000,3.5291,40617.7380
388.0000,3.5411,40121.2811
389.0000,3.6433,39624.9265
390.0000,3.5493,39128.4779
391.0000,3.6269,38632.1069
392.0000,3.5492,38135.6581
393.0000,3.6341,37639.2943
394.0000,3.5290,37142.8253
395.0000,3.6049,36646.4322
396.0000,3.5898,36150.0241
397.0000,3.5086,35653.5349
398.0000,3.5973,35157.1342
399.0000,3.5303,34660.6665
400.0000,3.6078,34164.2763
401.0000,3.5589,33667.8565
402.0000,3.6181,33171.4768
403.0000,3.5701,32675.0490
404.0000,3.6031,32178.6541
405.0000,3.5698,31682.2263
406.0000,3.5090,31185.7374
407.0000,3.6326,30689.3719
408.0000,3.5576,30192.9314
409.0000,3.6226,29696.5561
410.0000,3.5664,29200.1244
411.0000,3.6185,28703.7450
412.0000,3.6013,28207.3482
413.0000,3.6220,27710.9725
414.0000,3.5722,27214.5467
415.0000,3.6438,26718.1928
416.0000,3.5261,26221.7213
417.0000,3.5890,25725.3124
418.0000,3.6517,25228.9662
419.0000,3.5484,24732.5168
420.0000,3.6352,24236.1541
421.0000,3.5845,23739.7408
422.0000,3.6528,23243.3956
423.0000,3.5663,22746.9639
424.0000,3.6106,22250.5766
425.0000,3.5749,21754.1538
426.0000,3.5106,21257.6665
427.0000,3.6193,20761.2878
428.0000,3.5346,20264.8243
429.0000,3.6185,19768.4449
430.0000,3.5687,19272.0156
431.0000,3.6129,18775.6305
432.0000,3.5861,18279.2186
433.0000,3.5987,17782.8194
434.0000,3.5845,17286.4060
435.0000,3.6433,16790.0519
436.0000,3.5252,16293.5793
437.0000,3.5615,15797.1428
438.0000,3.6137,15300.7585
439.0000,3.5495,14804.3101
440.0000,3.6351,14307.9473
441.0000,3.5676,13811.5169
442.0000,3.6865,13315.2053
443.0000,3.5545,12818.7619
444.0000,3.6407,12322.4046
445.0000,3.5811,11825.9881
446.0000,3.5144,11329.5045
447.0000,3.6322,10833.1389
448.0000,3.5824,10336.7234
449.0000,3.6536,9840.3791
450.0000,3.5989,9343.9802
451.0000,3.6602,8847.6425
452.0000,3.5743,8351.2189
453.0000,3.6249,7854.8457
454.0000,3.5830,7358.4307
455.0000,3.6182,6862.0514
456.0000,3.5316,6365.5853
457.0000,3.5799,5869.1721
458.0000,3.6057,5372.7798
459.0000,3.5528,4876.3346
460.0000,3.6713,4380.0081
461.0000,3.5626,3883.5729
462.0000,3.6253,3387.2003
463.0000,3.5311,2890.7337
464.0000,3.6133,2394.3491
465.0000,3.5792,1897.9305
466.0000,3.5240,1401.4566
467.0000,3.6098,905.0684
468.0000,3.5679,408.6386
469.0000,5.2468,7.2637
470.0000,10.9139,13.3415
471.0000,13.3764,13.7224
472.0000,13.1941,15.3208
473.0000,12.1882,14.2598
474.0000,12.3109,14.0325
475.0000,11.8191,13.1470
476.0000,7.8286,11.3355
477.0000,15.3905,17.4416
478.0000,11.0045,13.7702
479.0000,13.1939,15.2127
480.0000,15.7828,19.8740
481.0000,14.9534,16.7415
482.0000,12.1899,14.3652
483.0000,13.5322,16.6149
484.0000,110.9314,14779.7982
485.0000,24.8852,14304.6976
486.0000,6.5658,13811.2706
487.0000,5.2093,13316.4867
488.0000,3.5956,12820.0874
489.0000,3.5837,12323.6747
490.0000,3.5305,11827.2087
491.0000,3.5533,11330.7655
492.0000,3.5862,10834.3546
493.0000,3.5711,10337.9287
494.0000,3.4374,9841.3690
495.0000,3.5245,9344.8958
496.0000,3.4841,8848.3829
497.0000,3.4670,8351.8525
498.0000,3.5093,7855.3645
499.0000,3.4450,7358.8118
500.0000,3.5307,6862.3450
501.0000,3.4097,6365.7572
502.0000,3.5185,5869.2786
503.0000,3.5193,5372.8008
504.0000,3.4089,4876.2123
505.0000,3.4613,4379.6756
506.0000,3.5783,3883.2559
507.0000,3.7798,3387.0381
508.0000,3.5795,2890.6205
509.0000,4.6599,2395.2829
510.0000,7.9295,1903.2164
511.0000,8.5614,1411.7919
512.0000,6.0059,917.8041
513.0000,3.5760,421.3844
514.0000,8.4027,8.6521
515.0000,7.5874,7.8165
516.0000,38.7172,38.8811
517.0000,6.0769,6.6514
518.0000,13.5501,15.3488
519.0000,8.6593,10.0927
520.0000,13.3536,15.5383
521.0000,9.2545,11.7215
522.0000,9.0521,10.1646
523.0000,6.8906,7.9824
524.0000,5.8411,5.9851
525.0000,7.6387,7.8780
526.0000,11.4454,12.9503
527.0000,9.1092,10.1759
528.0000,11.5422,13.3046
529.0000,12.9906,14.2298
530.0000,5.7981,5.9451
531.0000,6.8118,8.9573
532.0000,7.7756,8.1887
533.0000,7.3736,8.0898
534.0000,11.3910,12.6311
535.0000,12.7242,14.6895
536.0000,17.3953,18.4773
537.0000,17.9739,19.5632
538.0000,45.9315,46.5814
539.0000,44.5965,45.5059
540.0000,33.7392,38.0200
541.0000,17.6805,19.4107
542.0000,43.0001,44.4399
543.0000,46.8243,47.3995
544.0000,16.7495,19.1636
545.0000,16.5767,17.0090
546.0000,6.9661,8.0535
547.0000,11.0849,11.6347
548.0000,17.1869,17.5761
549.0000,15.7217,16.9203
550.0000,17.8449,18.3258
551.0000,13.9876,15.7702
552.0000,17.6165,19.2005
553.0000,15.9250,16.8637
554.0000,19.0278,19.5508
555.0000,19.0938,19.6504
556.0000,15.4523,16.5578
557.0000,12.6303,13.1865
558.0000,12.4847,14.5692
559.0000,17.8571,20.4593
560.0000,14.8984,17.0208
561.0000,11.6164,12.8420
562.0000,14.4622,16.8079
563.0000,17.3206,17.7774
564.0000,17.0046,19.1047
565.0000,17.5360,19.3564
566.0000,17.9735,20.1377
567.0000,17.5432,19.5752
568.0000,14.7522,16.8799
569.0000,11.5420,12.6475
570.0000,11.2712,12.8022
571.0000,18.0286,20.3160
572.0000,14.9555,17.0322
573.0000,11.6847,13.7172
574.0000,14.1723,16.3544
575.0000,42.0463,42.4017
576.0000,42.1401,43.6519
577.0000,34.7585,35.4657
578.0000,46.3753,47.5581
579.0000,43.4454,44.2373
580.0000,41.3542,42.3776
581.0000,35.9103,36.6554
582.0000,41.4199,41.9535
583.0000,46.3194,46.7725
584.0000,41.1586,42.1743
585.0000,36.4596,37.3459
586.0000,43.7083,44.5249
587.0000,18.0202,18.7656
588.0000,14.7440,16.8890
589.0000,11.7895,13.0610
590.0000,14.3739,16.4539
591.0000,17.8388,19.6032
592.0000,14.7415,16.8353
593.0000,11.6589,12.1623
594.0000,13.1780,14.7645
595.0000,17.7274,18.1847
596.0000,17.0272,19.2127
597.0000,9.0624,9.1919
598.0000,4.9595,5.5731
599.0000,6.3872,7.4036
600.0000,6.9365,7.0745
601.0000,8.3967,10.2164
602.0000,16.8492,19.0438
603.0000,17.1399,17.6816
604.0000,19.0536,19.4691
605.0000,17.9961,20.2607
606.0000,14.9648,17.1837
607.0000,12.8908,14.9674
608.0000,8.5872,8.7710
609.0000,10.1276,10.3575
610.0000,16.6628,18.8146
611.0000,7.8718,8.1207
612.0000,10.7537,11.3585
613.0000,13.6986,13.9482
614.0000,12.9114,13.0705
615.0000,15.1982,15.3387
616.0000,6.1773,6.3313
617.0000,34.6116,34.9661
618.0000,28.9459,29.2105
619.0000,27.7336,28.9803
620.0000,33.3058,33.4732
621.0000,14.0817,14.2481
622.0000,7.0570,7.2047
623.0000,12.1547,13.3366
624.0000,13.1567,15.1048
625.0000,18.0264,20.0702
626.0000,17.1263,17.6595
627.0000,13.4945,14.8374
628.0000,18.1211,20.1411
629.0000,18.2806,18.7783
630.0000,14.9549,17.1755
631.0000,11.0715,12.8240
632.0000,15.9046,19.5056
633.0000,8.3146,8.6575
634.0000,17.8613,18.4029
635.0000,17.7710,19.8521
636.0000,44.8737,45.5338
637.0000,45.8118,46.5463
638.0000,38.8408,39.5065
639.0000,36.4312,37.1888
640.0000,17.8878,20.0712
641.0000,10.8635,12.1815
642.0000,7.5448,9.0100
643.0000,13.1115,15.0600
644.0000,18.0465,20.0852
645.0000,17.7764,19.5900
646.0000,15.0110,17.0938
647.0000,11.7419,12.2070
648.0000,13.9133,16.0616
649.0000,17.6373,18.1557
650.0000,16.9927,19.1866
651.0000,16.9331,17.4134
652.0000,18.2712,20.5025
653.0000,17.8934,19.1558
654.0000,14.7426,17.0327
655.0000,11.3166,13.1261
656.0000,13.3056,14.9174
657.0000,17.9046,19.6435
658.0000,14.8985,17.0931
659.0000,11.9085,13.4612
660.0000,14.1240,16.2281
661.0000,17.6554,19.4156
662.0000,15.0132,17.2739
663.0000,11.8306,12.3228
664.0000,14.3435,16.5011
665.0000,17.7339,19.9315
666.0000,14.8670,17.0409
667.0000,11.7387,13.4500
668.0000,14.3744,16.4350
669.0000,17.8361,19.5754
670.0000,15.0810,17.2760
671.0000,11.6017,13.3924
672.0000,14.1168,16.1628
673.0000,17.7012,18.1504
674.0000,16.8829,19.0063
675.0000,17.7545,19.6839
676.0000,17.8693,20.1743
677.0000,18.0407,19.2719
678.0000,14.7861,17.0625
679.0000,11.4890,13.2737
680.0000,14.6772,17.2872
681.0000,17.8220,19.5498
682.0000,14.7970,17.0001
683.0000,11.7229,13.4784
684.0000,14.1647,16.2814
685.0000,17.6588,19.7438
686.0000,14.7870,16.9510
687.0000,7.0093,7.3279
688.0000,12.5748,14.7859
689.0000,17.7592,18.8687
690.0000,17.8517,18.4847
691.0000,16.7614,17.2321
692.0000,46.9804,49.2071
693.0000,44.2735,45.0381
694.0000,24.0082,24.4760
695.0000,16.8116,17.2528
696.0000,17.8533,20.3545
697.0000,17.5998,18.0272
698.0000,17.3959,19.0509
699.0000,16.7253,17.1998
700.0000,45.4717,49.2036
701.0000,43.5030,44.3427
702.0000,39.2805,40.0857
703.0000,37.6078,38.2511
704.0000,40.2073,41.0949
705.0000,17.2219,18.6783
706.0000,15.0618,17.3317
707.0000,11.6908,12.1299
708.0000,14.6851,17.1835
709.0000,17.9003,18.3473
710.0000,17.8921,18.5135
711.0000,51.7093,52.2345
712.0000,45.1068,47.2294
713.0000,44.8384,45.5875
714.0000,43.4774,45.2143
715.0000,30.8160,31.5903
716.0000,18.0028,20.0331
717.0000,17.9466,19.1725
718.0000,17.7368,18.2592
719.0000,17.6122,19.3231
720.0000,43.1582,43.6691
721.0000,41.5251,42.0449
722.0000,42.5923,43.3993
723.0000,35.9610,36.6875
724.0000,37.3776,38.2341
725.0000,17.9782,19.7056
726.0000,14.9524,17.2019
727.0000,11.7213,12.2013
728.0000,14.4226,16.8801
729.0000,17.8303,18.3276
730.0000,16.9934,19.1949
731.0000,16.8685,17.3305
732.0000,17.9029,19.9700
733.0000,18.1101,18.5482
734.0000,16.9426,19.1857
735.0000,17.0197,17.5704
736.0000,18.1660,20.3579
737.0000,17.4754,17.9623
738.0000,16.9676,19.1000
739.0000,39.8923,40.4460
740.0000,37.3719,38.1184
741.0000,15.0744,15.4669
742.0000,16.8965,19.1696
743.0000,17.1466,17.6485
744.0000,47.2462,49.4469
745.0000,43.5356,44.2419
746.0000,40.4089,41.1985
747.0000,38.1856,38.9594
748.0000,17.9994,20.3542
749.0000,17.3343,17.7925
750.0000,16.9718,19.1437
751.0000,17.7531,19.2933
752.0000,18.0481,20.1670
753.0000,17.8042,19.4120
754.0000,14.8838,17.0835
755.0000,11.4461,13.2196
756.0000,12.8042,14.4663
757.0000,17.7836,20.2454
758.0000,14.9100,17.4950
759.0000,11.6854,12.1884
760.0000,14.3433,16.6692
761.0000,17.4884,18.0166
762.0000,7.0159,8.0996
763.0000,11.4914,13.4078
764.0000,12.6144,13.1526
765.0000,17.8680,19.1372
766.0000,15.0758,17.3754
767.0000,11.4169,12.5571
768.0000,14.5061,17.0231
769.0000,17.8077,18.2752
770.0000,17.7903,18.4161
771.0000,16.7293,17.3013
772.0000,46.9004,49.1873
773.0000,44.1758,44.9482
774.0000,41.7103,42.5734
775.0000,35.6814,36.4601
776.0000,43.6936,44.5403
777.0000,44.7868,45.4154
778.0000,42.0759,42.9660
779.0000,35.7847,36.5044
780.0000,41.4043,42.2728
781.0000,45.1037,45.7547
782.0000,41.9385,42.8717
783.0000,35.6701,36.4231
784.0000,43.7466,44.6484
785.0000,45.7930,46.5060
786.0000,41.7401,42.5726
787.0000,34.7579,35.4917
788.0000,17.7881,20.1844
789.0000,17.9657,19.3240
790.0000,14.9422,17.3645
791.0000,11.5159,13.2732
792.0000,14.2301,16.3354
793.0000,17.7421,19.0916
794.0000,14.9315,17.2440
795.0000,11.6152,12.1168
796.0000,14.4764,16.6764
797.0000,17.7376,19.2989
798.0000,14.9754,17.4502
799.0000,11.8021,12.9065
800.0000,14.5059,16.9766
801.0000,17.9990,19.1553
802.0000,14.7797,17.0000
803.0000,11.7933,12.3004
804.0000,14.3982,16.7618
805.0000,17.8409,18.9509
806.0000,14.8520,17.2042
807.0000,11.4633,13.0044
808.0000,14.6996,17.1780
809.0000,17.6519,18.7935
810.0000,14.8347,17.0693
811.0000,11.7464,13.1868
812.0000,14.5380,16.7628
813.0000,18.0163,19.1638
814.0000,14.8925,17.3157
815.0000,11.6227,12.1201
816.0000,14.5476,16.7334
817.0000,17.8609,19.0593
818.0000,6.0776,6.6957
819.0000,14.8289,15.3430
820.0000,17.8194,19.9569
821.0000,17.7766,18.2785
822.0000,7.9598,9.4314
823.0000,6.3118,6.6776
824.0000,12.5738,13.1034
825.0000,17.7120,18.1878
826.0000,16.9984,19.2655
827.0000,16.8380,17.3121
828.0000,17.9997,20.4511
829.0000,17.8894,18.3351
830.0000,17.0482,19.2105
831.0000,16.8772,17.3159
832.0000,18.1026,20.3894
833.0000,17.8799,19.1825
834.0000,17.7221,18.3498
835.0000,17.6925,19.6829
836.0000,47.2008,49.3334
837.0000,45.2182,45.9656
838.0000,41.7914,43.4946
839.0000,16.7376,17.4864
840.0000,44.0324,45.3943
841.0000,44.5652,45.2446
842.0000,41.4733,42.5511
843.0000,34.1067,34.8348
844.0000,46.6604,48.3105
845.0000,43.9512,44.6605
846.0000,42.4505,43.3543
847.0000,31.5905,32.2962
848.0000,18.0046,20.0160
849.0000,16.8286,17.0664
850.0000,17.0833,19.2137
851.0000,17.7031,18.1503
852.0000,18.1071,20.3183
853.0000,19.0911,19.5207
854.0000,15.1351,17.2527
855.0000,11.7137,12.2026
856.0000,14.5403,16.6419
857.0000,18.0567,18.4878
858.0000,17.0668,19.1835
859.0000,17.0536,17.4913
860.0000,18.0182,20.1984
861.0000,17.9598,18.4300
862.0000,7.4342,9.0196
863.0000,10.5643,12.1154
864.0000,14.4668,16.5087
865.0000,17.7966,18.8706
866.0000,15.0015,17.2083
867.0000,11.8654,13.4824
868.0000,13.4210,15.4435
869.0000,17.6501,18.9934
870.0000,14.8986,17.0310
871.0000,11.6960,13.4995
872.0000,14.3573,16.4212
873.0000,17.9013,19.5334
874.0000,14.9043,17.0760
875.0000,11.6486,12.1279
876.0000,14.4589,16.8096
877.0000,18.1530,20.1740
878.0000,15.1487,17.2733
879.0000,11.6528,12.0930
880.0000,14.1478,16.2337
881.0000,17.9088,19.0133
882.0000,14.8847,16.9966
883.0000,11.7898,13.0475
884.0000,14.3365,16.4370
885.0000,17.7358,18.2123
886.0000,17.0871,19.2000
887.0000,16.8356,17.2864
888.0000,17.0997,19.3362
889.0000,17.8045,18.2431
890.0000,16.8455,19.0417
891.0000,17.7486,19.7068
892.0000,18.1797,20.2484
893.0000,17.6637,19.3364
894.0000,14.8113,16.9574
895.0000,11.6250,12.7339
896.0000,13.3816,15.4142
897.0000,17.7930,20.5598
898.0000,14.8136,16.8857
899.0000,10.8569,11.2432
900.0000,15.3970,17.4729
901.0000,17.6407,18.0957
902.0000,38.5864,39.0609
903.0000,52.3617,52.9872
904.0000,42.6896,43.4286
905.0000,45.9785,46.6262
906.0000,42.0563,42.7887
907.0000,36.0405,36.8172
908.0000,44.5558,46.6668
909.0000,44.9473,45.5603
910.0000,35.6245,38.3568
911.0000,39.5744,40.2733
912.0000,34.3877,35.1319
913.0000,43.3297,43.9816
914.0000,17.0415,19.2986
915.0000,17.9742,19.7252
916.0000,45.8304,48.4539
917.0000,44.9334,45.7889
918.0000,41.6681,42.4545
919.0000,16.9642,17.6987
920.0000,17.8893,19.9232
921.0000,17.8761,18.3176
922.0000,16.9928,19.1502
923.0000,16.5748,17.6636
924.0000,17.9639,20.0352
925.0000,17.8431,18.2591
926.0000,16.9685,19.1341
927.0000,16.8493,17.3045
928.0000,17.9876,20.1350
929.0000,17.6113,18.0585
930.0000,16.9766,19.0603
931.0000,16.9807,17.4246
932.0000,18.1657,20.3009
933.0000,20.0552,20.5562
934.0000,14.9652,17.0896
935.0000,11.1546,11.5887
936.0000,15.5271,17.5626
937.0000,17.9171,18.3612
938.0000,16.9623,19.0807
939.0000,17.0976,18.1849
940.0000,18.0033,20.1050
941.0000,17.8973,18.9707
942.0000,39.2696,39.8038
943.0000,34.7386,35.1986
944.0000,18.0069,21.2112
945.0000,17.3314,17.7878
946.0000,17.0761,19.2600
947.0000,17.0011,17.4351
948.0000,18.0885,20.1001
949.0000,17.2830,17.7875
950.0000,16.9037,19.2047
951.0000,17.2504,18.4105
952.0000,17.9935,20.0248
953.0000,17.8495,18.2938
954.0000,17.0551,19.1598
955.0000,16.9372,17.3657
956.0000,18.0440,20.1023
957.0000,18.0753,19.3148
958.0000,15.0182,17.1584
959.0000,11.4619,12.6090
960.0000,6.7771,8.0580
961.0000,14.1061,14.5671
962.0000,16.9181,19.0571
963.0000,16.8710,17.3103
964.0000,17.8272,19.8623
965.0000,17.8923,19.3779
966.0000,11.8738,13.9471
967.0000,10.7130,12.4776
968.0000,14.2637,16.3215
969.0000,17.9115,19.5741
970.0000,14.9083,16.9997
971.0000,11.6461,12.1057
972.0000,13.1637,15.2080
973.0000,17.1698,17.6058
974.0000,17.9840,18.4725
975.0000,39.1846,40.7595
976.0000,18.0477,21.2161
977.0000,17.9932,19.2062
978.0000,15.0327,17.1164
979.0000,11.5722,12.0278
980.0000,13.1324,15.1450
981.0000,17.8667,20.1948
982.0000,14.8533,16.9605
983.0000,6.3410,6.6206
984.0000,13.3528,15.3822
985.0000,17.3188,17.7573
986.0000,16.9769,19.0669
987.0000,16.8287,17.2818
988.0000,18.1252,20.1754
989.0000,17.1887,17.6292
990.0000,16.8587,19.0425
991.0000,17.6590,19.7328
992.0000,17.7529,19.7841
993.0000,17.9465,19.5588
994.0000,17.5603,18.1262
995.0000,17.7634,19.5241
996.0000,46.1796,48.2926
997.0000,44.4068,45.2935
998.0000,41.4949,42.3765
999.0000,35.3808,36.1395
1000.0000,45.0287,46.5941
1001.0000,45.5979,46.5091
1002.0000,41.0719,41.8211
1003.0000,36.6239,37.2232
1004.0000,18.1082,21.0236
1005.0000,17.9185,19.7349
1006.0000,14.6954,16.7751
1007.0000,11.7071,12.1630
1008.0000,13.4796,15.5073
1009.0000,17.9791,19.7269
1010.0000,14.7415,17.2293
1011.0000,11.6257,13.1556
1012.0000,14.5467,16.8615
1013.0000,17.8186,19.5199
1014.0000,14.8136,16.9243
1015.0000,11.6297,13.5392
1016.0000,13.3369,15.3884
1017.0000,17.3671,17.8092
1018.0000,16.9217,19.1481
1019.0000,16.9224,17.3853
1020.0000,17.8806,20.1195
1021.0000,17.7285,18.2653
1022.0000,17.0193,19.1071
1023.0000,18.5018,19.0305
1024.0000,18.1745,20.3002
1025.0000,17.6812,18.1540
1026.0000,16.7718,19.0723
1027.0000,16.9707,18.1090
1028.0000,18.0074,20.0694
1029.0000,17.2771,17.7166
1030.0000,16.8878,19.0327
1031.0000,16.8693,17.3901
1032.0000,17.7629,19.8630
1033.0000,18.0790,18.5061
1034.0000,16.8903,19.0260
1035.0000,17.8696,19.6703
1036.0000,18.0853,20.1281
1037.0000,17.6201,19.6428
1038.0000,14.9458,17.0221
1039.0000,11.6418,12.1785
1040.0000,11.9648,13.9973
1041.0000,17.8650,19.8484
1042.0000,15.0381,17.4536
1043.0000,11.6976,12.1355
1044.0000,14.6654,16.9928
1045.0000,17.9584,18.4395
1046.0000,16.3291,18.4513
1047.0000,17.7570,19.7455
1048.0000,44.7471,47.3377
1049.0000,44.5066,45.2364
1050.0000,41.0894,43.3500
1051.0000,34.9862,35.6904
1052.0000,18.1731,22.9909
1053.0000,16.5456,17.7656
1054.0000,16.9330,19.0633
1055.0000,16.6974,17.2142
1056.0000,18.0480,20.1019
1057.0000,17.3805,19.3308
1058.0000,15.1229,17.2868
1059.0000,11.6258,12.1071
1060.0000,14.4378,16.4739
1061.0000,17.7088,18.1424
1062.0000,16.7907,19.2237
1063.0000,17.4733,19.4972
1064.0000,17.8601,19.9440
1065.0000,17.8891,19.4377
1066.0000,14.9221,17.3851
1067.0000,11.7841,13.4429
1068.0000,14.1788,16.2588
1069.0000,18.0567,19.2312
1070.0000,14.9254,17.6680
1071.0000,11.5823,13.2680
1072.0000,14.2759,16.3120
1073.0000,17.9804,19.7957
1074.0000,14.9235,17.0479
1075.0000,11.7019,13.1879
1076.0000,14.3074,16.4566
1077.0000,17.8420,19.4480
1078.0000,14.8152,16.9451
1079.0000,11.6840,13.4367
1080.0000,13.9487,16.0324
1081.0000,17.6013,19.5427
1082.0000,14.9233,17.0236
1083.0000,14.6893,16.3496
1084.0000,17.7618,19.8998
1085.0000,17.5534,18.0305
1086.0000,17.0070,19.1303
1087.0000,16.8281,17.2527
1088.0000,18.0706,20.1026
1089.0000,17.8292,18.3036
1090.0000,16.7567,19.0225
1091.0000,16.7533,17.2124
1092.0000,17.7274,20.1827
1093.0000,21.1352,21.5662
1094.0000,13.2675,15.6296
1095.0000,12.0077,14.3466
1096.0000,18.2155,20.2576
1097.0000,18.0303,19.6394
1098.0000,14.9520,17.1389
1099.0000,11.4594,13.2795
1100.0000,14.4855,16.9451
1101.0000,17.7719,19.5154
1102.0000,14.7572,16.8908
1103.0000,11.7038,12.1578
1104.0000,14.1844,16.2753
1105.0000,17.5929,18.0518
1106.0000,16.9125,19.0996
1107.0000,17.0445,17.4869
1108.0000,18.0203,20.1754
1109.0000,17.8032,19.5293
1110.0000,14.8814,17.0611
1111.0000,11.4744,13.4181
1112.0000,14.5115,16.6319
1113.0000,17.8835,19.5660
1114.0000,14.9321,17.0721
1115.0000,11.1419,12.4407
1116.0000,15.2174,16.7629
1117.0000,18.0780,20.2631
1118.0000,14.8516,16.9778
1119.0000,6.1054,6.3523
1120.0000,12.3006,12.6707
1121.0000,18.5347,20.3496
1122.0000,17.1942,18.5426
1123.0000,16.9089,17.3596
1124.0000,45.6785,47.8497
1125.0000,44.1859,44.9340
1126.0000,41.4624,43.1286
1127.0000,37.6742,38.3057
1128.0000,17.9110,20.1138
1129.0000,17.7298,18.2397
1130.0000,16.7287,19.0822
1131.0000,16.8899,17.3440
1132.0000,17.7914,18.2479
1133.0000,17.3166,17.7875
1134.0000,16.9371,19.0274
1135.0000,16.5543,16.9808
1136.0000,17.8020,20.0990
1137.0000,39.3033,39.6869
1138.0000,41.7872,42.4739
1139.0000,38.0598,39.0006
1140.0000,18.5640,19.1892
1141.0000,17.6361,19.4209
1142.0000,14.7197,16.9487
1143.0000,6.2920,6.5431
1144.0000,13.1378,15.1596
1145.0000,17.8164,18.9540
1146.0000,14.9545,17.0498
1147.0000,11.6542,12.1377
1148.0000,14.2181,16.5076
1149.0000,41.0853,41.5256
1150.0000,41.5118,42.3320
1151.0000,34.4009,35.0959
1152.0000,18.0820,20.3276
1153.0000,38.6883,39.0458
1154.0000,41.4873,41.9320
1155.0000,29.1082,29.5220
1156.0000,11.2589,12.8097
1157.0000,17.9160,18.3518
1158.0000,17.1219,19.1640
1159.0000,17.0873,17.5088
1160.0000,17.8326,19.8867
1161.0000,17.8679,18.3186
1162.0000,16.8324,18.9891
1163.0000,16.8509,17.2797
1164.0000,17.8774,19.9107
1165.0000,17.4562,17.9393
1166.0000,16.2199,18.5554
1167.0000,16.2664,16.6235
1168.0000,17.0426,19.3733
1169.0000,16.7912,17.1963
1170.0000,16.6445,18.4234
1171.0000,16.5033,16.8886
1172.0000,16.9612,18.7311
1173.0000,16.8030,17.2000
1174.0000,16.7295,17.1224
1175.0000,13.7340,14.0886
1176.0000,16.5680,17.9918
1177.0000,23.4286,23.7507
1178.0000,16.6742,18.0953
1179.0000,17.2144,17.5632
1180.0000,17.9769,19.7345
1181.0000,17.8787,18.3161
1182.0000,17.0681,19.1432
1183.0000,16.9228,17.3811
1184.0000,17.8728,19.9551
1185.0000,43.6725,44.1769
1186.0000,40.9559,42.7363
1187.0000,34.3160,35.0195
1188.0000,17.9571,21.2216
1189.0000,17.2879,17.7670
1190.0000,16.8966,19.0806
1191.0000,16.1966,16.6794
1192.0000,18.1537,20.2288
1193.0000,17.8090,18.2866
1194.0000,16.9117,19.0964
1195.0000,16.8501,18.0803
1196.0000,17.8242,20.1538
1197.0000,17.6419,18.0975
1198.0000,16.9483,19.0376
1199.0000,17.0127,18.2327
1200.0000,18.1089,20.3691
1201.0000,17.4832,19.9307
1202.0000,15.0020,17.1187
1203.0000,6.3984,6.6915
1204.0000,14.3141,16.4687
1205.0000,17.8035,19.4709
1206.0000,15.1940,17.4322
1207.0000,11.8231,12.2788
1208.0000,14.2315,16.3023
1209.0000,17.8260,19.7779
1210.0000,17.7785,18.3487
1211.0000,17.8741,19.3607
1212.0000,18.0303,20.1169
1213.0000,9.8916,13.1147
1214.0000,38.3031,39.6588
1215.0000,36.3475,36.9342
1216.0000,18.0871,20.2939
1217.0000,17.8953,18.3755
1218.0000,16.9728,19.0646
1219.0000,16.9244,17.4116
1220.0000,18.0119,20.0754
1221.0000,18.0626,18.5879
1222.0000,14.9098,17.0830
1223.0000,11.8137,12.3007
1224.0000,14.4295,16.4971
1225.0000,17.8440,18.3045
1226.0000,16.8393,18.8923
1227.0000,16.0302,18.0539
1228.0000,18.2299,20.2488
1229.0000,17.8236,18.2775
1230.0000,17.7879,18.3265
1231.0000,48.6121,49.1302
1232.0000,46.1374,47.8351
1233.0000,46.3365,47.1095
1234.0000,41.5983,42.3382
1235.0000,17.6592,19.7088
1236.0000,16.9440,19.1226
1237.0000,17.5704,19.6678
1238.0000,14.9296,17.4703
1239.0000,11.8019,13.5987
1240.0000,6.2778,7.1890
1241.0000,15.2903,17.0179
1242.0000,16.9986,18.3797
1243.0000,49.1777,49.7028
1244.0000,17.1821,19.5368
1245.0000,16.8781,19.2436
1246.0000,14.7407,16.9242
1247.0000,11.6172,12.1262
1248.0000,14.0022,16.0315
1249.0000,17.8029,19.5358
1250.0000,15.2458,17.4984
1251.0000,11.6299,13.5637
1252.0000,12.9938,14.9986
1253.0000,17.7527,18.2445
1254.0000,38.7781,40.1781
1255.0000,40.0227,40.6767
1256.0000,36.9048,37.7626
1257.0000,40.2273,41.0038
1258.0000,41.3753,42.0496
1259.0000,36.6705,37.3950
1260.0000,44.7526,46.4746
1261.0000,46.4985,47.2399
1262.0000,40.6722,41.3993
1263.0000,33.3437,34.0290
1264.0000,47.5572,48.2710
1265.0000,46.0146,46.6997
1266.0000,40.8532,41.5873
1267.0000,37.2732,38.0101
1268.0000,18.0095,20.2084
1269.0000,17.6813,18.8246
1270.0000,14.6190,16.7762
1271.0000,11.5191,13.2307
1272.0000,13.0894,15.0948
1273.0000,17.3341,17.7689
1274.0000,16.7032,19.2155
1275.0000,17.8784,19.6005
1276.0000,17.8103,19.8543
1277.0000,17.6456,18.1160
1278.0000,16.7714,18.9749
1279.0000,16.7837,17.2440
1280.0000,17.6836,19.6952
1281.0000,17.9756,19.6928
1282.0000,14.8713,16.9968
1283.0000,11.4406,13.2614
1284.0000,14.3398,16.4168
1285.0000,17.8022,19.5654
1286.0000,15.0349,17.2016
1287.0000,11.6921,12.1741
1288.0000,13.0368,15.0508
1289.0000,17.7783,19.5056
1290.0000,14.8397,16.8674
1291.0000,11.5593,13.3176
1292.0000,13.2897,15.2916
1293.0000,17.6054,19.3178
1294.0000,38.1384,39.4690
1295.0000,37.1255,37.8083
1296.0000,41.5718,42.5462
1297.0000,46.2863,46.9908
1298.0000,17.0145,19.1816
1299.0000,17.5698,19.6344
1300.0000,45.6667,47.7552
1301.0000,42.8257,43.5891
1302.0000,39.1514,39.7888
1303.0000,34.7388,35.2401
1304.0000,43.8175,44.5777
1305.0000,44.9936,45.6765
1306.0000,36.3686,38.4990
1307.0000,40.4337,41.1592
1308.0000,17.9283,20.1637
1309.0000,17.8979,18.4144
1310.0000,17.0294,19.2304
1311.0000,17.0620,17.4945
1312.0000,18.1700,20.2275
1313.0000,18.0622,18.4940
1314.0000,17.1336,19.2747
1315.0000,16.8408,17.3039
1316.0000,17.9501,20.0224
1317.0000,17.8045,18.9667
1318.0000,14.8272,17.0852
1319.0000,11.5283,12.6523
1320.0000,13.2633,15.3719
1321.0000,17.8633,18.2930
1322.0000,17.8772,18.4134
1323.0000,17.9267,19.7135
1324.0000,17.9543,19.9642
1325.0000,17.5256,18.0487
1326.0000,17.0092,19.0829
1327.0000,16.8983,17.3576
1328.0000,18.0518,20.1157
1329.0000,17.8519,18.3719
1330.0000,16.9429,19.1050
1331.0000,17.1082,17.5315
1332.0000,18.1850,20.2130
1333.0000,19.3376,19.8479
1334.0000,40.7491,41.2052
1335.0000,38.2229,38.8295
1336.0000,18.1060,20.7902
1337.0000,17.8413,19.4710
1338.0000,15.3365,18.1279
1339.0000,17.0755,18.2294
1340.0000,17.8910,20.4633
1341.0000,17.7806,18.2328
1342.0000,16.9946,19.1019
1343.0000,15.5569,16.0354
1344.0000,17.9011,19.9115
1345.0000,17.4793,19.4573
1346.0000,14.9582,17.0753
1347.0000,11.6502,12.9456
1348.0000,14.4001,16.4469
1349.0000,17.8242,18.9708
1350.0000,14.8970,17.0244
1351.0000,11.6455,12.0976
1352.0000,13.4798,15.5181
1353.0000,17.7723,18.2341
1354.0000,16.9309,19.0575
1355.0000,17.0094,17.4707
1356.0000,18.1603,19.4244
1357.0000,17.9048,20.1210
1358.0000,15.1118,17.1916
1359.0000,11.6179,12.1395
1360.0000,13.0442,15.0888
1361.0000,17.9305,18.3391
1362.0000,16.6934,19.2643
1363.0000,16.8327,17.2935
1364.0000,18.0908,20.0995
1365.0000,17.3559,17.7718
1366.0000,16.9598,19.0701
1367.0000,16.9691,17.4432
1368.0000,17.5591,19.5752
1369.0000,17.8245,18.9512
1370.0000,14.9266,17.0437
1371.0000,11.7609,13.4435
1372.0000,14.1496,16.1634
1373.0000,17.5863,19.5630
1374.0000,14.9734,17.0247
1375.0000,11.6028,12.9278
1376.0000,13.2495,15.2532
1377.0000,17.9957,19.6392
1378.0000,14.9796,17.1072
1379.0000,11.6547,12.1659
1380.0000,14.2395,16.3143
1381.0000,17.6563,18.0767
1382.0000,16.8374,19.1229
1383.0000,16.9448,17.4180
1384.0000,17.8122,19.9278
1385.0000,17.7805,18.9490
1386.0000,14.9159,17.1511
1387.0000,11.8064,12.2862
1388.0000,14.2426,16.3048
1389.0000,17.8513,18.3818
1390.0000,17.0061,19.1934
1391.0000,17.0995,17.5711
1392.0000,18.0616,20.1027
1393.0000,18.2036,19.4466
1394.0000,14.7299,16.8588
1395.0000,11.0697,12.6405
1396.0000,15.1398,17.1753
1397.0000,17.8379,19.8117
1398.0000,14.6161,16.7379
1399.0000,11.6802,13.2365
1400.0000,14.4779,16.8244
1401.0000,17.8345,19.4317
1402.0000,14.8190,17.2300
1403.0000,6.2397,6.5349
1404.0000,13.1029,15.1137
1405.0000,17.6342,19.9985
1406.0000,15.0968,17.4401
1407.0000,11.5910,12.0606
1408.0000,12.9689,13.5075
1409.0000,19.2639,19.6607
1410.0000,18.0996,18.6269
1411.0000,18.0800,18.5926
1412.0000,19.6597,21.3334
1413.0000,19.1851,19.7067
1414.0000,18.0465,18.6296
1415.0000,19.6120,21.1533
1416.0000,19.2281,19.8107
1417.0000,18.8201,19.3512
1418.0000,17.3411,18.9302
1419.0000,49.0769,51.2657
1420.0000,44.0239,44.8041
1421.0000,46.1167,46.7799
1422.0000,40.7360,41.5289
1423.0000,17.6857,19.7362
1424.0000,17.9694,20.2426
1425.0000,17.2868,17.7538
1426.0000,16.7621,19.2173
1427.0000,16.9930,17.4351
1428.0000,17.8904,20.0321
1429.0000,17.9235,19.1520
1430.0000,14.7159,17.1444
1431.0000,11.6174,13.2208
1432.0000,13.9943,16.0772
1433.0000,17.7225,19.4474
1434.0000,15.1608,17.5007
1435.0000,11.6082,11.9958
1436.0000,9.3784,10.4450
1437.0000,17.0654,17.4765
1438.0000,18.1748,18.5424
1439.0000,15.0470,15.4343
1440.0000,19.5950,20.0361
1441.0000,18.8194,19.2599
1442.0000,15.0176,17.1500
1443.0000,6.0423,6.2863
1444.0000,14.6106,16.7744
1445.0000,17.2818,17.7622
1446.0000,16.8146,19.0036
1447.0000,17.0138,17.4738
1448.0000,17.9637,20.0225
1449.0000,17.8454,18.2984
1450.0000,17.0485,19.2769
1451.0000,17.0965,17.5643
1452.0000,17.9381,20.0165
1453.0000,26.9686,27.3889
1454.0000,14.1153,16.3309
1455.0000,21.4269,21.7214
1456.0000,18.0829,20.3891
1457.0000,17.7816,18.2110
1458.0000,16.8820,19.2453
1459.0000,17.1500,18.3564
1460.0000,17.6298,19.7122
1461.0000,17.7532,19.4338
1462.0000,14.6252,16.7115
1463.0000,11.4342,12.7686
1464.0000,14.1034,16.1259
1465.0000,17.1353,17.5508
1466.0000,16.9414,19.1495
1467.0000,16.2641,16.5804
1468.0000,18.1107,20.1418
1469.0000,17.2446,17.7009
1470.0000,17.0133,19.1479
1471.0000,16.9682,17.3938
1472.0000,17.8524,19.9212
1473.0000,16.0284,17.6381
1474.0000,14.7877,17.0666
1475.0000,12.0012,15.0543
1476.0000,17.8028,20.2491
1477.0000,17.9294,20.2460
1478.0000,14.8243,16.8839
1479.0000,11.5196,12.0138
1480.0000,14.4372,16.7092
1481.0000,18.6270,19.0110
1482.0000,15.0143,17.4550
1483.0000,6.1773,7.0048
1484.0000,13.3838,15.4489
1485.0000,17.1216,17.5309
1486.0000,17.9341,18.4482
1487.0000,17.3037,19.0371
1488.0000,44.1150,47.6812
1489.0000,49.4849,50.1457
1490.0000,17.0342,19.2403
1491.0000,16.7981,17.2669
1492.0000,45.8876,48.0537
1493.0000,44.7980,45.5291
1494.0000,16.3545,18.5864
1495.0000,16.6470,17.1051
1496.0000,45.5476,47.7493
1497.0000,45.5889,46.2539
1498.0000,41.5473,42.3464
1499.0000,35.1358,36.0340
1500.0000,43.1864,43.9713
1501.0000,36.8488,37.7481
1502.0000,13.1281,15.6772
1503.0000,11.4747,11.9027
1504.0000,13.0795,15.0887
1505.0000,17.2936,17.7122
1506.0000,16.9097,19.1188
1507.0000,17.3886,18.7072
1508.0000,18.1830,20.2689
1509.0000,18.0440,19.2278
1510.0000,14.8301,16.9339
1511.0000,11.6740,13.3652
1512.0000,13.5306,15.5495
1513.0000,17.8720,18.9604
1514.0000,15.0019,17.2734
1515.0000,11.6364,13.0099
1516.0000,13.4348,15.4378
1517.0000,17.3829,17.7716
1518.0000,17.0011,19.1540
1519.0000,16.6934,17.1595
1520.0000,17.7716,19.8382
1521.0000,17.3166,17.7519
1522.0000,17.8490,18.4625
1523.0000,16.8732,17.3248
1524.0000,17.8604,20.2137
1525.0000,17.3015,17.8165
1526.0000,16.8162,18.9924
1527.0000,17.8126,19.4133
1528.0000,17.7707,19.7849
1529.0000,17.3112,17.7192
1530.0000,17.0084,19.1031
1531.0000,16.8805,17.3314
1532.0000,17.6914,19.9668
1533.0000,17.7758,18.2072
1534.0000,16.9716,18.9956
1535.0000,16.8069,17.2750
1536.0000,18.2642,20.6475
1537.0000,17.5676,18.0073
1538.0000,16.8366,18.9887
1539.0000,16.7174,17.1559
1540.0000,18.0063,20.0163
1541.0000,17.2593,17.7255
1542.0000,16.8698,18.9637
1543.0000,49.9596,50.3452
1544.0000,47.9444,48.8115
1545.0000,44.2073,44.9157
1546.0000,41.3656,42.2430
1547.0000,17.6415,19.7602
1548.0000,17.8190,19.8570
1549.0000,17.7166,19.3110
1550.0000,14.8572,17.1088
1551.0000,11.5384,13.2515
1552.0000,14.2537,16.4060
1553.0000,17.6279,18.1063
1554.0000,16.8480,19.0354
1555.0000,17.9017,19.3733
1556.0000,17.7615,19.7652
1557.0000,17.6384,19.2815
1558.0000,14.4870,16.6570
1559.0000,12.8616,14.7697
1560.0000,17.7420,18.2379
1561.0000,17.8144,19.0122
1562.0000,17.7495,18.3086
1563.0000,49.4252,51.7911
1564.0000,45.4621,46.3713
1565.0000,44.6998,45.3284
1566.0000,41.5499,42.2812
1567.0000,35.4961,36.2080
1568.0000,42.9505,43.7606
1569.0000,46.3335,46.9621
1570.0000,40.7630,41.7602
1571.0000,17.9436,20.0430
1572.0000,45.5753,46.2149
1573.0000,13.6446,14.2759
1574.0000,14.8415,17.0067
1575.0000,11.6226,13.2457
1576.0000,13.4581,15.5041
1577.0000,17.9268,19.5614
1578.0000,14.6212,16.9623
1579.0000,11.7324,12.2397
1580.0000,14.2418,16.5159
1581.0000,17.8135,19.8937
1582.0000,14.8398,16.9758
1583.0000,11.6780,12.1226
1584.0000,13.1025,15.1502
1585.0000,17.8657,19.6350
1586.0000,15.0694,17.2619
1587.0000,11.6353,12.0577
1588.0000,14.2451,16.3708
1589.0000,17.1017,17.5189
1590.0000,16.7715,18.8905
1591.0000,17.3811,17.7430
1592.0000,18.1369,19.3526
1593.0000,17.9241,18.3403
1594.0000,18.1089,18.4796
1595.0000,15.6069,17.0707
1596.0000,19.9538,20.3828
1597.0000,16.8552,17.2374
1598.0000,17.2521,19.3416
1599.0000,16.0357,16.5124
1600.0000,46.8697,47.4593
1601.0000,44.6498,45.2775
1602.0000,38.8083,40.2301
1603.0000,37.7505,38.3252
1604.0000,38.9616,39.8436
1605.0000,39.8887,40.5746
1606.0000,41.0948,42.1867
1607.0000,36.2918,36.8800
1608.0000,17.8341,20.2584
1609.0000,17.7404,18.1838
1610.0000,16.8851,19.0873
1611.0000,16.8423,18.1697
1612.0000,17.6703,20.0032
1613.0000,17.8038,18.9270
1614.0000,14.7360,16.8543
1615.0000,11.6458,13.5889
1616.0000,12.9754,14.9878
1617.0000,17.3273,19.6911
1618.0000,17.7825,18.3176
1619.0000,48.3745,50.4740
1620.0000,47.2282,48.0444
1621.0000,17.6347,18.2322
1622.0000,16.7155,19.1395
1623.0000,17.4039,19.2158
1624.0000,17.7704,20.1617
1625.0000,17.5281,19.2295
1626.0000,14.9151,17.0691
1627.0000,11.4748,13.0522
1628.0000,14.2653,16.4189
1629.0000,17.9423,19.0144
1630.0000,14.6461,16.7501
1631.0000,11.4147,12.5820
1632.0000,13.6174,15.6066
1633.0000,17.3105,17.7223
1634.0000,17.0569,19.1117
1635.0000,16.7324,17.1999
1636.0000,17.9840,20.0131
1637.0000,17.3057,17.7683
1638.0000,17.0131,19.2057
1639.0000,16.9441,17.3627
1640.0000,17.9951,20.0478
1641.0000,17.7441,18.3332
1642.0000,16.9474,19.0023
1643.0000,16.7067,17.1766
1644.0000,17.7803,19.8643
1645.0000,17.7089,18.9086
1646.0000,14.9498,17.1552
1647.0000,11.5706,13.3461
1648.0000,14.4524,16.7878
1649.0000,17.7597,18.1922
1650.0000,16.5216,19.1756
1651.0000,16.8779,17.3243
1652.0000,18.0484,20.0661
1653.0000,17.6510,18.1168
1654.0000,17.0254,19.1166
1655.0000,16.8456,17.3053
1656.0000,17.7318,20.2653
1657.0000,17.3040,17.7729
1658.0000,16.9820,19.0485
1659.0000,16.6784,17.1446
1660.0000,18.1223,20.2299
1661.0000,17.6037,18.0465
1662.0000,10.3326,12.5025
1663.0000,6.2766,8.8064
1664.0000,14.2964,16.3566
1665.0000,18.1215,18.5498
1666.0000,14.9267,17.1786
1667.0000,11.4835,11.9688
1668.0000,13.1291,15.1293
1669.0000,17.3441,17.7993
1670.0000,16.7732,18.9225
1671.0000,17.8117,19.5375
1672.0000,17.7508,19.9037
1673.0000,17.7956,19.1233
1674.0000,14.9546,17.2534
1675.0000,11.8670,13.0469
1676.0000,13.2144,15.2479
1677.0000,17.5819,19.3918
1678.0000,15.1197,17.3476
1679.0000,11.6173,13.6691
1680.0000,13.9849,16.0301
1681.0000,17.8343,19.5207
1682.0000,14.8974,17.1773
1683.0000,11.5631,12.8183
1684.0000,14.4190,16.9535
1685.0000,17.7384,18.8484
1686.0000,6.3241,7.0959
1687.0000,14.6692,15.9295
1688.0000,18.1229,20.3417
1689.0000,17.6991,18.2063
1690.0000,16.9180,19.1158
1691.0000,16.8291,17.2576
1692.0000,18.3045,18.7983
1693.0000,17.1574,17.5761
1694.0000,16.9955,19.1367
1695.0000,17.6466,19.9369
1696.0000,18.1041,20.1975
1697.0000,17.7936,18.9082
1698.0000,15.0535,17.2066
1699.0000,11.7359,14.6731
1700.0000,18.1918,20.3038
1701.0000,17.6719,18.1101
1702.0000,16.5449,18.9058
1703.0000,16.7129,17.1929
1704.0000,17.7402,20.3179
1705.0000,17.4002,17.8067
1706.0000,16.8726,19.0902
1707.0000,17.5264,19.2767
1708.0000,18.1491,18.7424
1709.0000,17.3381,17.7865
1710.0000,16.9657,19.0856
1711.0000,17.6133,19.5505
1712.0000,17.9534,20.0237
1713.0000,17.9349,19.4124
1714.0000,14.9139,17.0007
1715.0000,11.6044,12.7122
1716.0000,13.1170,13.5162
1717.0000,18.0728,20.1695
1718.0000,14.8876,17.0997
1719.0000,11.6746,12.1014
1720.0000,14.3948,16.4844
1721.0000,17.5339,19.2920
1722.0000,9.4032,11.5673
1723.0000,6.4351,6.7867
1724.0000,14.6132,16.6901
1725.0000,17.6679,18.0869
1726.0000,14.9160,17.1585
1727.0000,13.2730,14.6477
1728.0000,14.5366,16.5545
1729.0000,16.5194,16.9629
1730.0000,16.8358,18.9431
1731.0000,17.0218,17.4876
1732.0000,17.9760,20.1014
1733.0000,17.5063,19.5066
1734.0000,14.9874,17.1028
1735.0000,11.5377,13.4156
1736.0000,14.2107,16.3024
1737.0000,17.5308,18.0266
1738.0000,17.0209,19.1134
1739.0000,17.3188,18.6520
1740.0000,18.0404,21.2680
1741.0000,17.7185,18.1913
1742.0000,18.4594,19.0622
1743.0000,17.6091,19.2904
1744.0000,17.0441,17.4721
1745.0000,17.9873,19.7483
1746.0000,41.3757,42.2811
1747.0000,16.7422,17.4403
1748.0000,17.9973,20.2275
1749.0000,17.5796,19.2568
1750.0000,14.7485,17.1501
1751.0000,11.4891,12.8570
1752.0000,12.9341,14.9232
1753.0000,17.6426,18.7546
1754.0000,14.8292,16.9783
1755.0000,11.5034,13.3872
1756.0000,6.5987,7.7733
1757.0000,14.2675,14.7500
1758.0000,16.8932,19.0007
1759.0000,16.9237,17.3531
1760.0000,18.0851,20.0940
1761.0000,17.6986,18.1551
1762.0000,10.2969,12.6813
1763.0000,10.2159,11.9889
1764.0000,13.8437,15.9316
1765.0000,17.6952,19.6066
1766.0000,14.9239,17.1427
1767.0000,11.4084,12.5282
1768.0000,13.2389,15.2575
1769.0000,17.7128,18.1371
1770.0000,16.7681,18.9259
1771.0000,17.0212,17.5828
1772.0000,17.8745,19.8817
1773.0000,17.7360,18.2050
1774.0000,16.9459,19.0058
1775.0000,16.9321,18.1039
1776.0000,17.4599,19.0938
1777.0000,17.6604,20.0001
1778.0000,14.8690,16.9481
1779.0000,5.7442,6.3359
1780.0000,15.2589,17.3665
1781.0000,17.2011,17.6750
1782.0000,16.8708,18.9526
1783.0000,49.2387,49.6148
1784.0000,46.2864,47.9343
1785.0000,45.8491,46.6140
1786.0000,42.2922,43.0284
1787.0000,35.0411,36.0029
1788.0000,40.1213,41.0731
1789.0000,41.0909,41.7521
1790.0000,41.7689,42.5470
1791.0000,35.9460,36.6930
1792.0000,44.7252,46.3888
1793.0000,45.9918,46.5802
1794.0000,40.7023,42.3795
1795.0000,36.4148,37.1537
1796.0000,17.9265,20.2330
1797.0000,18.0829,18.6140
1798.0000,14.8627,16.9899
1799.0000,11.7137,12.1919
1800.0000,13.2373,15.3135
1801.0000,17.9358,19.0809
1802.0000,10.8747,13.0338
1803.0000,6.9353,7.2471
1804.0000,12.4516,14.5298
1805.0000,17.8911,18.3512
1806.0000,16.9733,19.2134
1807.0000,16.7576,17.2158
1808.0000,18.0885,20.3732
1809.0000,17.6998,18.1721
1810.0000,16.8794,19.0006
1811.0000,16.8807,17.3517
1812.0000,18.1106,20.2696
1813.0000,17.7893,19.1604
1814.0000,12.0037,14.2347
1815.0000,11.6568,12.0673
1816.0000,6.2815,7.1402
1817.0000,15.0523,16.1136
1818.0000,11.5240,13.6066
1819.0000,11.8014,13.0094
1820.0000,14.5020,16.8600
1821.0000,17.9393,19.1314
1822.0000,14.8724,17.1384
1823.0000,11.6401,12.1244
1824.0000,14.4640,16.5180
1825.0000,17.8875,18.9342
1826.0000,15.0951,17.6530
1827.0000,11.6921,12.1449
1828.0000,14.5124,16.6797
1829.0000,17.7589,18.2380
1830.0000,16.9408,19.0328
1831.0000,17.8591,19.3062
1832.0000,17.9921,20.0416
1833.0000,18.0503,18.5697
1834.0000,15.1819,17.6715
1835.0000,11.6308,12.0767
1836.0000,13.9466,16.8482
1837.0000,16.8154,18.3178
1838.0000,17.4418,19.0183
1839.0000,49.8098,50.4380
1840.0000,43.3205,44.2265
1841.0000,45.6786,46.3680
1842.0000,40.5087,42.3117
1843.0000,33.4963,34.1977
1844.0000,18.3260,20.8506
1845.0000,18.0580,18.5030
1846.0000,16.8714,19.0260
1847.0000,17.0135,18.2201
1848.0000,18.1129,20.1448
1849.0000,31.8764,33.7898
1850.0000,16.9164,19.1505
1851.0000,17.7657,19.5246
1852.0000,47.6051,49.6862
1853.0000,43.7023,44.5151
1854.0000,41.0865,41.9091
1855.0000,36.2281,36.9211
1856.0000,17.9984,20.1863
1857.0000,17.4421,17.9506
1858.0000,16.9153,19.2027
1859.0000,16.9319,18.0769
1860.0000,18.0248,20.0651
1861.0000,17.7958,18.9532
1862.0000,14.8683,17.3640
1863.0000,11.7348,12.8924
1864.0000,14.1820,16.2315
1865.0000,17.8988,19.5161
1866.0000,14.7916,16.9696
1867.0000,11.4926,12.0143
1868.0000,14.5602,16.7639
1869.0000,17.5228,18.0039
1870.0000,16.8809,19.0735
1871.0000,16.7052,17.2078
1872.0000,17.8357,19.9924
1873.0000,17.5843,18.0438
1874.0000,17.6703,18.1725
1875.0000,7.2339,7.4984
1876.0000,5.9317,6.9980
1877.0000,14.8456,15.9494
1878.0000,33.0633,35.4261
1879.0000,17.8777,19.6043
1880.0000,18.3743,20.4452
1881.0000,17.8140,18.2871
1882.0000,12.1404,14.2589
1883.0000,6.4804,6.7611
1884.0000,14.5461,16.6100
1885.0000,18.1715,18.5918
1886.0000,14.8915,17.1643
1887.0000,11.5371,12.0173
1888.0000,14.1100,16.2356
1889.0000,17.5545,19.5113
1890.0000,14.8005,17.1421
1891.0000,6.1522,6.4500
1892.0000,13.3464,15.3833
1893.0000,17.2641,17.7143
1894.0000,16.9501,19.2668
1895.0000,17.0184,17.4490
1896.0000,17.7669,19.8033
1897.0000,18.0421,19.2097
1898.0000,14.8594,17.2651
1899.0000,11.5529,12.6807
1900.0000,14.5329,16.8576
1901.0000,17.7237,18.8630
1902.0000,16.5150,18.5091
1903.0000,46.7518,48.4500
1904.0000,46.7708,48.5030
1905.0000,43.3368,44.2570
1906.0000,41.2368,42.0478
1907.0000,34.6875,35.4588
1908.0000,18.0871,20.3261
1909.0000,17.6007,18.7243
1910.0000,14.9348,17.0749
1911.0000,11.6532,13.3733
1912.0000,13.1263,14.6093
1913.0000,17.7606,19.8789
1914.0000,39.3798,40.1300
1915.0000,38.0931,38.8156
1916.0000,38.1384,39.0314
1917.0000,39.6949,40.4132
1918.0000,42.0845,42.8269
1919.0000,33.8786,34.5525
1920.0000,46.1939,47.7964
1921.0000,45.7451,46.4485
1922.0000,40.8139,43.3729
1923.0000,34.6198,35.0931
1924.0000,17.8369,19.9904
1925.0000,17.6477,18.0965
1926.0000,16.9848,19.1001
1927.0000,16.6919,17.8047
1928.0000,18.0593,18.5954
1929.0000,17.5584,19.4860
1930.0000,14.8064,17.0229
1931.0000,11.6484,12.0621
1932.0000,12.4144,12.9728
1933.0000,21.9877,22.4043
1934.0000,16.2836,19.7277
1935.0000,17.1221,17.6520
1936.0000,18.0260,18.5411
1937.0000,17.3422,17.8164
1938.0000,16.9772,19.1437
1939.0000,17.0867,17.5473
1940.0000,18.0683,18.5947
1941.0000,17.7733,19.5842
1942.0000,14.8216,16.9028
1943.0000,11.5518,13.2386
1944.0000,13.1653,15.2099
1945.0000,17.7636,18.9064
1946.0000,15.0847,17.2629
1947.0000,11.7209,13.1840
1948.0000,13.3831,15.4204
1949.0000,17.8393,18.3088
1950.0000,17.0930,19.2379
1951.0000,16.9474,17.2636
1952.0000,18.2470,20.2903
1953.0000,17.7282,19.5445
1954.0000,15.0483,17.1244
1955.0000,11.6602,12.8175
1956.0000,13.5380,15.5409
1957.0000,17.7437,20.0390
1958.0000,17.3717,18.9401
1959.0000,48.6683,51.6664
1960.0000,41.8212,42.7599
1961.0000,44.6806,45.4584
1962.0000,36.8283,39.1307
1963.0000,39.7789,40.4129
1964.0000,39.3152,41.0887
1965.0000,38.4033,39.1104
1966.0000,42.3844,43.1710
1967.0000,33.9748,34.6764
1968.0000,17.7935,19.9586
1969.0000,17.6286,18.0891
1970.0000,16.9506,19.1122
1971.0000,16.9897,17.5327
1972.0000,17.9570,19.9721
1973.0000,18.1314,18.5869
1974.0000,14.8985,16.9351
1975.0000,11.6226,12.0872
1976.0000,13.4744,15.5188
1977.0000,17.8292,18.2633
1978.0000,16.7361,19.2429
1979.0000,16.7974,17.2466
1980.0000,18.0531,20.4019
1981.0000,17.5342,17.9820
1982.0000,12.8449,15.0383
1983.0000,6.0882,6.3335
1984.0000,14.2454,16.2984
1985.0000,17.9322,18.4050
1986.0000,17.0558,19.1620
1987.0000,16.9781,17.4565
1988.0000,18.1720,20.2272
1989.0000,17.6347,18.1103
1990.0000,17.0179,19.1151
1991.0000,16.8377,17.3068
1992.0000,16.8984,17.2794
1993.0000,46.1242,46.6183
1994.0000,42.2785,43.1139
1995.0000,36.8284,37.3410
1996.0000,17.7614,20.0755
1997.0000,17.9661,19.6203
1998.0000,17.4931,19.0383
1999.0000,16.8013,17.2406
2000.0000,39.0986,41.3880
2001.0000,15.7392,17.4196
2002.0000,17.8841,18.4121
2003.0000,16.6626,17.1016
2004.0000,46.1251,48.2786
2005.0000,43.5761,44.4690
2006.0000,41.5733,42.2586
2007.0000,35.3735,36.1926
2008.0000,35.4497,36.2808
2009.0000,40.2629,40.9792
2010.0000,41.7754,42.4544
2011.0000,32.0316,32.8446
2012.0000,17.8211,19.8306
2013.0000,17.5590,19.1672
2014.0000,14.8593,17.1036
2015.0000,11.7812,14.4158
2016.0000,17.7656,19.8059
2017.0000,17.7237,19.5300
2018.0000,17.7971,18.3688
2019.0000,50.4227,52.1924
2020.0000,41.7449,42.6132
2021.0000,46.1710,46.8207
2022.0000,42.5596,43.3192
2023.0000,35.2577,35.9089
2024.0000,44.3454,45.1355
2025.0000,42.6633,43.5035
2026.0000,42.3949,43.0915
2027.0000,18.0113,19.3439
2028.0000,42.2364,43.5367
2029.0000,44.6674,45.5388
2030.0000,41.3411,42.2519
2031.0000,34.8553,35.5322
2032.0000,46.5553,47.2692
2033.0000,44.9837,45.7570
2034.0000,40.3361,42.0477
2035.0000,35.0509,35.7725
2036.0000,46.2314,47.1374
2037.0000,45.8589,46.5430
2038.0000,41.7868,42.6185
2039.0000,35.3984,36.1156
2040.0000,43.3990,44.1360
2041.0000,45.2927,45.9697
2042.0000,41.7819,42.3653
2043.0000,32.8156,33.3115
2044.0000,46.6671,47.3986
2045.0000,45.9814,46.6516
2046.0000,41.2106,41.9234
2047.0000,35.5224,36.2862
2048.0000,42.0405,42.8308
2049.0000,45.0902,45.7387
2050.0000,41.7654,42.5805
2051.0000,35.2332,35.8881
2052.0000,39.8919,40.6805
2053.0000,16.6890,20.8998
2054.0000,16.4453,19.7663
2055.0000,17.9927,20.0172
2056.0000,45.6754,47.8635
2057.0000,44.4460,45.1669
2058.0000,41.8149,43.6060
2059.0000,35.6124,36.4077
2060.0000,44.9167,46.6186
2061.0000,46.6251,47.2383
2062.0000,41.4633,43.1723
2063.0000,35.5476,36.3366
2064.0000,43.2580,44.1418
2065.0000,45.3362,45.9808
2066.0000,41.7527,42.5990
2067.0000,34.9295,35.7404
2068.0000,45.6669,46.5915
2069.0000,45.6479,46.2665
2070.0000,35.9562,36.6681
2071.0000,16.9152,17.9965
2072.0000,17.9818,20.0789
2073.0000,17.8948,19.2269
2074.0000,14.8649,17.0287
2075.0000,11.7046,12.1684
2076.0000,14.1522,16.2322
2077.0000,17.9921,20.3062
2078.0000,15.0248,17.1958
2079.0000,11.5807,12.0942
2080.0000,13.3232,15.3145
2081.0000,17.8399,19.4293
2082.0000,14.9166,17.0227
2083.0000,11.4386,12.6057
2084.0000,14.4106,16.4949
2085.0000,17.7709,18.2309
2086.0000,16.9084,19.0355
2087.0000,17.0925,18.1776
2088.0000,18.4377,20.4751
2089.0000,17.6989,18.1976
2090.0000,16.9119,18.9994
2091.0000,17.8490,19.5208
2092.0000,18.2170,20.2850
2093.0000,17.6826,18.1687
2094.0000,16.8906,19.0800
2095.0000,17.6904,19.4191
2096.0000,18.1889,20.2272
2097.0000,17.6840,18.2036
2098.0000,17.0056,19.0905
2099.0000,16.9732,17.4736
2100.0000,17.8629,20.0573
2101.0000,17.7721,18.1905
2102.0000,16.6669,19.1058
2103.0000,36.1622,36.5100
2104.0000,44.5686,46.6810
2105.0000,44.8206,45.5294
2106.0000,40.8954,41.7272
2107.0000,36.7741,37.4909
2108.0000,18.4751,21.1455
2109.0000,17.8504,19.3440
2110.0000,15.0491,17.3617
2111.0000,11.7679,12.9324
2112.0000,14.2966,16.3507
2113.0000,17.6988,19.4422
2114.0000,15.0083,17.6905
2115.0000,11.7309,12.8138
2116.0000,14.1141,16.3012
2117.0000,17.8234,19.0029
2118.0000,14.7107,17.1069
2119.0000,11.5544,12.0242
2120.0000,14.1300,16.1437
2121.0000,17.2771,17.7263
2122.0000,16.9420,19.0215
2123.0000,17.9495,19.6544
2124.0000,17.8080,19.8854
2125.0000,17.3715,17.7927
2126.0000,17.0062,19.1065
2127.0000,16.9017,17.3202
2128.0000,17.9497,20.0860
2129.0000,17.3702,17.8175
2130.0000,16.6291,19.1812
2131.0000,16.8291,17.2624
2132.0000,17.4772,19.6128
2133.0000,17.9806,18.3825
2134.0000,16.7858,19.1994
2135.0000,16.9029,17.3712
2136.0000,17.9973,20.1557
2137.0000,17.1966,17.6671
2138.0000,17.0268,19.1937
2139.0000,16.7088,17.1543
2140.0000,17.7423,19.7859
2141.0000,17.9552,18.4470
2142.0000,17.0035,19.2072
2143.0000,16.9241,17.3425
2144.0000,18.1093,18.6470
2145.0000,17.6064,18.0725
2146.0000,16.9353,19.0391
2147.0000,16.6601,17.7579
2148.0000,18.0594,20.1266
2149.0000,17.9851,19.1149
2150.0000,14.7437,16.8446
2151.0000,11.6836,12.1551
2152.0000,13.2831,15.3406
2153.0000,17.7925,19.3742
2154.0000,14.8473,17.1355
2155.0000,11.5607,13.3766
2156.0000,14.4533,16.7474
2157.0000,17.5902,20.3725
2158.0000,14.7459,16.8788
2159.0000,11.6165,12.1137
2160.0000,14.3891,16.4791
2161.0000,17.1618,17.5748
2162.0000,16.9032,19.1388
2163.0000,36.6561,36.9898
2164.0000,41.9036,43.7097
2165.0000,45.9565,46.6453
2166.0000,40.9756,41.9557
2167.0000,36.9524,37.5878
2168.0000,17.8954,20.0800
2169.0000,17.9235,19.5480
2170.0000,14.8778,16.9910
2171.0000,11.4282,12.6271
2172.0000,13.1515,15.2159
2173.0000,15.9961,16.8896
2174.0000,14.9682,17.0582
2175.0000,12.4837,14.8639
2176.0000,18.1134,20.4897
2177.0000,18.2733,18.8056
2178.0000,15.0382,17.2207
2179.0000,11.7468,12.2153
2180.0000,14.4741,16.6025
2181.0000,17.6610,18.0348
2182.0000,17.0753,19.1586
2183.0000,16.7568,17.2164
2184.0000,18.1611,20.3556
2185.0000,17.8603,18.3147
2186.0000,17.0252,19.1697
2187.0000,16.7207,17.1779
2188.0000,17.8961,20.0935
2189.0000,17.7329,18.1634
2190.0000,16.9945,19.1456
2191.0000,16.7901,17.9498
2192.0000,17.8295,20.2647
2193.0000,17.3619,17.7983
2194.0000,16.7809,19.1661
2195.0000,16.8189,17.2888
2196.0000,17.9029,19.9733
2197.0000,18.0174,20.0980
2198.0000,14.8033,17.0157
2199.0000,11.7804,12.3105
2200.0000,13.3768,15.3851
2201.0000,17.6407,19.4017
2202.0000,14.9671,17.2269
2203.0000,11.7181,12.1856
2204.0000,14.2840,16.3291
2205.0000,17.7371,19.5506
2206.0000,14.8322,17.0028
2207.0000,11.5898,12.0288
2208.0000,13.1821,15.2298
2209.0000,17.9076,18.3415
2210.0000,16.9432,19.0282
2211.0000,16.9150,17.3971
2212.0000,18.1288,20.1436
2213.0000,18.3024,19.4262
2214.0000,14.8445,16.9503
2215.0000,11.5491,12.0259
2216.0000,13.2030,15.2366
2217.0000,17.5184,17.9801
2218.0000,16.9768,19.0747
2219.0000,16.8816,17.3271
2220.0000,17.9036,19.9664
2221.0000,17.8160,19.0250
2222.0000,15.0047,17.2274
2223.0000,6.5896,7.2024
2224.0000,14.3329,16.4139
2225.0000,17.7241,18.1462
2226.0000,16.9643,19.1065
2227.0000,16.9625,18.0587
2228.0000,17.8980,19.9286
2229.0000,17.9249,19.5344
2230.0000,14.8412,16.9753
2231.0000,11.6295,12.8797
2232.0000,13.1777,15.2359
2233.0000,17.5356,19.5785
2234.0000,15.0309,17.1452
2235.0000,11.5924,12.0639
2236.0000,12.5778,13.1308
2237.0000,17.5001,18.0081
2238.0000,16.9893,19.1218
2239.0000,16.7926,17.2809
2240.0000,18.0076,20.1502
2241.0000,17.8370,18.3203
2242.0000,16.8931,19.0846
2243.0000,16.7690,17.2212
2244.0000,18.0952,20.1637
2245.0000,17.5381,17.9849
2246.0000,16.9761,19.1363
2247.0000,16.8405,17.3591
2248.0000,18.0674,20.1419
2249.0000,17.6970,19.5166
2250.0000,14.9131,17.0515
2251.0000,11.6143,12.0853
2252.0000,14.5068,16.5608
2253.0000,17.7783,18.1818
2254.0000,17.8671,18.4102
2255.0000,40.1593,40.6819
2256.0000,37.2139,38.9109
2257.0000,16.6436,17.0670
2258.0000,16.8653,19.0423
2259.0000,17.5592,19.6304
2260.0000,17.8347,20.0027
2261.0000,17.8351,19.5531
2262.0000,14.8083,16.9935
2263.0000,11.5833,12.0477
2264.0000,13.4361,15.4485
2265.0000,17.8498,19.5776
2266.0000,14.8715,16.9871
2267.0000,11.7018,12.2029
2268.0000,14.1829,16.2605
2269.0000,17.9442,18.4173
2270.0000,16.9823,19.0918
2271.0000,16.9817,18.0644
2272.0000,17.9507,20.2663
2273.0000,17.6197,18.7414
2274.0000,14.7892,17.1201
2275.0000,11.6992,13.0819
2276.0000,14.5067,16.6098
2277.0000,17.8510,19.0480
2278.0000,14.8680,17.1345
2279.0000,11.6986,12.1469
2280.0000,14.4093,16.4912
2281.0000,17.5025,17.9806
2282.0000,16.7813,19.0294
2283.0000,44.8335,45.1573
2284.0000,30.5819,31.3497
2285.0000,44.3045,45.0818
2286.0000,42.6820,43.4638
2287.0000,16.8981,17.6014
2288.0000,17.7161,19.7414
2289.0000,17.5949,18.0510
2290.0000,16.9726,19.1478
2291.0000,16.7508,17.2171
2292.0000,17.8991,20.0719
2293.0000,13.9810,15.5314
2294.0000,13.5284,15.6447
2295.0000,12.0245,14.0052
2296.0000,18.2106,20.3825
2297.0000,17.7195,18.1889
2298.0000,17.0119,19.1348
2299.0000,16.7480,17.1798
2300.0000,18.2548,18.7928
2301.0000,17.5824,18.0467
2302.0000,17.0479,19.1376
2303.0000,16.8882,17.3553
2304.0000,18.1037,20.2326
2305.0000,17.7769,18.8872
2306.0000,14.9505,17.0767
2307.0000,11.7051,12.1662
2308.0000,13.2487,15.2674
2309.0000,17.3476,17.7854
2310.0000,16.9541,19.1290
2311.0000,17.9566,19.6455
2312.0000,17.8534,18.3930
2313.0000,17.5134,19.6332
2314.0000,15.0069,17.2376
2315.0000,11.5874,12.6620
2316.0000,14.2415,16.3135
2317.0000,17.9002,19.9692
2318.0000,14.7433,16.9317
2319.0000,11.7913,12.9170
2320.0000,11.0323,11.4292
2321.0000,18.4918,18.9302
2322.0000,14.9761,17.1522
2323.0000,11.7080,13.1893
2324.0000,14.3047,16.3753
2325.0000,17.8706,19.5437
2326.0000,14.9920,17.1073
2327.0000,11.5485,12.0325
2328.0000,14.2093,16.3025
2329.0000,18.0456,19.2109
2330.0000,15.0156,17.1425
2331.0000,11.6535,13.5798
2332.0000,14.5613,16.6820
2333.0000,17.7711,18.8858
2334.0000,14.7815,16.8712
2335.0000,11.6451,12.7479
2336.0000,14.4034,16.4974
2337.0000,17.8351,18.2706
2338.0000,17.0372,19.1287
2339.0000,17.6479,19.6427
2340.0000,17.8785,20.3261
2341.0000,17.7441,18.8830
2342.0000,14.8408,16.8988
2343.0000,6.1657,6.5363
2344.0000,13.2813,15.2829
2345.0000,17.7241,18.1272
2346.0000,16.8507,19.0601
2347.0000,16.8422,17.3057
2348.0000,17.9707,20.0166
2349.0000,17.6819,18.1402
2350.0000,41.5201,42.9333
2351.0000,36.1982,36.8911
2352.0000,45.3999,47.1722
2353.0000,43.6780,44.3686
2354.0000,41.4563,43.1993
2355.0000,33.8055,34.5338
2356.0000,17.8758,20.1969
2357.0000,17.9901,18.5191
2358.0000,16.9505,19.0382
2359.0000,17.0236,17.4832
2360.0000,17.9886,20.0885
2361.0000,17.5736,18.0664
2362.0000,17.0124,19.0748
2363.0000,16.6317,17.7689
2364.0000,18.1518,20.2463
2365.0000,17.7341,18.2270
2366.0000,17.0862,19.1926
2367.0000,16.8869,17.4135
2368.0000,18.1932,20.2548
2369.0000,17.8073,18.9490
2370.0000,14.8941,17.0239
2371.0000,11.6552,12.1232
2372.0000,14.3666,16.4394
2373.0000,17.6112,18.0980
2374.0000,16.5309,19.1824
2375.0000,17.9055,19.6517
2376.0000,18.1995,20.2706
2377.0000,17.5033,19.6899
2378.0000,15.1365,17.2502
2379.0000,11.6706,12.1226
2380.0000,13.1441,15.1527
2381.0000,17.7659,18.3405
2382.0000,17.0393,19.1315
2383.0000,17.0136,17.4895
2384.0000,18.1896,20.2192
2385.0000,17.7794,19.5546
2386.0000,14.9853,17.4536
2387.0000,11.6189,13.1744
2388.0000,14.3529,16.3639
2389.0000,17.8412,18.2565
2390.0000,16.9521,19.0456
2391.0000,16.7961,17.2034
2392.0000,18.2001,20.3738
2393.0000,17.9581,18.4440
2394.0000,16.7830,19.0318
2395.0000,16.8714,17.9881
2396.0000,17.9173,20.0249
2397.0000,17.8942,18.4148
2398.0000,16.9507,19.0540
2399.0000,17.0720,17.5347
2400.0000,18.0272,20.0876
2401.0000,17.7297,18.8591
2402.0000,15.0560,17.2611
2403.0000,6.4782,6.7176
2404.0000,14.1207,16.1697
2405.0000,17.8011,18.2815
2406.0000,16.9147,19.1339
2407.0000,17.9609,19.5089
2408.0000,17.9793,20.0325
2409.0000,18.0099,19.1788
2410.0000,15.0127,17.1420
2411.0000,11.5226,13.3157
2412.0000,14.5023,16.7860
2413.0000,19.6989,20.1178
2414.0000,14.9039,17.1926
2415.0000,11.9958,12.5489
2416.0000,13.4309,15.4688
2417.0000,17.6115,18.1311
2418.0000,16.6503,19.1260
2419.0000,16.7815,17.2357
2420.0000,18.1969,20.2559
2421.0000,17.9239,18.4003
2422.0000,16.9421,19.0963
2423.0000,16.7234,17.1470
2424.0000,18.0969,20.3682
2425.0000,18.0091,19.2495
2426.0000,14.9809,17.0745
2427.0000,11.5835,13.3901
2428.0000,14.5931,17.3758
2429.0000,18.4208,19.5715
2430.0000,14.9646,17.0745
2431.0000,11.6657,12.1242
2432.0000,13.2689,15.3059
2433.0000,17.8535,18.9916
2434.0000,15.0372,17.1158
2435.0000,11.7565,12.2403
2436.0000,14.3890,16.5389
2437.0000,17.9655,20.2224
2438.0000,17.3186,18.8251
2439.0000,49.3492,50.5046
2440.0000,41.9017,45.1033
2441.0000,45.9167,46.5611
2442.0000,40.6451,41.8860
2443.0000,37.4606,38.1505
2444.0000,17.8936,20.0977
2445.0000,17.9498,19.6941
2446.0000,15.0041,17.1626
2447.0000,11.5672,12.6815
2448.0000,13.1219,15.1705
2449.0000,17.2800,17.7129
2450.0000,16.9650,19.0575
2451.0000,16.9816,17.4042
2452.0000,18.0534,20.2655
2453.0000,17.9154,18.3626
2454.0000,16.9005,19.1859
2455.0000,17.0910,18.2059
2456.0000,18.0721,20.2450
2457.0000,17.9854,19.5363
2458.0000,14.9240,17.0228
2459.0000,11.8291,13.0627
2460.0000,14.5135,16.6321
2461.0000,17.8879,18.3313
2462.0000,16.9934,19.0653
2463.0000,46.1255,46.4445
2464.0000,47.5425,49.1284
2465.0000,44.2801,44.9701
2466.0000,42.0593,42.8601
2467.0000,17.8966,19.5305
2468.0000,18.0807,20.4527
2469.0000,20.8190,21.2643
2470.0000,14.7712,16.8987
2471.0000,11.4572,12.5669
2472.0000,14.0995,16.1357
2473.0000,17.4155,19.1324
2474.0000,14.8751,16.9410
2475.0000,11.6366,12.1246
2476.0000,13.2232,15.2469
2477.0000,17.6158,18.0556
2478.0000,17.8988,18.4518
2479.0000,16.8716,17.3094
2480.0000,45.9119,48.0561
2481.0000,45.8363,46.5675
2482.0000,31.1759,33.5128
2483.0000,13.0785,13.6719
2484.0000,13.2548,15.2509
2485.0000,17.9973,18.4536
2486.0000,16.8547,19.3154
2487.0000,16.7147,17.1783
2488.0000,17.8998,19.9775
2489.0000,17.7766,19.7630
2490.0000,14.8820,16.9782
2491.0000,11.6809,12.2099
2492.0000,13.3572,15.3925
2493.0000,17.9018,18.3662
2494.0000,17.1181,19.2685
2495.0000,16.8793,17.3417
2496.0000,18.1844,20.2737
2497.0000,17.6281,18.0774
2498.0000,16.7194,18.8955
2499.0000,16.9810,17.4524
2500.0000,17.8740,19.9793
2501.0000,17.7041,18.1623
2502.0000,16.9858,19.1102
2503.0000,16.6349,17.0836
2504.0000,18.0476,20.1021
2505.0000,18.0993,18.5418
2506.0000,17.0510,19.1911
2507.0000,17.0041,17.4555
2508.0000,18.1673,20.2477
2509.0000,17.7480,19.7499
2510.0000,13.7663,16.5585
2511.0000,12.9361,14.0264
2512.0000,18.1435,20.2828
2513.0000,18.2063,19.3499
2514.0000,14.7722,16.8153
2515.0000,11.5374,11.9592
2516.0000,14.1369,16.5054
2517.0000,17.7104,19.4730
2518.0000,14.7955,16.9634
2519.0000,11.4913,13.5449
2520.0000,13.7822,15.8189
2521.0000,20.0094,21.0865
2522.0000,18.0791,18.6151
2523.0000,45.6855,45.9951
2524.0000,49.7926,50.5906
2525.0000,19.5880,20.0454
2526.0000,17.8979,18.4585
2527.0000,15.9572,16.3687
2528.0000,42.4718,43.6955
2529.0000,18.8355,19.5141
2530.0000,18.1948,18.6018
2531.0000,20.2846,22.0388
2532.0000,17.9559,20.4185
2533.0000,20.5990,20.9718
2534.0000,8.5665,10.6485
2535.0000,10.6395,11.0948
2536.0000,13.3559,15.3947
2537.0000,17.7316,18.1508
2538.0000,17.2002,19.3557
2539.0000,16.9288,17.3773
2540.0000,18.0618,20.0904
2541.0000,17.5993,19.2939
2542.0000,15.1049,17.3019
2543.0000,11.7134,12.1782
2544.0000,12.1280,12.5205
2545.0000,17.7160,18.1791
2546.0000,38.7774,40.1202
2547.0000,36.9265,38.2416
2548.0000,39.5271,40.2909
2549.0000,39.7890,40.4195
2550.0000,42.2052,42.8713
2551.0000,36.1606,36.9158
2552.0000,17.4765,19.8766
2553.0000,17.3403,17.7699
2554.0000,17.2061,18.9003
2555.0000,16.6428,17.0826
2556.0000,46.6112,48.7243
2557.0000,44.5949,45.3759
2558.0000,41.9640,42.7761
2559.0000,32.4014,33.0881
2560.0000,17.8863,19.9755
2561.0000,17.8022,18.2245
2562.0000,5.2817,5.4985
2563.0000,5.3903,5.5394
2564.0000,10.1280,11.1360
2565.0000,19.9472,20.2227
2566.0000,20.1544,20.4228
2567.0000,8.7667,9.8683
2568.0000,8.7513,8.9419
2569.0000,13.5617,13.8183
2570.0000,13.3284,15.2854
2571.0000,12.8554,13.0808
2572.0000,8.1829,8.3491
2573.0000,5.3630,6.5828
2574.0000,14.3849,16.8941
2575.0000,24.3615,24.8166
2576.0000,11.3388,11.5009
2577.0000,10.1340,10.3659
2578.0000,6.8218,7.0004
2579.0000,13.2652,14.4097
2580.0000,24.1561,24.6325
2581.0000,16.6175,16.9196
2582.0000,42.6972,42.9847
2583.0000,75.5495,75.7480
2584.0000,3.9768,4.5360
2585.0000,4.4392,4.5570
2586.0000,8.6491,44.8530
2587.0000,21.2961,22.5730
2588.0000,88.9943,89.1718
2589.0000,7.6301,7.7875
2590.0000,4.1499,4.3665
2591.0000,7.6228,7.8239
2592.0000,7.4994,7.6266
2593.0000,8.1276,8.3179
2594.0000,6.2173,6.3551
2595.0000,212.1419,212.3382
2596.0000,6.7284,6.8529
2597.0000,16.4904,16.6784
2598.0000,12.0070,12.2921
2599.0000,53.3530,54.8609
2600.0000,46.8884,47.0594
2601.0000,6.8468,7.1024
2602.0000,10.6089,10.7854
2603.0000,6.1085,6.7714
2604.0000,19.0325,19.1758
2605.0000,9.3435,9.4713
2606.0000,23.2986,30.4255
2607.0000,15.5999,19.4075
2608.0000,10.2031,10.4439
2609.0000,7.8154,7.9516
2610.0000,6.3400,8.7185
2611.0000,11.4280,11.6562
2612.0000,12.3969,12.5213
2613.0000,10.7347,11.9329
2614.0000,13.5259,13.8004
2615.0000,13.0254,13.2396
2616.0000,19.6452,21.5959
2617.0000,16.5776,16.8549
2618.0000,19.1323,19.3646
2619.0000,43.1069,44.6697
2620.0000,18.6921,19.0613
2621.0000,25.9234,26.1089
2622.0000,16.0067,17.5048
2623.0000,27.4494,27.9851
2624.0000,36.8832,37.1446
2625.0000,25.9873,26.5294
2626.0000,6.3209,7.3293
2627.0000,18.1713,19.8209
2628.0000,18.0830,19.0417
2629.0000,38.0483,38.5517
2630.0000,31.5272,31.7299
2631.0000,28.0843,28.3122
2632.0000,33.4978,33.7507
2633.0000,32.6845,33.3927
2634.0000,17.3139,17.5616
2635.0000,40.4578,40.6657
2636.0000,23.8677,24.1861
2637.0000,15.9412,16.2540
2638.0000,36.8624,37.1477
2639.0000,9.4984,10.3084
2640.0000,19.9767,20.2024
2641.0000,16.9848,17.6892
2642.0000,4.2707,4.4095
2643.0000,4.7686,5.7352
2644.0000,6.1519,6.3128
2645.0000,15.6796,16.2449
2646.0000,14.4903,14.7607
2647.0000,20.9763,21.2540
2648.0000,18.1571,18.4736
2649.0000,18.3617,19.0704
2650.0000,15.3485,15.5980
2651.0000,18.6693,18.9862
2652.0000,16.2147,17.1483
2653.0000,14.0021,14.4249
2654.0000,22.5012,22.7427
2655.0000,10.7578,11.8551
2656.0000,42.8389,43.0598
2657.0000,35.4205,35.6663
2658.0000,19.7878,20.1361
2659.0000,41.5856,41.8207
2660.0000,44.9101,45.2257
2661.0000,31.5194,31.9138
2662.0000,20.5456,24.2620
2663.0000,16.4512,16.7741
2664.0000,20.0951,20.4475
2665.0000,46.1237,46.3887
2666.0000,43.5715,44.7038
2667.0000,45.3892,45.7665
2668.0000,40.7036,42.4910
2669.0000,16.5796,16.8718
2670.0000,17.9988,21.2801
2671.0000,37.5259,38.9406
2672.0000,42.3473,44.0123
2673.0000,31.6177,32.0161
2674.0000,46.6792,47.0883
2675.0000,28.5847,29.0131
2676.0000,6.2909,7.6036
2677.0000,11.5332,14.9574
2678.0000,20.6772,22.5863
2679.0000,18.1817,18.5215
2680.0000,18.4758,18.7878
2681.0000,18.4063,18.6775
2682.0000,43.7322,45.7488
2683.0000,45.7751,46.0993
2684.0000,29.3843,29.6668
2685.0000,31.3202,31.6547
2686.0000,17.8646,18.1642
2687.0000,35.6459,37.5683
2688.0000,42.9791,43.4404
2689.0000,35.8728,36.3109
2690.0000,43.1922,43.6711
2691.0000,44.7977,45.0659
2692.0000,38.7581,41.0559
2693.0000,37.6315,38.0671
2694.0000,42.2724,44.3095
2695.0000,24.5597,24.8356
2696.0000,16.3919,19.5581
2697.0000,16.6344,16.8597
2698.0000,17.2242,17.4683
2699.0000,17.4627,17.7450
2700.0000,12.1577,14.4728
2701.0000,13.6870,2914.5130
2702.0000,4.4824,2419.0012
2703.0000,2.8045,1921.8097
2704.0000,3.0007,1424.8136
2705.0000,2.9292,927.7462
2706.0000,2.6875,430.4373
2707.0000,3.4051,3.5208
2708.0000,10.6842,12.6301
2709.0000,22.9616,23.1083
2710.0000,4.4301,5.0102
2711.0000,26.3818,27.0739
2712.0000,27.9464,28.1522
2713.0000,17.6682,18.9813
2714.0000,14.1863,14.3365
2715.0000,8.1714,9.0852
2716.0000,6.9410,8.4901
2717.0000,15.5284,17.0988
2718.0000,6.9789,7.1162
2719.0000,15.3070,15.5240
2720.0000,20.7281,21.0197
2721.0000,22.4692,22.7430
2722.0000,43.1544,43.8296
2723.0000,32.3467,32.6909
2724.0000,39.8903,40.4786
2725.0000,40.5795,40.9369
2726.0000,37.6973,37.9568
2727.0000,50.9682,51.3188
2728.0000,45.7712,46.2391
2729.0000,25.4762,25.6983
2730.0000,16.6588,16.8312
2731.0000,14.7631,15.0219
2732.0000,21.0434,22.3340
2733.0000,17.6339,17.8804
2734.0000,10.2345,11.8221
2735.0000,10.6068,12.0921
2736.0000,11.9796,12.2990
2737.0000,21.0841,21.3690
2738.0000,12.6975,12.9229
2739.0000,14.7871,15.1102
2740.0000,22.6843,22.8719
2741.0000,6.6255,6.7809
2742.0000,40.0566,40.2743
2743.0000,8.2792,8.4822
2744.0000,12.8520,15.4462
2745.0000,11.2998,11.6045
2746.0000,14.1441,14.3561
2747.0000,8.3483,8.7045
2748.0000,7.3365,7.8532
2749.0000,7.6247,7.7649
2750.0000,8.7567,8.9803
2751.0000,10.7862,11.1892
2752.0000,5.1726,5.3575
2753.0000,4.4368,4.5471
2754.0000,17.9412,19.6394
2755.0000,18.0719,21.2404
2756.0000,34.6769,36.8460
2757.0000,17.7811,20.3153
2758.0000,17.2152,19.1645
2759.0000,17.1844,17.4623
2760.0000,41.0410,41.4104
2761.0000,38.6691,39.3652
2762.0000,16.9781,18.5746
2763.0000,36.4809,36.8755
2764.0000,14.9363,15.3068
2765.0000,18.1442,21.5112
2766.0000,17.3798,17.7826
2767.0000,15.6148,18.4203
2768.0000,34.5156,36.6210
2769.0000,41.6715,42.3375
2770.0000,39.3058,39.9015
2771.0000,36.6294,37.4240
2772.0000,11.5763,13.1953
2773.0000,13.6209,14.0290
2774.0000,15.1434,17.2487
2775.0000,11.5946,12.0606
2776.0000,12.2542,12.7196
2777.0000,14.3716,14.7162
2778.0000,12.6367,12.9830
2779.0000,15.1390,19.0923
2780.0000,18.1168,20.2402
2781.0000,17.3853,17.8045
2782.0000,16.5408,19.0116
2783.0000,17.6526,20.1857
2784.0000,18.2007,20.3204
2785.0000,17.7428,19.5250
2786.0000,14.8204,16.9971
2787.0000,11.5964,12.0900
2788.0000,13.0657,15.1718
2789.0000,17.2101,17.6626
2790.0000,16.7168,18.8742
2791.0000,16.6681,17.1246
2792.0000,18.1034,20.5998
2793.0000,17.7021,18.1815
2794.0000,17.8691,18.4524
2795.0000,16.7207,17.0942
2796.0000,45.0882,48.3224
2797.0000,43.2469,44.1454
2798.0000,41.5973,42.4690
2799.0000,35.2756,36.0421
2800.0000,45.0688,46.8119
2801.0000,45.8405,46.5633
2802.0000,17.0204,19.3027
2803.0000,44.7220,45.1270
2804.0000,34.8770,36.5454
2805.0000,42.5765,43.2924
2806.0000,16.9971,19.2284
2807.0000,16.8752,17.3461
2808.0000,45.0504,48.1892
2809.0000,42.9016,43.5912
2810.0000,41.7508,42.7239
2811.0000,37.1991,37.9499
2812.0000,39.5573,40.4110
2813.0000,17.0407,18.8498
2814.0000,14.8106,17.0457
2815.0000,11.5554,13.1310
2816.0000,12.7723,14.5441
2817.0000,17.4183,17.8123
2818.0000,16.4163,19.4368
2819.0000,16.8255,17.3135
2820.0000,18.1351,20.2930
2821.0000,17.8735,18.4070
2822.0000,16.8691,19.0523
2823.0000,17.2938,18.6933
2824.0000,18.0331,20.2066
2825.0000,17.5235,17.9947
2826.0000,17.0482,19.1138
2827.0000,16.6828,17.1530
2828.0000,16.9403,18.5912
2829.0000,17.7616,18.2419
2830.0000,16.9260,19.0184
2831.0000,16.7033,17.1719
2832.0000,17.0102,20.2931
2833.0000,17.4143,19.7329
2834.0000,15.0086,17.1990
2835.0000,11.6557,12.0701
2836.0000,14.6421,16.8264
2837.0000,18.1212,19.3421
2838.0000,15.1792,17.6076
2839.0000,12.1489,14.6082
2840.0000,17.9467,20.3458
2841.0000,17.5748,19.1765
2842.0000,14.9835,17.1689
2843.0000,6.2838,7.7347
2844.0000,14.2368,16.4909
2845.0000,17.4046,17.7799
2846.0000,16.9468,19.0639
2847.0000,17.5036,19.2900
2848.0000,18.0461,20.1315
2849.0000,17.3166,17.7959
2850.0000,16.7046,18.8997
2851.0000,17.6562,19.4141
2852.0000,17.9491,19.9705
2853.0000,18.5106,18.9161
2854.0000,14.8319,17.0468
2855.0000,11.4677,13.2078
2856.0000,13.3554,15.3594
2857.0000,17.3111,17.8165
2858.0000,16.9130,19.0762
2859.0000,16.8003,17.2810
2860.0000,18.0443,20.1544
2861.0000,17.6667,19.4471
2862.0000,15.0668,17.5634
2863.0000,11.7207,12.1765
2864.0000,14.4914,16.6579
2865.0000,17.7786,18.2372
2866.0000,16.9031,19.0112
2867.0000,16.8982,18.2427
2868.0000,18.6632,19.2387
2869.0000,17.5953,18.7356
2870.0000,14.9610,17.1329
2871.0000,11.9726,12.5250
2872.0000,12.7653,13.3488
2873.0000,17.6355,19.6316
2874.0000,14.9595,17.0993
2875.0000,11.2533,11.5620
2876.0000,12.7716,13.3800
2877.0000,17.8636,18.2995
2878.0000,17.0058,19.1424
2879.0000,16.8043,17.2708
2880.0000,17.7108,19.8192
2881.0000,6.1507,6.2875
2882.0000,31.8239,31.9902
2883.0000,8.0479,8.2963
2884.0000,6.8868,7.0501
2885.0000,13.9765,14.2635
2886.0000,16.7768,18.9293
2887.0000,18.1676,19.4505
2888.0000,44.1340,46.1863
2889.0000,36.9480,37.1958
2890.0000,16.7706,18.9134
2891.0000,17.4449,17.7037
2892.0000,15.8943,17.0010
2893.0000,12.5966,15.4213
2894.0000,16.8295,18.8394
2895.0000,16.9852,17.2308
2896.0000,47.9464,48.2046
2897.0000,42.7391,43.1206
2898.0000,17.2689,17.7126
2899.0000,12.8580,13.0990
2900.0000,13.0733,14.8551
2901.0000,17.2480,17.5081
2902.0000,16.5993,18.9078
2903.0000,8.9333,17002.8077
2904.0000,13.0100,16515.8228
2905.0000,29.8914,16045.7295
2906.0000,11.8077,15557.5523
2907.0000,10.2495,15067.8087
2908.0000,3.8471,14571.6612
2909.0000,4.4897,14076.1554
2910.0000,5.7307,13581.8908
2911.0000,3.4891,13085.3849
2912.0000,3.4723,12588.8598
2913.0000,10.4563,12099.3186
2914.0000,3.8205,11603.1442
2915.0000,3.5870,11106.7343
2916.0000,12.5781,10619.3153
2917.0000,5.8128,10125.1343
2918.0000,9.9469,9635.0949
2919.0000,5.9724,9141.0744
2920.0000,6.8334,8647.9134
2921.0000,3.8751,8151.7935
2922.0000,3.5138,7655.3110
2923.0000,7.7694,7163.0829
2924.0000,3.5165,6666.6039
2925.0000,3.6119,6170.2182
2926.0000,8.5489,5678.7694
2927.0000,4.0619,5182.8375
2928.0000,3.6529,4686.4930
2929.0000,6.6244,4193.1199
2930.0000,8.1610,3701.2972
2931.0000,3.8366,3205.1395
2932.0000,7.8480,2712.9904
2933.0000,3.6326,2216.6276
2934.0000,3.6065,1720.2366
2935.0000,6.7762,1227.0150
2936.0000,3.6949,730.7147
2937.0000,3.5923,234.3093
2938.0000,4.5993,4.7229
2939.0000,18.1473,19.8723
2940.0000,17.9777,20.1027
2941.0000,17.8278,19.9089
2942.0000,17.1440,17.5981
2943.0000,13.5450,16.0005
2944.0000,18.2594,20.2704
2945.0000,17.7348,18.2762
2946.0000,16.9021,17.3531
2947.0000,13.3624,15.0267
2948.0000,18.0439,20.3379
2949.0000,17.8818,18.3496
2950.0000,17.8507,18.4296
2951.0000,39.7930,40.3313
2952.0000,18.0623,20.2819
2953.0000,37.6963,38.6432
2954.0000,41.7795,42.4788
2955.0000,37.7585,38.5644
2956.0000,38.7018,39.4128
2957.0000,26.3329,26.7163
2958.0000,16.7893,18.5672
2959.0000,14.0522,15.1138
2960.0000,17.7094,19.7336
2961.0000,17.6542,18.1205
2962.0000,17.0275,19.1317
2963.0000,46.4402,46.8721
2964.0000,26.7128,27.1040
2965.0000,18.7138,20.4421
2966.0000,15.0671,17.3858
2967.0000,11.6599,12.0449
2968.0000,14.2487,16.3028
2969.0000,17.6721,18.1387
2970.0000,16.8514,19.3383
2971.0000,17.8584,19.3056
2972.0000,17.6068,19.6207
2973.0000,17.6494,19.2501
2974.0000,14.8743,17.2767
2975.0000,11.4793,13.2095
2976.0000,14.2968,16.4204
2977.0000,17.2728,17.7428
2978.0000,16.9091,19.0704
2979.0000,16.9860,17.4515
2980.0000,17.7571,20.2360
2981.0000,20.6835,21.1218
2982.0000,14.7615,16.8866
2983.0000,10.8821,11.2648
2984.0000,13.8538,14.3345
2985.0000,17.7801,18.1914
2986.0000,16.9935,19.0569
2987.0000,16.7639,17.1834
2988.0000,17.8667,20.0120
2989.0000,17.3217,17.8061
2990.0000,17.1445,17.6134
2991.0000,12.8764,13.4085
2992.0000,12.6185,13.1618
2993.0000,17.8814,18.3490
2994.0000,16.9769,19.0353
2995.0000,16.9413,17.4047
2996.0000,18.2467,20.2769
2997.0000,17.7217,19.4969
2998.0000,14.7958,17.1335
2999.0000,11.7533,12.2251
3000.0000,10.6867,12.4189
3001.0000,17.6380,18.1435
3002.0000,16.9677,19.0648
3003.0000,16.9786,17.4145
3004.0000,17.7425,19.9651
3005.0000,17.6212,19.4420
3006.0000,14.5513,16.8327
3007.0000,11.5554,11.9736
3008.0000,14.3316,16.3810
3009.0000,17.7156,18.1707
3010.0000,16.9748,19.0426
3011.0000,16.7198,17.2163
3012.0000,17.7486,19.8438
3013.0000,22.9043,23.2766
3014.0000,40.7145,43.3181
3015.0000,35.4454,36.1396
3016.0000,47.5732,48.2599
3017.0000,45.4817,46.1307
3018.0000,41.7627,42.5923
3019.0000,37.3598,38.1871
3020.0000,48.8431,49.5088
3021.0000,45.3817,46.1235
3022.0000,41.7046,42.3894
3023.0000,30.7292,31.2472
3024.0000,18.0807,20.1822
3025.0000,17.2938,17.7528
3026.0000,18.0015,18.5576
3027.0000,16.5568,17.0117
3028.0000,45.2304,47.5832
3029.0000,43.6445,44.3046
3030.0000,43.0626,43.8022
3031.0000,17.7167,19.7982
3032.0000,17.8183,19.9207
3033.0000,17.9572,18.4228
3034.0000,16.7891,19.0909
3035.0000,17.6941,19.3679
3036.0000,17.8930,20.1978
3037.0000,17.8574,19.8643
3038.0000,14.8407,17.2169
3039.0000,11.5769,12.0453
3040.0000,12.3522,12.8621
3041.0000,17.8082,19.3351
3042.0000,15.0768,17.5146
3043.0000,11.8405,13.0779
3044.0000,14.2794,16.4178
3045.0000,41.4768,41.9040
3046.0000,41.9337,42.7784
3047.0000,33.9047,34.6019
3048.0000,18.1309,20.4451
3049.0000,17.0084,17.4165
3050.0000,16.8944,18.9674
3051.0000,16.9655,17.5226
3052.0000,17.9124,20.0035
3053.0000,16.3018,16.6769
3054.0000,16.8013,19.3445
3055.0000,17.3284,17.7423
3056.0000,18.0306,20.0833
3057.0000,15.7476,16.5638
3058.0000,14.7977,17.1908
3059.0000,11.6507,12.1318
3060.0000,14.0410,16.0695
3061.0000,17.9919,19.3242
3062.0000,15.0114,17.2148
3063.0000,11.5533,13.2356
3064.0000,12.4156,12.9914
3065.0000,17.1467,17.5542
3066.0000,16.9852,19.2203
3067.0000,15.7024,16.8788
3068.0000,18.1245,20.3698
3069.0000,40.6234,40.9964
3070.0000,41.6203,42.4650
3071.0000,34.4071,35.1661
3072.0000,46.8790,47.6503
3073.0000,45.1053,45.7480
3074.0000,41.6311,42.4547
3075.0000,17.6386,19.6706
3076.0000,17.7265,19.8339
3077.0000,17.6053,19.3076
3078.0000,14.7709,17.0838
3079.0000,11.9386,13.0674
3080.0000,13.2746,14.9043
3081.0000,17.8182,18.2688
3082.0000,16.8415,18.9366
3083.0000,44.4322,44.7963
3084.0000,16.8892,19.0744
3085.0000,17.7659,18.2728
3086.0000,17.0327,19.2042
3087.0000,16.9078,17.4715
3088.0000,17.9012,19.9522
3089.0000,17.8014,18.9546
3090.0000,14.7963,16.8622
3091.0000,11.6461,12.8142
3092.0000,13.3768,15.4185
3093.0000,17.8566,19.0554
3094.0000,14.6040,16.7629
3095.0000,6.2794,7.1759
3096.0000,14.2213,16.3332
3097.0000,17.2299,17.6743
3098.0000,16.9227,19.0550
3099.0000,17.9312,19.6518
3100.0000,17.8381,19.8997
3101.0000,17.5449,19.2894
3102.0000,14.6840,17.0943
3103.0000,11.6759,13.1471
3104.0000,14.3085,16.3241
3105.0000,17.7693,19.4604
3106.0000,14.6891,16.7256
3107.0000,11.5659,13.3240
3108.0000,11.1596,11.6751
3109.0000,42.3791,42.7596
3110.0000,40.9882,41.7318
3111.0000,31.2915,31.9173
3112.0000,18.0005,20.0859
3113.0000,42.4808,42.8976
3114.0000,41.5522,42.4111
3115.0000,35.2920,36.0244
3116.0000,43.0244,43.7647
3117.0000,16.9974,17.5988
3118.0000,17.5201,20.6725
3119.0000,17.8023,19.7360
3120.0000,45.8120,47.9547
3121.0000,44.7940,45.7895
3122.0000,41.4407,42.2293
3123.0000,33.2168,33.7663
3124.0000,44.4109,45.2133
3125.0000,17.8088,19.8260
3126.0000,14.6602,17.0648
3127.0000,11.4964,11.9572
3128.0000,14.5054,17.0422
3129.0000,17.5329,17.9770
3130.0000,17.0107,19.2080
3131.0000,17.6472,19.3860
3132.0000,17.7705,19.8089
3133.0000,20.4910,22.8771
3134.0000,17.3788,18.7976
3135.0000,44.6055,46.7871
3136.0000,46.1269,48.1829
3137.0000,16.5654,16.9687
3138.0000,17.0442,19.2370
3139.0000,16.6418,17.1014
3140.0000,18.0636,20.1731
3141.0000,17.3269,17.7945
3142.0000,16.8229,19.1474
3143.0000,36.4409,37.0422
3144.0000,18.0500,20.3330
3145.0000,17.7783,19.4164
3146.0000,14.8599,17.5259
3147.0000,11.5819,12.1572
3148.0000,13.2699,15.3054
3149.0000,17.5908,18.7743
3150.0000,15.0004,17.3535
3151.0000,11.6572,13.4484
3152.0000,14.1162,16.2305
3153.0000,7.3722,7.6956
3154.0000,16.7281,19.1464
3155.0000,16.8989,17.3365
3156.0000,18.0936,20.4605
3157.0000,18.1571,20.2598
3158.0000,14.7875,16.9846
3159.0000,10.9933,11.3996
3160.0000,13.6657,15.2133
3161.0000,17.5990,19.5215
3162.0000,14.9507,16.9753
3163.0000,11.5275,12.8238
3164.0000,13.0046,15.0105
3165.0000,17.5074,19.4555
3166.0000,14.7938,16.9762
3167.0000,11.4591,11.8935
3168.0000,13.3503,15.4042
3169.0000,17.8133,18.9190
3170.0000,14.7482,16.9526
3171.0000,11.6207,12.7385
3172.0000,14.2934,16.6041
3173.0000,17.8242,19.0483
3174.0000,14.9283,17.0759
3175.0000,11.6641,12.1356
3176.0000,14.5786,16.6836
3177.0000,17.2441,17.7265
3178.0000,17.0638,19.1375
3179.0000,18.0071,19.5210
3180.0000,17.9519,20.0152
3181.0000,17.8837,18.3700
3182.0000,16.9666,19.2594
3183.0000,17.0225,18.2052
3184.0000,17.9742,20.3217
3185.0000,17.3625,17.8103
3186.0000,16.9724,19.1690
3187.0000,16.9389,17.3953
3188.0000,18.0757,20.1666
3189.0000,17.2632,17.7980
3190.0000,16.8707,19.0398
3191.0000,17.7956,19.4326
3192.0000,18.0458,20.0966
3193.0000,17.9100,19.6934
3194.0000,17.6455,18.2272
3195.0000,41.0865,41.6156
3196.0000,18.0584,20.2717
3197.0000,17.7084,18.1829
3198.0000,16.8420,19.0599
3199.0000,16.8427,17.2646
3200.0000,17.9117,19.9760
3201.0000,17.3636,17.7996
3202.0000,16.8714,19.0780
3203.0000,37.3552,37.6994
3204.0000,18.2844,22.3265
3205.0000,17.6460,19.0990
3206.0000,14.9297,17.0301
3207.0000,11.4404,13.3693
3208.0000,14.3337,16.3853
3209.0000,17.5504,18.7144
3210.0000,14.8407,17.0490
3211.0000,11.4251,13.1351
3212.0000,14.2688,16.2993
3213.0000,17.9998,19.2619
3214.0000,14.8582,17.1343
3215.0000,11.9706,13.7059
3216.0000,14.0844,16.1353
3217.0000,17.7859,19.4702
3218.0000,14.9667,17.3604
3219.0000,11.4294,13.0400
3220.0000,14.3793,16.4496
3221.0000,17.6007,19.3866
3222.0000,14.8577,16.9359
3223.0000,11.6657,13.6006
3224.0000,13.3195,15.3322
3225.0000,17.3882,17.7983
3226.0000,16.9635,19.0008
3227.0000,17.0367,18.1263
3228.0000,18.0666,20.3512
3229.0000,17.6853,18.1637
3230.0000,16.5415,19.1796
3231.0000,17.5506,19.5700
3232.0000,17.8472,19.8550
3233.0000,17.8711,18.3499
3234.0000,16.9491,19.0426
3235.0000,16.8414,18.0001
3236.0000,18.1960,20.2331
3237.0000,17.6634,18.7896
3238.0000,15.0003,17.1891
3239.0000,11.4788,13.4799
3240.0000,14.3214,16.3896
3241.0000,17.5711,19.3070
3242.0000,14.8947,17.0685
3243.0000,6.1704,6.5010
3244.0000,13.2751,15.3112
3245.0000,17.7404,18.2598
3246.0000,16.8606,19.0133
3247.0000,16.8761,17.3399
3248.0000,17.8297,19.8706
3249.0000,17.6474,19.4120
3250.0000,14.9248,17.0775
3251.0000,11.6209,13.6212
3252.0000,13.3738,15.4072
3253.0000,16.9607,17.3615
3254.0000,16.2736,18.5203
3255.0000,16.7441,17.1164
3256.0000,18.1314,20.6246
3257.0000,17.6174,19.5385
3258.0000,14.2918,17.5330
3259.0000,11.5993,11.8969
3260.0000,11.1188,11.4296
3261.0000,16.8519,17.1983
3262.0000,16.6791,19.6716
3263.0000,17.0122,17.4843
3264.0000,18.2544,20.7386
3265.0000,17.7460,18.1879
3266.0000,17.0324,19.1942
3267.0000,16.8729,17.3426
3268.0000,18.0113,18.5730
3269.0000,17.7833,18.2004
3270.0000,16.9276,18.6746
3271.0000,17.5560,19.4803
3272.0000,45.5938,47.0383
3273.0000,43.5454,44.1155
3274.0000,46.5557,47.1847
3275.0000,14.7016,15.6913
3276.0000,17.8484,19.8574
3277.0000,18.1215,20.1669
3278.0000,14.7361,17.1520
3279.0000,8.8475,11.8125
3280.0000,8.6307,10.8017
3281.0000,18.2467,18.7074
3282.0000,14.8989,17.2118
3283.0000,6.2366,6.8206
3284.0000,14.2586,16.3032
3285.0000,17.8187,19.6077
3286.0000,14.9973,17.1993
3287.0000,11.3676,12.7656
3288.0000,13.0317,15.0176
3289.0000,17.2522,17.7435
3290.0000,39.6654,41.0418
3291.0000,36.1017,36.8010
3292.0000,44.0440,44.6499
3293.0000,44.3051,44.9225
3294.0000,42.3333,42.8778
3295.0000,36.4813,37.2267
3296.0000,45.6191,46.3829
3297.0000,46.1423,46.7263
3298.0000,16.8520,18.9565
3299.0000,17.2023,17.5930
3300.0000,46.4063,48.5835
3301.0000,46.0131,46.8603
3302.0000,41.1040,41.9322
3303.0000,36.3089,37.0382
3304.0000,43.4619,44.2338
3305.0000,44.4347,45.0706
3306.0000,41.5941,42.3834
3307.0000,35.0189,35.7545
3308.0000,31.8645,32.3795
3309.0000,17.3112,17.8061
3310.0000,17.0299,19.1832
3311.0000,17.0344,18.1613
3312.0000,18.1458,20.4641
3313.0000,16.4197,16.9026
3314.0000,14.8440,17.0635
3315.0000,11.4923,13.2020
3316.0000,14.4271,16.6913
3317.0000,17.7149,19.4222
3318.0000,14.9495,17.5365
3319.0000,11.7271,13.3836
3320.0000,14.8335,17.4865
3321.0000,17.9002,18.4342
3322.0000,17.0786,19.2240
3323.0000,17.2082,18.3186
3324.0000,18.1604,20.2094
3325.0000,17.9002,18.3801
3326.0000,16.9036,18.9817
3327.0000,16.8244,17.2845
3328.0000,44.1382,45.5274
3329.0000,46.6042,47.3355
3330.0000,40.9888,41.6171
3331.0000,36.6570,37.6818
3332.0000,18.2115,20.4213
3333.0000,18.1268,18.5986
3334.0000,16.5511,19.6434
3335.0000,16.7004,17.1623
3336.0000,47.1632,49.5535
3337.0000,43.1000,43.7866
3338.0000,41.4845,42.4211
3339.0000,35.5851,36.4030
3340.0000,43.4122,44.3037
3341.0000,44.0007,44.6492
3342.0000,42.0209,43.6995
3343.0000,17.0651,17.6267
3344.0000,18.0166,20.0344
3345.0000,17.7931,19.5805
3346.0000,15.4467,17.5509
3347.0000,11.4685,13.4719
3348.0000,13.3224,15.3495
3349.0000,17.6833,19.6468
3350.0000,17.9329,18.4944
3351.0000,17.7317,19.8393
3352.0000,45.3997,47.5018
3353.0000,45.4505,46.9596
3354.0000,40.8842,42.5844
3355.0000,16.6780,17.3132
3356.0000,18.2679,20.3511
3357.0000,17.7940,19.6090
3358.0000,14.7717,16.9003
3359.0000,11.6167,12.0989
3360.0000,12.6053,13.1577
3361.0000,17.6852,18.1902
3362.0000,16.9616,19.2080
3363.0000,17.0644,17.4765
3364.0000,17.9899,20.0787
3365.0000,17.3351,17.8105
3366.0000,16.9183,19.2778
3367.0000,16.7114,17.1571
3368.0000,45.6060,46.0866
3369.0000,43.7817,44.3615
3370.0000,41.7282,42.6388
3371.0000,36.1116,36.7996
3372.0000,45.0677,46.6760
3373.0000,18.5573,20.5475
3374.0000,13.5477,15.6844
3375.0000,11.7167,13.2482
3376.0000,14.4611,16.5056
3377.0000,17.8465,19.3736
3378.0000,14.9074,17.2497
3379.0000,11.5217,11.9371
3380.0000,5.9726,6.6674
3381.0000,14.8108,17.4222
3382.0000,16.9223,19.2422
3383.0000,41.9594,42.2821
3384.0000,16.2826,18.3198
3385.0000,17.8674,18.3229
3386.0000,16.8150,19.0202
3387.0000,16.9863,18.1270
3388.0000,17.0365,17.5126
3389.0000,45.2970,46.9029
3390.0000,40.7549,41.3730
3391.0000,36.3654,36.6777
3392.0000,43.0379,43.7808
3393.0000,46.2037,46.8894
3394.0000,41.0085,42.0519
3395.0000,35.8794,36.5220
3396.0000,44.9953,45.6900
3397.0000,46.0998,46.9273
3398.0000,41.6849,42.4515
3399.0000,34.0590,34.7314
3400.0000,46.8881,47.7010
3401.0000,45.9095,46.6992
3402.0000,16.5680,19.6121
3403.0000,17.9126,19.4415
3404.0000,48.8918,51.1650
3405.0000,44.0942,44.6494
3406.0000,40.9576,41.6317
3407.0000,16.8113,18.8008
3408.0000,17.8776,19.9231
3409.0000,17.5002,17.9632
3410.0000,38.9080,39.4113
3411.0000,46.7827,47.5498
3412.0000,47.3268,48.0439
3413.0000,44.6728,45.4810
3414.0000,41.4802,42.1987
3415.0000,35.3719,36.0130
3416.0000,41.2960,42.0978
3417.0000,44.6652,45.3297
3418.0000,40.8832,41.6102
3419.0000,17.5572,19.2721
3420.0000,18.0644,20.0923
3421.0000,18.0594,18.5175
3422.0000,16.9978,19.0516
3423.0000,17.8333,20.3974
3424.0000,18.0385,20.1301
3425.0000,17.6219,18.9303
3426.0000,14.8420,16.9823
3427.0000,11.5451,11.9969
3428.0000,14.4722,16.5893
3429.0000,17.7585,19.3095
3430.0000,37.3717,38.1180
3431.0000,47.2491,47.9027
3432.0000,45.7278,46.4889
3433.0000,45.6509,46.2974
3434.0000,41.2496,42.1003
3435.0000,36.6094,37.3572
3436.0000,44.3483,45.0622
3437.0000,45.6243,46.1788
3438.0000,40.9496,41.7037
3439.0000,36.1158,36.8437
3440.0000,44.4251,46.0669
3441.0000,45.8797,46.5922
3442.0000,40.8951,41.6678
3443.0000,33.2149,33.6973
3444.0000,18.1246,20.3850
3445.0000,17.2581,17.7360
3446.0000,16.9758,19.1311
3447.0000,16.6823,17.1191
3448.0000,18.0163,20.4603
3449.0000,17.7169,19.6923
3450.0000,14.9067,17.0779
3451.0000,11.6751,12.2278
3452.0000,14.5212,16.6485
3453.0000,17.9906,18.3601
3454.0000,17.0340,19.1382
3455.0000,14.8093,15.1741
3456.0000,17.3690,20.8917
3457.0000,17.9174,18.3430
3458.0000,17.4899,18.9589
3459.0000,18.5522,20.2443
3460.0000,45.2560,47.3299
3461.0000,39.8193,40.6495
3462.0000,16.9346,19.1290
3463.0000,17.0242,18.1415
3464.0000,14.3265,16.3739
3465.0000,44.0976,45.4054
3466.0000,41.1961,42.0125
3467.0000,39.4083,40.2801
3468.0000,40.0209,41.6551
3469.0000,38.8860,39.6142
3470.0000,41.2017,43.6467
3471.0000,34.3221,35.1220
3472.0000,17.7405,19.8749
3473.0000,17.3258,17.8088
3474.0000,17.0279,19.2610
3475.0000,16.8970,17.3742
3476.0000,17.8559,20.4092
3477.0000,17.7760,18.2531
3478.0000,17.0189,19.1979
3479.0000,17.0222,17.4994
3480.0000,18.1100,20.7471
3481.0000,17.7017,18.1970
3482.0000,16.9921,19.1052
3483.0000,16.9368,17.4052
3484.0000,18.1759,20.3531
3485.0000,17.2374,17.6988
3486.0000,17.0401,19.1334
3487.0000,16.6331,17.0774
3488.0000,18.2254,20.2586
3489.0000,17.5950,18.0885
3490.0000,17.0052,19.1583
3491.0000,16.7437,17.2191
3492.0000,17.9954,20.0870
3493.0000,19.5921,20.0676
3494.0000,16.4417,19.7417
3495.0000,17.1767,17.6446
3496.0000,45.8465,49.3155
3497.0000,43.2571,43.9633
3498.0000,17.0239,19.2266
3499.0000,16.6452,17.1067
3500.0000,44.7988,48.7616
3501.0000,43.4034,44.1084
3502.0000,41.9711,42.8645
3503.0000,31.8670,32.4765
3504.0000,43.2873,43.9372
3505.0000,45.5536,46.2774
3506.0000,42.0238,42.7732
3507.0000,32.1020,32.8524
3508.0000,46.8960,47.5772
3509.0000,43.5448,44.3412
3510.0000,41.8118,42.5612
3511.0000,34.2998,35.0138
3512.0000,46.5082,47.2734
3513.0000,44.4357,45.2216
3514.0000,41.8785,42.8269
3515.0000,33.0294,33.6444
3516.0000,47.2251,47.9657
3517.0000,44.6597,45.5001
3518.0000,41.0636,42.8166
3519.0000,35.0820,35.8376
3520.0000,45.0156,45.9680
3521.0000,45.4731,46.0653
3522.0000,40.9002,41.6982
3523.0000,17.6676,19.7355
3524.0000,18.1863,20.2920
3525.0000,17.2759,17.7081
3526.0000,16.5976,19.1101
3527.0000,16.7139,17.1641
3528.0000,17.6849,19.7358
3529.0000,17.3101,17.7720
3530.0000,16.9695,19.0834
3531.0000,16.9707,17.5327
3532.0000,18.1711,20.2139
3533.0000,17.6908,18.1546
3534.0000,17.9608,18.5211
3535.0000,50.9463,51.5291
3536.0000,44.1385,44.8626
3537.0000,44.8045,45.7579
3538.0000,40.4720,41.2335
3539.0000,16.6698,17.2501
3540.0000,17.9519,19.5041
3541.0000,17.7034,19.0093
3542.0000,14.8950,16.9594
3543.0000,6.7153,7.0033
3544.0000,12.3920,14.4500
3545.0000,17.6594,18.1051
3546.0000,16.9728,18.9956
3547.0000,18.0026,19.7719
3548.0000,17.9028,19.9604
3549.0000,17.6726,18.1311
3550.0000,16.9671,19.1006
3551.0000,16.7399,17.2053
3552.0000,18.0160,20.0988
3553.0000,17.6247,18.1089
3554.0000,17.9169,18.5097
3555.0000,44.6099,44.9908
3556.0000,16.8911,19.0671
3557.0000,17.8361,18.2889
3558.0000,16.9722,19.1195
3559.0000,16.8990,17.3474
3560.0000,17.8216,20.2780
3561.0000,17.3373,17.7737
3562.0000,16.8769,19.0381
3563.0000,16.8773,17.3529
3564.0000,17.9073,19.9553
3565.0000,17.2756,17.6439
3566.0000,16.7175,19.4924
3567.0000,51.5969,52.1817
3568.0000,43.6791,44.8822
3569.0000,45.0480,45.7557
3570.0000,41.5773,43.9868
3571.0000,32.7403,33.3932
3572.0000,46.6022,47.4027
3573.0000,45.2948,46.0518
3574.0000,41.5502,42.3733
3575.0000,35.8627,36.6034
3576.0000,44.1947,46.2292
3577.0000,45.9065,46.6011
3578.0000,40.8832,41.6805
3579.0000,36.0370,36.7880
3580.0000,42.8309,43.7554
3581.0000,44.7402,45.4712
3582.0000,35.9823,38.4800
3583.0000,46.9295,47.8069
3584.0000,47.3261,48.1236
3585.0000,41.8362,42.5664
3586.0000,41.9286,42.7546
3587.0000,35.6104,36.3032
3588.0000,45.1667,46.9206
3589.0000,44.7338,45.3895
3590.0000,41.7127,42.6099
3591.0000,35.3522,36.1511
3592.0000,44.0629,44.7840
3593.0000,44.5659,45.2406
3594.0000,42.3830,43.2130
3595.0000,35.1603,35.9783
3596.0000,43.4560,44.3091
3597.0000,45.1233,45.7942
3598.0000,41.6517,42.4872
3599.0000,34.5811,35.2960
3600.0000,44.9194,46.5842
3601.0000,45.8744,46.6086
3602.0000,41.5984,42.4791
3603.0000,17.8331,20.0651
3604.0000,17.9034,19.9239
3605.0000,18.0386,19.1150
3606.0000,14.8177,16.9755
3607.0000,11.6558,12.7721
3608.0000,12.7397,14.7698
3609.0000,17.4914,19.5042
3610.0000,14.9269,17.1543
3611.0000,11.5016,13.2697
3612.0000,14.2000,16.2440
3613.0000,17.5584,19.3043
3614.0000,14.8297,16.9413
3615.0000,11.9755,12.4794
3616.0000,14.2365,16.3482
3617.0000,17.3541,17.7534
3618.0000,16.9912,19.1167
3619.0000,17.0174,18.2002
3620.0000,17.8221,19.9109
3621.0000,17.4605,17.9599
3622.0000,16.9728,19.0990
3623.0000,17.7267,19.4875
3624.0000,17.8193,19.8183
3625.0000,17.6874,19.2195
3626.0000,15.0751,17.2922
3627.0000,11.8184,13.4321
3628.0000,13.4936,15.5082
3629.0000,17.7036,19.3996
3630.0000,14.8018,17.0127
3631.0000,11.5028,13.6344
3632.0000,14.1645,16.4010
3633.0000,17.7738,18.2295
3634.0000,16.8407,18.9773
3635.0000,17.3345,18.4183
3636.0000,18.0295,20.1157
3637.0000,17.9310,20.3617
3638.0000,14.8591,17.0864
3639.0000,11.6811,12.1729
3640.0000,11.6678,13.5431
3641.0000,16.6220,17.6065
3642.0000,17.0198,19.2108
3643.0000,45.9548,46.3766
3644.0000,47.7403,48.3113
3645.0000,43.8494,44.5552
3646.0000,41.5981,42.4240
3647.0000,32.3151,33.2132
3648.0000,17.8703,19.8787
3649.0000,17.7634,19.3491
3650.0000,14.9479,17.3625
3651.0000,11.5384,13.4514
3652.0000,14.5351,16.9008
3653.0000,17.9766,19.1041
3654.0000,14.9593,17.1815
3655.0000,11.4333,13.3841
3656.0000,14.4827,16.9543
3657.0000,17.5388,18.0078
3658.0000,16.3987,18.0581
3659.0000,16.9420,17.3529
3660.0000,45.6273,48.1775
3661.0000,45.3585,46.0260
3662.0000,41.5415,42.3608
3663.0000,35.6240,36.2989
3664.0000,46.3681,48.1382
3665.0000,44.7599,45.4850
3666.0000,42.2495,43.1610
3667.0000,34.2244,34.9136
3668.0000,47.0198,47.7836
3669.0000,43.4942,44.2632
3670.0000,42.7535,43.5191
3671.0000,34.8826,35.6765
3672.0000,18.3093,20.5276
3673.0000,17.5275,17.9961
3674.0000,16.9429,19.1274
3675.0000,17.1108,17.5270
3676.0000,17.9998,20.2139
3677.0000,18.1536,18.6208
3678.0000,40.8718,43.1950
3679.0000,34.4840,35.2329
3680.0000,18.0823,20.2746
3681.0000,17.8461,18.3204
3682.0000,16.7157,19.2360
3683.0000,37.6509,38.2359
3684.0000,40.6984,44.8293
3685.0000,46.1751,46.8998
3686.0000,41.4972,42.3264
3687.0000,35.5868,36.3654
3688.0000,18.1309,20.3421
3689.0000,17.7853,18.3092
3690.0000,16.9794,19.1695
3691.0000,17.0185,18.1052
3692.0000,18.0501,20.0921
3693.0000,17.8971,19.0420
3694.0000,14.8977,17.0239
3695.0000,11.7943,12.8875
3696.0000,14.4061,16.4927
3697.0000,18.0338,18.5070
3698.0000,16.9803,19.1691
3699.0000,16.7024,17.1736
3700.0000,17.8946,20.0653
3701.0000,6.1324,6.3474
3702.0000,34.7083,34.8971
3703.0000,47.2220,47.9601
3704.0000,42.9737,43.8788
3705.0000,46.8380,47.4611
3706.0000,16.8922,19.2653
3707.0000,16.9085,17.3536
3708.0000,47.2812,49.3600
3709.0000,44.1317,44.8839
3710.0000,40.7952,41.6722
3711.0000,36.1534,36.9095
3712.0000,43.5201,44.3655
3713.0000,46.3274,46.9049
3714.0000,16.9310,19.2215
3715.0000,17.9247,19.4709
3716.0000,45.3000,47.4526
3717.0000,43.6652,44.7460
3718.0000,41.1834,42.0640
3719.0000,37.0027,37.6936
3720.0000,18.3988,21.1677
3721.0000,17.6133,20.6047
3722.0000,15.0163,17.3729
3723.0000,6.1295,7.0934
3724.0000,13.2024,14.8226
3725.0000,17.7872,18.2180
3726.0000,17.0336,19.1863
3727.0000,16.7330,17.1823
3728.0000,17.8040,19.9214
3729.0000,18.1094,19.2440
3730.0000,14.8009,17.0882
3731.0000,11.6185,12.1050
3732.0000,13.1845,15.1791
3733.0000,17.8791,18.2959
3734.0000,17.0885,19.1850
3735.0000,16.8262,17.2677
3736.0000,18.0068,20.0680
3737.0000,17.4694,18.5972
3738.0000,14.9105,17.0603
3739.0000,11.6163,12.0778
3740.0000,14.5502,16.6332
3741.0000,17.7944,18.2101
3742.0000,16.6190,19.0054
3743.0000,17.0567,17.4538
3744.0000,17.7583,20.0748
3745.0000,17.7092,19.4402
3746.0000,14.9470,17.0650
3747.0000,11.5911,13.3342
3748.0000,10.7232,12.9940
3749.0000,17.9384,19.1060
3750.0000,16.9873,17.4589
3751.0000,12.1364,13.4625
3752.0000,14.1642,14.7248
3753.0000,17.8592,18.2955
3754.0000,17.0243,19.1777
3755.0000,16.8854,18.1311
3756.0000,17.9518,19.9536
3757.0000,18.1140,20.3515
3758.0000,15.0800,17.2164
3759.0000,11.7241,12.2201
3760.0000,14.5040,17.0751
3761.0000,17.5581,18.0202
3762.0000,16.9883,19.1949
3763.0000,15.1890,15.6084
3764.0000,6.7974,7.0794
3765.0000,16.9566,20.4541
3766.0000,14.7801,16.8206
3767.0000,11.5170,12.0156
3768.0000,14.2226,16.3045
3769.0000,17.2657,17.6772
3770.0000,16.5543,19.1290
3771.0000,17.2301,19.1314
3772.0000,18.0610,20.1565
3773.0000,17.8523,19.1932
3774.0000,14.5874,16.6838
3775.0000,11.5065,13.2798
3776.0000,13.4043,15.4175
3777.0000,17.6143,18.7637
3778.0000,14.9646,17.5936
3779.0000,11.6428,13.3246
3780.0000,13.1323,15.1047
3781.0000,17.4957,19.4579
3782.0000,14.8941,17.1431
3783.0000,11.7798,12.2133
3784.0000,14.0924,16.2106
3785.0000,17.8250,19.5452
3786.0000,14.9673,17.0882
3787.0000,11.5591,12.0163
3788.0000,14.5040,16.6566
3789.0000,17.6187,18.0656
3790.0000,17.3625,18.5450
3791.0000,16.5605,17.6546
3792.0000,17.7039,19.7177
3793.0000,17.8219,18.3332
3794.0000,16.9643,19.0282
3795.0000,45.4459,46.3698
3796.0000,46.9124,47.9697
3797.0000,44.8423,45.6412
3798.0000,42.0330,42.8416
3799.0000,36.7295,37.5392
3800.0000,37.9807,38.5584
3801.0000,43.3793,44.0320
3802.0000,42.0263,42.8779
3803.0000,32.4757,33.1211
3804.0000,18.2113,22.5155
3805.0000,17.8841,18.3583
3806.0000,16.9932,19.1299
3807.0000,17.0492,17.5252
3808.0000,17.7511,19.8572
3809.0000,17.6513,18.1438
3810.0000,16.8697,19.0930
3811.0000,17.1432,18.2828
3812.0000,17.8811,19.8953
3813.0000,17.9451,18.4431
3814.0000,16.9788,19.0429
3815.0000,16.7028,17.1805
3816.0000,17.9408,19.9652
3817.0000,17.9827,19.2021
3818.0000,14.8903,16.9488
3819.0000,11.6138,12.0530
3820.0000,13.3325,15.3533
3821.0000,17.8237,18.2872
3822.0000,16.9829,19.1009
3823.0000,37.2307,37.7305
3824.0000,8.3313,10.6238
3825.0000,15.5298,17.0266
3826.0000,14.9045,16.9888
3827.0000,11.6820,12.1217
3828.0000,14.5006,16.5510
3829.0000,17.4799,18.0840
3830.0000,16.8712,19.1021
3831.0000,16.7552,17.2779
3832.0000,18.0525,20.4193
3833.0000,17.8626,18.3351
3834.0000,16.9312,19.1363
3835.0000,40.6921,41.0800
3836.0000,35.5936,36.3094
3837.0000,44.1578,44.9092
3838.0000,41.2847,42.2434
3839.0000,34.9811,35.6861
3840.0000,43.4303,44.0010
3841.0000,45.7757,46.5950
3842.0000,41.1709,42.0244
3843.0000,40.0361,40.6503
3844.0000,18.1403,20.3306
3845.0000,17.9437,18.4303
3846.0000,16.9145,19.2071
3847.0000,16.7299,17.1938
3848.0000,18.0609,20.2181
3849.0000,17.9641,18.4472
3850.0000,16.9543,19.0966
3851.0000,16.8921,18.0157
3852.0000,18.1735,21.5075
3853.0000,17.7834,18.1943
3854.0000,38.6723,39.6879
3855.0000,37.4211,38.2653
3856.0000,39.8245,40.5315
3857.0000,16.5097,17.2477
3858.0000,16.9176,19.0707
3859.0000,16.9093,17.3156
3860.0000,46.7697,49.0107
3861.0000,44.4049,45.1320
3862.0000,42.1179,42.8174
3863.0000,35.4199,36.0475
3864.0000,44.4834,45.7620
3865.0000,46.2186,46.7821
3866.0000,32.0330,32.5761
3867.0000,27.2526,27.6354
3868.0000,31.4072,32.2844
3869.0000,45.8381,46.5154
3870.0000,41.6376,43.9799
3871.0000,33.0054,33.6718
3872.0000,47.1325,47.8907
3873.0000,44.5258,45.5859
3874.0000,40.8590,41.6021
3875.0000,35.1267,35.8256
3876.0000,17.9651,20.4470
3877.0000,18.1997,18.7610
3878.0000,14.8789,17.1824
3879.0000,11.5055,11.9753
3880.0000,14.7566,16.8978
3881.0000,17.7098,18.1860
3882.0000,17.0258,19.1285
3883.0000,38.0692,38.5053
3884.0000,15.6498,17.3983
3885.0000,17.9069,19.0312
3886.0000,17.7943,18.2669
3887.0000,17.0234,17.5110
3888.0000,43.6838,44.4740
3889.0000,45.4346,46.2248
3890.0000,40.7342,41.6111
3891.0000,34.8613,35.7931
3892.0000,18.1365,20.3556
3893.0000,17.9780,18.4395
3894.0000,38.5719,39.9658
3895.0000,36.0181,36.6559
3896.0000,43.5480,44.3122
3897.0000,45.6413,46.3199
3898.0000,41.6558,42.3668
3899.0000,34.3770,35.0975
3900.0000,46.2626,47.7908
3901.0000,43.5348,44.1859
3902.0000,41.7753,42.6134
3903.0000,36.2168,36.9789
3904.0000,43.8251,46.1534
3905.0000,45.6711,46.6185
3906.0000,38.2054,38.9824
3907.0000,41.1678,41.7320
3908.0000,32.9692,33.6552
3909.0000,43.7832,44.4652
3910.0000,40.9550,41.7180
3911.0000,38.9504,39.5861
3912.0000,38.9793,40.5981
3913.0000,16.4784,17.2459
3914.0000,16.8995,19.0176
3915.0000,17.2331,18.4977
3916.0000,17.9774,20.0597
3917.0000,17.8049,18.9728
3918.0000,14.9584,17.0617
3919.0000,11.6633,12.1480
3920.0000,13.4945,15.5193
3921.0000,18.0615,18.5723
3922.0000,16.9162,19.0059
3923.0000,46.4809,47.6356
3924.0000,46.8899,48.5708
3925.0000,43.7354,44.5281
3926.0000,40.7176,41.6248
3927.0000,27.0085,27.4143
3928.0000,33.7582,34.5995
3929.0000,43.8529,44.5339
3930.0000,40.7652,42.4979
3931.0000,17.4660,18.3233
3932.0000,17.8374,19.9067
3933.0000,17.8265,19.5960
3934.0000,14.7648,16.8708
3935.0000,11.6647,13.0895
3936.0000,13.4273,15.4517
3937.0000,17.5422,19.8122
3938.0000,15.3799,17.5716
3939.0000,12.2786,15.7357
3940.0000,18.1454,21.3184
3941.0000,17.6142,18.0941
3942.0000,16.9172,18.9981
3943.0000,17.7959,19.4449
3944.0000,18.2940,20.4167
3945.0000,12.4602,13.4640
3946.0000,16.9079,19.0099
3947.0000,16.8390,17.3055
3948.0000,18.2229,20.3582
3949.0000,17.7723,18.2392
3950.0000,18.0679,18.5958
3951.0000,16.7863,17.2579
3952.0000,46.6763,48.8031
3953.0000,43.7175,44.4290
3954.0000,38.5901,39.2125
3955.0000,46.5757,47.2387
3956.0000,44.8143,48.5067
3957.0000,45.6932,46.3976
3958.0000,41.8347,42.6763
3959.0000,36.4390,37.2022
3960.0000,44.6790,46.3740
3961.0000,46.4419,47.0895
3962.0000,40.6435,42.8007
3963.0000,34.1759,34.8000
3964.0000,47.3958,48.1645
3965.0000,44.9989,45.7591
3966.0000,40.9131,42.0255
3967.0000,36.4543,37.1920
3968.0000,18.0248,20.2208
3969.0000,17.7705,19.4240
3970.0000,14.9873,17.0392
3971.0000,11.6923,12.1770
3972.0000,11.1723,13.4508
3973.0000,16.0354,17.7666
3974.0000,14.0917,14.5802
3975.0000,13.9795,17.3093
3976.0000,18.0323,20.3371
3977.0000,17.2965,17.7279
3978.0000,17.0397,19.1617
3979.0000,16.7919,17.2945
3980.0000,17.8342,18.4087
3981.0000,17.1160,17.5775
3982.0000,17.0090,19.1147
3983.0000,16.5205,16.9791
3984.0000,17.5595,19.6863
3985.0000,17.6052,19.0683
3986.0000,15.0262,18.0468
3987.0000,17.9014,19.4890
3988.0000,17.8846,20.0235
3989.0000,17.8427,19.0101
3990.0000,14.6791,17.3148
3991.0000,11.6272,12.8817
3992.0000,14.1026,16.1566
3993.0000,17.9526,19.0782
3994.0000,16.4289,18.4650
3995.0000,16.7182,17.1629
3996.0000,17.7952,19.9348
3997.0000,18.4635,20.6397
3998.0000,14.7281,16.8147
3999.0000,11.4598,13.2537
4000.0000,12.6033,13.1519
4001.0000,17.7074,19.4053
4002.0000,14.9928,17.1612
4003.0000,7.5720,8.4467
4004.0000,11.5152,13.6026
4005.0000,20.6371,21.0872
4006.0000,14.8809,17.0223
4007.0000,11.7054,13.4858
4008.0000,13.3829,15.4188
4009.0000,17.9861,18.4339
4010.0000,17.5409,18.7132
4011.0000,50.3326,52.1265
4012.0000,37.5414,38.3291
4013.0000,38.2379,38.9005
4014.0000,16.8158,19.0507
4015.0000,38.1306,38.5125
4016.0000,39.3855,42.0857
4017.0000,45.3854,46.2206
4018.0000,41.1120,41.9524
4019.0000,38.5278,39.2033
4020.0000,39.7077,41.2393
4021.0000,16.3907,17.0639
4022.0000,16.8102,18.9839
4023.0000,16.8119,17.2905
4024.0000,17.6368,19.7813
4025.0000,17.7680,18.2354
4026.0000,16.7982,18.8803
4027.0000,40.1685,41.3464
4028.0000,28.8697,29.6173
4029.0000,17.9067,19.5127
4030.0000,14.7433,16.9443
4031.0000,11.4664,11.9675
4032.0000,13.8582,15.8543
4033.0000,17.7328,19.5179
4034.0000,14.7626,16.9636
4035.0000,11.5308,12.6505
4036.0000,14.5679,16.8315
4037.0000,17.8398,18.9673
4038.0000,14.5871,16.6913
4039.0000,11.7299,12.8815
4040.0000,14.1772,16.2704
4041.0000,17.7409,18.2111
4042.0000,16.8986,19.0439
4043.0000,38.4232,38.9506
4044.0000,17.8845,20.1718
4045.0000,17.7479,18.8796
4046.0000,17.4939,18.6628
4047.0000,16.7839,17.2652
4048.0000,47.0273,49.1551
4049.0000,44.9655,45.7145
4050.0000,41.7840,43.4453
4051.0000,33.0862,33.8022
4052.0000,47.4590,49.1153
4053.0000,43.4630,44.2190
4054.0000,37.4346,40.0043
4055.0000,38.8367,39.6596
4056.0000,18.1185,20.3639
4057.0000,17.8255,18.3006
4058.0000,16.7190,19.1631
4059.0000,17.6656,19.6662
4060.0000,17.8265,20.0868
4061.0000,17.8133,19.4459
4062.0000,14.9155,17.0663
4063.0000,11.4828,12.7577
4064.0000,13.4905,15.5227
4065.0000,17.6346,19.4008
4066.0000,14.9830,17.5861
4067.0000,11.5714,12.0666
4068.0000,14.1979,16.2818
4069.0000,17.6349,18.2060
4070.0000,16.8780,18.9473
4071.0000,16.8935,17.3624
4072.0000,18.0816,20.1713
4073.0000,17.9121,18.3708
4074.0000,16.9935,19.0444
4075.0000,15.5696,16.0340
4076.0000,18.2764,20.4158
4077.0000,17.9060,19.3879
4078.0000,14.9980,17.1431
4079.0000,11.5109,13.2248
4080.0000,14.3009,16.3898
4081.0000,10.9045,12.2154
4082.0000,14.6879,16.8879
4083.0000,11.6617,12.1527
4084.0000,14.4244,16.5211
4085.0000,17.6799,18.8198
4086.0000,14.8161,17.3130
4087.0000,11.7989,13.4696
4088.0000,13.3046,15.3344
4089.0000,17.8626,19.0971
4090.0000,14.8355,16.9135
4091.0000,11.4328,11.9105
4092.0000,14.0912,16.1879
4093.0000,17.0022,17.4232
4094.0000,17.9285,18.5218
4095.0000,39.8830,40.5736
4096.0000,31.9764,32.7341
4097.0000,44.2069,44.9976
4098.0000,41.7496,42.4800
4099.0000,31.6570,32.3735
4100.0000,17.0045,19.1116
4101.0000,17.7076,18.1850
4102.0000,12.9285,14.0359
4103.0000,7.7051,8.5932
4104.0000,11.3367,13.3576
4105.0000,17.6220,18.0808
4106.0000,17.0052,19.1560
4107.0000,15.3177,15.7145
4108.0000,17.7681,19.9796
4109.0000,17.6934,19.3491
4110.0000,14.6483,16.7939
4111.0000,11.3577,13.0704
4112.0000,13.1414,15.1413
4113.0000,17.5483,19.3435
4114.0000,14.7102,17.1556
4115.0000,11.4232,12.5640
4116.0000,13.1239,15.1615
4117.0000,17.9577,19.9459
4118.0000,17.1515,17.6446
4119.0000,12.6828,13.1379
4120.0000,12.9054,14.9018
4121.0000,17.7078,18.1686
4122.0000,16.7928,19.1641
4123.0000,16.7574,17.2247
4124.0000,18.2616,20.3063
4125.0000,17.9715,18.4431
4126.0000,16.9358,19.1355
4127.0000,16.5960,17.0627
4128.0000,18.1105,20.1197
4129.0000,17.6401,19.4331
4130.0000,14.9420,17.0224
4131.0000,11.0684,11.4407
4132.0000,15.1649,17.2364
4133.0000,17.5779,19.7988
4134.0000,16.7983,18.8805
4135.0000,17.5264,19.1392
4136.0000,45.1907,47.5717
4137.0000,43.5967,44.3748
4138.0000,41.2141,42.1629
4139.0000,17.7671,19.4229
4140.0000,17.8972,19.9408
4141.0000,16.9345,17.3649
4142.0000,16.8572,18.9917
4143.0000,17.6768,19.3828
4144.0000,17.7888,19.8648
4145.0000,17.3201,17.8121
4146.0000,16.8527,19.0568
4147.0000,17.7212,19.5430
4148.0000,17.8163,18.4303
4149.0000,17.1290,17.5802
4150.0000,16.8163,18.9156
4151.0000,16.7434,17.1758
4152.0000,17.9406,19.9639
4153.0000,17.9135,18.3966
4154.0000,16.9834,19.1352
4155.0000,16.8424,17.3448
4156.0000,18.0314,20.0796
4157.0000,17.5368,19.5819
4158.0000,14.6013,16.7200
4159.0000,11.5214,13.1844
4160.0000,14.1049,16.1881
4161.0000,17.8342,19.4111
4162.0000,14.6492,16.8546
4163.0000,6.7283,7.0483
4164.0000,12.2852,14.3215
4165.0000,17.6229,18.0655
4166.0000,16.8271,18.8820
4167.0000,16.8577,17.3146
4168.0000,18.0198,20.3543
4169.0000,17.1569,17.6414
4170.0000,16.8154,18.9551
4171.0000,17.8405,19.3805
4172.0000,17.9561,20.0434
4173.0000,17.6922,19.2820
4174.0000,14.6557,17.0651
4175.0000,11.6206,12.0629
4176.0000,13.0681,15.1017
4177.0000,17.6789,19.6787
4178.0000,14.7108,17.1407
4179.0000,11.6092,12.7562
4180.0000,13.0472,15.0838
4181.0000,18.0544,19.8192
4182.0000,17.3331,18.8178
4183.0000,47.8091,50.7194
4184.0000,46.9358,47.7208
4185.0000,43.4286,44.9296
4186.0000,35.2876,38.1705
4187.0000,39.5747,40.3870
4188.0000,17.7196,19.9466
4189.0000,17.7640,18.2349
4190.0000,16.9670,19.0646
4191.0000,16.6347,17.7597
4192.0000,17.9232,20.0563
4193.0000,43.0792,43.4085
4194.0000,41.3966,42.3099
4195.0000,34.5064,35.1484
4196.0000,17.9594,20.2733
4197.0000,17.5874,19.5797
4198.0000,14.7369,16.7706
4199.0000,11.3359,13.2608
4200.0000,12.9955,15.0283
4201.0000,17.2961,17.7445
4202.0000,16.6441,18.8283
4203.0000,7.0797,8.4872
4204.0000,12.4369,14.4498
4205.0000,17.7050,18.1495
4206.0000,16.6288,19.0951
4207.0000,16.7306,17.1816
4208.0000,17.8279,20.2423
4209.0000,17.7179,18.2220
4210.0000,16.8228,18.9909
4211.0000,17.0974,18.3241
4212.0000,17.9839,20.0545
4213.0000,18.0740,19.8165
4214.0000,14.8949,16.9934
4215.0000,12.2353,14.6225
4216.0000,17.9359,19.9764
4217.0000,17.7883,18.2287
4218.0000,17.0063,19.0376
4219.0000,16.9084,17.2723
4220.0000,18.0001,20.2805
4221.0000,37.9096,38.2685
4222.0000,42.5746,43.3592
4223.0000,31.4276,32.1527
4224.0000,17.8364,19.8899
4225.0000,17.5524,19.2482
4226.0000,14.5842,16.7574
4227.0000,11.3708,11.7787
4228.0000,13.3130,15.3435
4229.0000,17.1328,17.6078
4230.0000,16.8843,19.0436
4231.0000,17.6049,19.2302
4232.0000,18.0249,20.0638
4233.0000,17.3025,17.7522
4234.0000,16.7445,18.9073
4235.0000,16.9033,17.3560
4236.0000,17.9282,19.9575
4237.0000,17.9331,19.9827
4238.0000,14.3680,16.5571
4239.0000,12.7406,13.1007
4240.0000,15.1243,17.1701
4241.0000,17.6833,20.0691
4242.0000,14.9151,16.9626
4243.0000,9.4160,11.1085
4244.0000,11.5186,13.5352
4245.0000,17.1877,17.5953
4246.0000,6.0521,6.7253
4247.0000,14.7152,15.2325
4248.0000,18.1293,20.1567
4249.0000,17.6640,18.1273
4250.0000,16.8307,19.2483
4251.0000,17.9309,19.3924
4252.0000,17.9894,20.1011
4253.0000,18.0632,18.4926
4254.0000,16.8828,19.1440
4255.0000,18.6478,20.5791
4256.0000,17.7184,19.8333
4257.0000,17.6744,18.1642
4258.0000,17.7486,18.2962
4259.0000,40.7314,41.3128
4260.0000,34.6078,35.3682
4261.0000,42.7078,43.3793
4262.0000,41.3659,42.2303
4263.0000,34.8528,35.5073
4264.0000,46.3466,48.1146
4265.0000,44.6667,45.4235
4266.0000,41.4142,42.9579
4267.0000,17.4389,19.3834
4268.0000,17.8902,19.8969
4269.0000,17.6298,18.0930
4270.0000,16.8610,18.9653
4271.0000,17.6074,19.4247
4272.0000,17.8665,20.0214
4273.0000,17.5280,19.2939
4274.0000,14.8319,16.9405
4275.0000,11.7014,13.4540
4276.0000,13.2787,15.3140
4277.0000,17.7657,19.4107
4278.0000,14.8604,16.9273
4279.0000,11.6089,12.0937
4280.0000,13.2520,15.2734
4281.0000,17.8080,18.2613
4282.0000,16.9915,19.1067
4283.0000,46.2628,46.6329
4284.0000,46.6474,48.3078
4285.0000,45.2505,46.0253
4286.0000,41.6265,42.4406
4287.0000,35.2836,36.2017
4288.0000,44.1723,46.3265
4289.0000,45.4974,46.1560
4290.0000,40.7744,42.4672
4291.0000,35.3655,36.1508
4292.0000,41.5932,42.3846
4293.0000,45.3094,46.2827
4294.0000,16.4976,19.5009
4295.0000,16.8712,17.3158
4296.0000,44.9770,48.3119
4297.0000,44.1767,44.9057
4298.0000,41.5767,42.4058
4299.0000,35.9239,36.7452
4300.0000,42.4248,43.1930
4301.0000,45.5908,46.3410
4302.0000,41.8173,42.5439
4303.0000,34.5198,35.2161
4304.0000,16.6464,18.5852
4305.0000,17.6999,18.1685
4306.0000,16.9856,19.1508
4307.0000,16.8226,17.2922
4308.0000,18.1011,20.1394
4309.0000,17.6729,19.7083
4310.0000,14.9180,17.0224
4311.0000,11.7760,13.4321
4312.0000,12.7121,13.2788
4313.0000,18.1245,19.2017
4314.0000,15.0743,17.1207
4315.0000,11.4892,12.7753
4316.0000,14.4154,16.4533
4317.0000,17.8963,19.0609
4318.0000,14.7378,17.0799
4319.0000,11.6485,12.7614
4320.0000,14.1636,16.2382
4321.0000,17.9188,19.0416
4322.0000,15.1583,17.3366
4323.0000,11.6190,13.3691
4324.0000,14.3242,16.3885
4325.0000,16.4784,16.8364
4326.0000,16.8920,19.0109
4327.0000,16.9530,18.0965
4328.0000,17.7345,18.2404
4329.0000,40.9544,41.4746
4330.0000,41.3546,42.0844
4331.0000,37.4840,38.1358
4332.0000,17.5691,19.7960
4333.0000,17.0265,17.4155
4334.0000,17.1122,19.1686
4335.0000,17.1115,17.6501
4336.0000,16.8697,19.1524
4337.0000,17.2837,17.7294
4338.0000,16.9399,19.1069
4339.0000,16.5603,17.0016
4340.0000,17.8319,19.8929
4341.0000,18.0439,19.3632
4342.0000,14.6682,16.7632
4343.0000,11.5779,13.2082
4344.0000,12.9298,15.0097
4345.0000,17.3826,19.4204
4346.0000,17.1120,18.8406
4347.0000,16.7326,17.1534
4348.0000,46.9255,49.1205
4349.0000,46.3938,47.1711
4350.0000,43.4877,44.1991
4351.0000,31.8006,32.6376
4352.0000,18.1643,20.3090
4353.0000,17.8135,18.9936
4354.0000,14.8579,16.9845
4355.0000,11.6448,13.4326
4356.0000,14.3853,16.4824
4357.0000,18.0264,20.1149
4358.0000,14.9318,17.0425
4359.0000,11.6212,12.1202
4360.0000,14.3755,16.5552
4361.0000,17.7510,18.1451
4362.0000,17.1155,19.2640
4363.0000,9.3573,11.1045
4364.0000,12.5587,15.2301
4365.0000,17.3030,17.7321
4366.0000,16.4917,18.9677
4367.0000,17.6015,19.1277
4368.0000,17.9144,19.9591
4369.0000,17.6421,19.2560
4370.0000,14.7320,17.4602
4371.0000,11.4465,13.1910
4372.0000,12.7810,14.8972
4373.0000,17.8078,18.2627
4374.0000,16.8876,18.9689
4375.0000,17.7593,19.3148
4376.0000,18.0768,20.5736
4377.0000,17.6310,18.8339
4378.0000,14.7080,16.8580
4379.0000,11.2020,11.6188
4380.0000,14.4571,16.5477
4381.0000,17.5071,17.9823
4382.0000,16.9606,19.0972
4383.0000,16.9416,17.4860
4384.0000,17.8330,19.8305
4385.0000,17.5792,18.0049
4386.0000,16.9275,19.1716
4387.0000,17.3076,19.2360
4388.0000,17.6306,19.7644
4389.0000,17.5387,19.5892
4390.0000,14.8303,17.5935
4391.0000,11.6147,12.0482
4392.0000,13.0484,15.0533
4393.0000,17.8332,18.2807
4394.0000,16.4531,19.0909
4395.0000,16.6176,17.0785
4396.0000,17.9883,20.0937
4397.0000,17.4943,17.9665
4398.0000,16.8670,19.0071
4399.0000,16.6212,17.0790
4400.0000,17.8996,20.1052
4401.0000,17.2310,17.6707
4402.0000,16.8206,19.0576
4403.0000,17.0283,17.4930
4404.0000,17.7386,19.8047
4405.0000,17.2119,17.7464
4406.0000,16.9009,19.0611
4407.0000,17.7390,19.3770
4408.0000,16.9764,18.9409
4409.0000,17.7141,18.1740
4410.0000,16.8453,19.0327
4411.0000,16.9236,17.3798
4412.0000,17.8952,19.9608
4413.0000,17.9690,18.4390
4414.0000,16.9754,19.0883
4415.0000,16.7431,17.2281
4416.0000,18.1151,20.1828
4417.0000,17.5720,18.0894
4418.0000,16.9671,19.0948
4419.0000,17.5739,19.5846
4420.0000,17.9387,19.9926
4421.0000,18.4240,19.8207
4422.0000,14.8978,17.0979
4423.0000,11.0607,11.5313
4424.0000,14.4830,16.6089
4425.0000,17.7284,18.8824
4426.0000,14.7417,17.2211
4427.0000,11.5054,13.0643
4428.0000,14.1230,16.1797
4429.0000,17.7440,19.4170
4430.0000,14.9268,17.0961
4431.0000,11.6035,13.3949
4432.0000,13.1385,15.1536
4433.0000,17.7502,19.7761
4434.0000,17.6741,18.2477
4435.0000,16.8239,17.2766
4436.0000,45.8895,48.5561
4437.0000,18.3908,18.7784
4438.0000,16.4899,18.1066
4439.0000,16.8616,17.3347
4440.0000,45.3692,48.9242
4441.0000,45.8952,46.6719
4442.0000,42.1414,43.0229
4443.0000,17.5088,19.6214
4444.0000,17.9320,20.0087
4445.0000,17.9435,19.1106
4446.0000,14.8265,16.9260
4447.0000,11.4643,13.4797
4448.0000,13.2308,15.2639
4449.0000,17.7389,18.2422
4450.0000,16.8899,19.1135
4451.0000,16.7906,17.2624
4452.0000,17.9259,19.9902
4453.0000,18.0562,18.4713
4454.0000,16.9674,19.1505
4455.0000,17.1822,17.6661
4456.0000,17.8941,19.9533
4457.0000,16.9488,17.3755
4458.0000,8.7962,10.2176
4459.0000,11.1795,11.6446
4460.0000,13.4501,15.4663
4461.0000,17.3023,17.7956
4462.0000,17.0408,19.1043
4463.0000,18.0187,19.6317
4464.0000,18.0313,19.4495
4465.0000,17.7979,19.5380
4466.0000,14.9735,17.2156
4467.0000,10.5573,12.0775
4468.0000,15.4412,19.0838
4469.0000,17.8683,18.3329
4470.0000,16.7916,19.0031
4471.0000,17.4860,19.4834
4472.0000,17.8183,20.0045
4473.0000,17.6043,19.3954
4474.0000,15.0962,17.6563
4475.0000,11.6894,12.8240
4476.0000,13.2930,15.3486
4477.0000,17.9356,20.0993
4478.0000,14.9270,17.1317
4479.0000,11.6087,13.3195
4480.0000,13.1332,15.1404
4481.0000,17.5491,17.9931
4482.0000,16.8709,19.0612
4483.0000,10.4493,12.4805
4484.0000,12.5094,14.5452
4485.0000,17.8714,18.3195
4486.0000,17.0148,19.1156
4487.0000,16.8135,17.2695
4488.0000,17.5236,19.5442
4489.0000,17.2554,17.7001
4490.0000,17.0337,19.1907
4491.0000,17.0338,17.5181
4492.0000,17.8963,21.2804
4493.0000,17.7685,18.3353
4494.0000,16.8162,18.9902
4495.0000,50.9793,52.1642
4496.0000,46.4737,48.0371
4497.0000,43.3023,44.7319
4498.0000,41.3011,42.3763
4499.0000,34.4062,35.1232
4500.0000,17.9719,21.0996
4501.0000,17.3186,17.7563
4502.0000,16.5581,19.1816
4503.0000,16.5829,17.7857
4504.0000,17.5887,19.6949
4505.0000,17.3591,19.4508
4506.0000,14.6427,16.7118
4507.0000,11.1043,12.1591
4508.0000,14.3816,16.4987
4509.0000,17.7347,19.3617
4510.0000,14.7279,16.8765
4511.0000,11.4408,12.5520
4512.0000,14.4625,16.4915
4513.0000,17.6506,19.6048
4514.0000,14.5959,16.9677
4515.0000,11.5316,12.0597
4516.0000,14.1138,16.2061
4517.0000,17.4548,18.5718
4518.0000,16.8999,19.0274
4519.0000,17.2870,19.2324
4520.0000,18.0803,20.2495
4521.0000,17.8151,19.6204
4522.0000,14.7956,16.9650
4523.0000,11.7120,12.1440
4524.0000,14.1147,16.1690
4525.0000,17.5771,19.6159
4526.0000,14.9123,17.0372
4527.0000,11.4289,13.1717
4528.0000,6.0649,6.6681
4529.0000,15.0036,15.4881
4530.0000,16.8827,18.9627
4531.0000,16.7288,17.8147
4532.0000,17.9409,20.7165
4533.0000,17.8631,19.0226
4534.0000,14.9450,17.0301
4535.0000,11.6121,13.5229
4536.0000,14.1226,16.2298
4537.0000,17.1879,17.7099
4538.0000,16.8854,19.0418
4539.0000,16.8550,17.3172
4540.0000,18.1134,20.1488
4541.0000,17.2808,17.7503
4542.0000,16.9761,19.1656
4543.0000,11.5319,12.0663
4544.0000,12.3614,14.3914
4545.0000,17.6570,18.0806
4546.0000,16.7281,19.1909
4547.0000,37.5341,37.9939
4548.0000,40.1153,40.9946
4549.0000,38.4603,39.2185
4550.0000,16.9989,19.2403
4551.0000,49.4449,49.9929
4552.0000,47.3096,48.0237
4553.0000,44.5749,45.3204
4554.0000,42.9622,44.0202
4555.0000,31.4671,32.1235
4556.0000,18.0187,20.2701
4557.0000,17.9306,18.4091
4558.0000,17.6885,18.8492
4559.0000,50.6522,51.8918
4560.0000,46.0639,47.8018
4561.0000,43.5371,44.3125
4562.0000,14.3964,16.1321
4563.0000,11.9115,14.5896
4564.0000,17.9693,20.0202
4565.0000,17.3048,17.7833
4566.0000,16.4999,18.0837
4567.0000,40.3692,40.9208
4568.0000,31.8552,32.4426
4569.0000,44.7559,45.4986
4570.0000,41.6618,42.4820
4571.0000,16.9725,17.6598
4572.0000,17.5777,19.6751
4573.0000,17.1653,18.9241
4574.0000,14.8455,17.1083
4575.0000,11.6812,12.2444
4576.0000,14.1534,16.1904
4577.0000,17.2919,17.7746
4578.0000,16.8163,19.2466
4579.0000,50.8732,51.9815
4580.0000,43.0364,43.7805
4581.0000,46.0095,46.6971
4582.0000,41.2317,42.0294
4583.0000,36.6674,37.3848
4584.0000,18.0500,21.1572
4585.0000,17.7454,19.5187
4586.0000,14.9862,17.2164
4587.0000,11.3868,13.1576
4588.0000,13.3279,14.8689
4589.0000,17.6848,19.6563
4590.0000,14.9892,17.1451
4591.0000,11.6398,13.3687
4592.0000,14.4595,16.5363
4593.0000,17.6507,18.1812
4594.0000,16.8495,19.1137
4595.0000,17.0018,17.4745
4596.0000,17.6214,19.5327
4597.0000,17.9892,20.2435
4598.0000,14.7889,17.1419
4599.0000,11.6834,12.1767
4600.0000,13.1385,15.1360
4601.0000,18.1910,19.4803
4602.0000,14.8267,16.9195
4603.0000,10.0941,12.0409
4604.0000,11.7076,14.1458
4605.0000,17.9751,19.3781
4606.0000,15.0224,17.2196
4607.0000,11.5758,11.9889
4608.0000,14.2836,16.5681
4609.0000,17.8629,19.1605
4610.0000,14.9415,17.0137
4611.0000,11.6386,12.0890
4612.0000,12.8877,15.0212
4613.0000,17.7395,18.2170
4614.0000,16.6962,19.0063
4615.0000,17.4501,18.8684
4616.0000,17.7582,19.8370
4617.0000,17.7452,19.4371
4618.0000,15.2939,17.4786
4619.0000,11.5771,13.2747
4620.0000,13.3933,15.4064
4621.0000,17.7065,19.2241
4622.0000,14.9494,17.0551
4623.0000,12.2484,12.6853
4624.0000,14.1307,16.1748
4625.0000,17.9555,18.3864
4626.0000,17.1828,18.6303
4627.0000,17.1231,17.6747
4628.0000,46.2811,48.4873
4629.0000,43.2060,43.9285
4630.0000,42.3146,43.1011
4631.0000,33.9382,34.5975
4632.0000,17.6573,20.1354
4633.0000,17.5682,20.1936
4634.0000,14.6800,16.8502
4635.0000,11.5656,12.0227
4636.0000,13.3023,15.3430
4637.0000,17.7953,18.8047
4638.0000,14.6256,16.7823
4639.0000,11.9251,14.7816
4640.0000,17.6988,19.8727
4641.0000,10.7053,11.7440
4642.0000,17.3045,18.9139
4643.0000,15.3970,15.9385
4644.0000,44.9189,48.5417
4645.0000,44.7189,45.5085
4646.0000,41.5786,42.4318
4647.0000,35.9389,36.6667
4648.0000,17.7336,19.9196
4649.0000,17.7454,18.3071
4650.0000,16.8869,18.9760
4651.0000,16.8929,17.3858
4652.0000,17.9505,20.0952
4653.0000,18.1230,18.6096
4654.0000,14.6931,16.9278
4655.0000,11.6318,12.1285
4656.0000,14.2906,16.4179
4657.0000,17.0839,17.5438
4658.0000,16.8035,18.9852
4659.0000,16.5971,17.7618
4660.0000,17.8256,19.8746
4661.0000,17.8332,18.3919
4662.0000,16.6569,18.8032
4663.0000,6.1565,6.3897
4664.0000,16.2502,19.5310
4665.0000,17.2609,17.6897
4666.0000,16.9909,19.0447
4667.0000,17.5371,19.8492
4668.0000,18.0570,20.2302
4669.0000,17.9150,18.3487
4670.0000,16.8320,19.2417
4671.0000,16.7767,17.2445
4672.0000,17.8411,19.8887
4673.0000,17.6978,18.1533
4674.0000,16.6827,17.0838
4675.0000,13.2138,14.3515
4676.0000,18.0683,20.0952
4677.0000,17.4594,19.2343
4678.0000,14.5753,16.7714
4679.0000,11.5449,12.0216
4680.0000,12.9396,14.9412
4681.0000,17.7375,18.2147
4682.0000,17.7791,18.3117
4683.0000,17.9936,19.5159
4684.0000,44.9786,48.0981
4685.0000,45.4426,46.0878
4686.0000,41.0965,41.8110
4687.0000,35.8668,36.7280
4688.0000,42.3076,43.1555
4689.0000,45.0694,45.6897
4690.0000,42.1402,42.9955
4691.0000,34.9274,35.5663
4692.0000,45.9090,46.5600
4693.0000,38.7758,39.5202
4694.0000,17.2495,17.6961
4695.0000,13.7411,17.0219
4696.0000,17.9271,19.9504
4697.0000,17.3544,17.8081
4698.0000,16.8664,19.0076
4699.0000,16.7236,18.0051
4700.0000,18.5205,20.6221
4701.0000,17.3378,17.7825
4702.0000,16.9497,19.1935
4703.0000,43.5992,43.9980
4704.0000,17.8285,20.1780
4705.0000,17.4969,17.9907
4706.0000,16.9266,19.0229
4707.0000,16.6368,17.1365
4708.0000,17.8872,19.9818
4709.0000,16.9311,17.3831
4710.0000,16.6899,19.0982
4711.0000,16.5882,17.7480
4712.0000,45.7853,48.0215
4713.0000,43.3844,44.1573
4714.0000,41.4048,42.2820
4715.0000,35.3255,35.9769
4716.0000,17.9543,21.1296
4717.0000,17.7932,19.8444
4718.0000,14.8341,16.9041
4719.0000,11.7499,12.2233
4720.0000,13.2542,15.2854
4721.0000,17.6665,18.1472
4722.0000,16.8900,19.0531
4723.0000,12.2345,13.7573
4724.0000,13.4558,15.4747
4725.0000,18.0140,18.4567
4726.0000,17.0589,19.2009
4727.0000,16.9369,17.3826
4728.0000,17.9998,20.1183
4729.0000,17.2893,17.7755
4730.0000,16.8060,19.2635
4731.0000,17.0372,17.5042
4732.0000,18.2699,18.7980
4733.0000,17.8176,18.9578
4734.0000,14.8945,17.0279
4735.0000,11.5190,12.7194
4736.0000,14.1569,16.1760
4737.0000,17.7978,18.9497
4738.0000,14.9202,17.1331
4739.0000,11.6486,12.1468
4740.0000,12.8476,13.3918
4741.0000,17.3111,17.7631
4742.0000,17.9496,18.4980
4743.0000,16.4817,16.8822
4744.0000,47.6410,48.2447
4745.0000,43.4717,44.2395
4746.0000,41.7149,42.5088
4747.0000,35.6195,36.3449
4748.0000,43.0201,43.9065
4749.0000,46.3682,46.9498
4750.0000,41.5188,42.3182
4751.0000,35.0224,35.8153
4752.0000,17.9403,21.2213
4753.0000,17.7194,19.6724
4754.0000,14.8998,17.3663
4755.0000,11.6434,12.2149
4756.0000,13.3768,15.4179
4757.0000,17.7047,18.1933
4758.0000,16.9059,19.0966
4759.0000,16.8505,17.3365
4760.0000,18.0144,20.0350
4761.0000,17.6033,18.0674
4762.0000,16.7808,18.9869
4763.0000,16.9908,17.4277
4764.0000,17.8459,19.9182
4765.0000,17.3193,17.7607
4766.0000,16.8465,19.0160
4767.0000,16.7859,17.2823
4768.0000,17.8759,19.8854
4769.0000,17.8770,18.3490
4770.0000,12.2933,13.0374
4771.0000,11.4968,11.9783
4772.0000,14.3701,16.4175
4773.0000,20.7270,21.1934
4774.0000,14.7676,17.2065
4775.0000,11.3122,11.7846
4776.0000,14.4071,16.7183
4777.0000,17.3367,17.8014
4778.0000,16.8742,18.9813
4779.0000,16.8563,17.2831
4780.0000,17.8595,19.9357
4781.0000,17.7392,18.2396
4782.0000,16.8496,18.9393
4783.0000,12.5676,13.0640
4784.0000,14.1933,16.2733
4785.0000,17.3721,17.8189
4786.0000,16.9451,19.0655
4787.0000,16.7191,17.1807
4788.0000,17.9417,18.4683
4789.0000,17.2017,17.6452
4790.0000,16.9714,19.1636
4791.0000,17.1038,17.5702
4792.0000,17.4823,19.7956
4793.0000,17.7520,19.5273
4794.0000,14.6138,16.7064
4795.0000,11.5302,13.3114
4796.0000,13.0334,15.1817
4797.0000,17.7285,19.4800
4798.0000,14.8975,17.1873
4799.0000,11.4916,12.6600
4800.0000,14.2981,16.3836
4801.0000,17.4399,19.2160
4802.0000,14.9682,17.0891
4803.0000,11.5067,11.9977
4804.0000,13.1827,15.2047
4805.0000,17.8099,18.3456
4806.0000,16.9628,19.1243
4807.0000,17.8126,19.3998
4808.0000,17.9042,20.2666
4809.0000,17.6663,19.3796
4810.0000,14.7733,16.8430
4811.0000,11.3595,13.2482
4812.0000,13.1648,15.1940
4813.0000,17.1823,17.6238
4814.0000,17.9502,18.4994
4815.0000,48.4730,51.9390
4816.0000,41.5706,42.4790
4817.0000,44.5947,45.2875
4818.0000,43.2922,44.0281
4819.0000,32.4316,33.0767
4820.0000,47.3320,48.0402
4821.0000,44.3784,45.2144
4822.0000,41.7218,42.5555
4823.0000,34.3835,35.1286
4824.0000,46.0742,48.2810
4825.0000,44.4198,45.4403
4826.0000,40.8008,41.6157
4827.0000,36.2690,37.0113
4828.0000,41.5792,42.3526
4829.0000,45.4266,46.1125
4830.0000,41.7911,42.5804
4831.0000,35.5953,36.3043
4832.0000,43.0106,43.7398
4833.0000,46.0060,46.8270
4834.0000,41.4556,42.1514
4835.0000,36.3020,36.9629
4836.0000,18.0336,20.9233
4837.0000,17.7812,20.2467
4838.0000,14.8995,17.0601
4839.0000,11.8486,12.3352
4840.0000,14.4849,16.7171
4841.0000,17.6169,18.0376
4842.0000,16.9359,19.0254
4843.0000,14.2645,14.7157
4844.0000,18.1313,20.1986
4845.0000,17.5671,20.7180
4846.0000,15.0264,17.1185
4847.0000,11.6082,13.3364
4848.0000,13.3138,15.3512
4849.0000,17.8063,18.8994
4850.0000,14.9546,17.0804
4851.0000,11.5909,13.3496
4852.0000,14.1892,16.2954
4853.0000,17.9596,18.4077
4854.0000,16.9895,19.1421
4855.0000,16.9061,17.3776
4856.0000,17.9001,19.9820
4857.0000,17.7868,19.4583
4858.0000,14.9723,17.1581
4859.0000,11.6794,12.1470
4860.0000,14.0920,16.1802
4861.0000,17.6845,18.1708
4862.0000,17.0438,19.1872
4863.0000,16.9953,17.4517
4864.0000,18.0064,20.0326
4865.0000,17.7663,18.2472
4866.0000,16.9673,19.1557
4867.0000,16.6974,17.1108
4868.0000,17.9306,20.0070
4869.0000,17.8459,18.3419
4870.0000,16.8954,19.0294
4871.0000,16.9730,17.4540
4872.0000,18.1556,20.2112
4873.0000,18.1384,18.6001
4874.0000,17.9466,18.5030
4875.0000,39.8876,40.6071
4876.0000,18.1508,20.4528
4877.0000,17.7012,18.8333
4878.0000,15.0072,17.2009
4879.0000,11.9658,14.1934
4880.0000,18.0508,20.1687
4881.0000,17.9231,19.0742
4882.0000,14.9010,17.0191
4883.0000,11.8878,13.6279
4884.0000,14.2283,16.3067
4885.0000,17.8070,18.9070
4886.0000,14.9716,17.3573
4887.0000,11.5984,12.7696
4888.0000,14.4027,16.4906
4889.0000,17.8262,18.9411
4890.0000,14.9449,17.0708
4891.0000,11.5143,13.3147
4892.0000,14.4414,16.5282
4893.0000,18.1454,21.4357
4894.0000,13.2863,15.3800
4895.0000,11.6484,12.0646
4896.0000,14.4808,17.1435
4897.0000,17.2067,17.6505
4898.0000,16.8909,19.0795
4899.0000,16.7682,17.2158
4900.0000,17.5736,19.9944
4901.0000,17.6970,18.1484
4902.0000,17.1506,18.6249
4903.0000,14.8802,16.3134
4904.0000,44.8442,47.0005
4905.0000,44.2008,44.7519
4906.0000,41.2289,41.9515
4907.0000,35.6864,36.4189
4908.0000,42.8404,43.5692
4909.0000,44.3877,45.0425
4910.0000,40.5276,41.4485
4911.0000,17.4851,19.4515
4912.0000,17.8735,19.9454
4913.0000,17.6688,19.4441
4914.0000,17.0868,18.8402
4915.0000,49.4826,50.0231
4916.0000,47.2452,47.9432
4917.0000,44.7396,45.7726
4918.0000,41.3546,42.0691
4919.0000,16.9218,17.7503
4920.0000,18.0069,20.1564
4921.0000,17.6523,18.1039
4922.0000,16.8851,18.9899
4923.0000,17.6816,19.7664
4924.0000,17.8468,19.9810
4925.0000,17.5331,18.0860
4926.0000,16.8987,19.0636
4927.0000,16.7970,17.2445
4928.0000,18.0444,20.0706
4929.0000,17.0184,17.4207
4930.0000,16.7928,18.9800
4931.0000,16.4817,16.9386
4932.0000,17.8996,19.9261
4933.0000,17.8936,19.6233
4934.0000,17.1731,18.8169
4935.0000,41.2315,41.7436
4936.0000,33.5848,34.3366
4937.0000,42.2947,42.9785
4938.0000,42.3456,43.0168
4939.0000,34.9277,35.6349
4940.0000,47.2503,47.9547
4941.0000,44.0229,44.7839
4942.0000,41.5841,42.2584
4943.0000,34.9221,35.7231
4944.0000,45.2294,46.8686
4945.0000,44.6778,45.2917
4946.0000,40.6265,41.4897
4947.0000,37.6539,38.3871
4948.0000,39.5496,40.2742
4949.0000,39.2469,40.0247
4950.0000,38.6631,39.1931
4951.0000,39.6250,40.4109
4952.0000,32.5321,33.3215
4953.0000,43.5600,44.2898
4954.0000,16.8640,19.2097
4955.0000,16.9545,18.1075
4956.0000,46.4281,48.4828
4957.0000,43.2065,44.9761
4958.0000,41.3222,42.1416
4959.0000,36.3324,37.1116
4960.0000,17.9770,20.1784
4961.0000,17.7110,18.1498
4962.0000,16.5684,19.2306
4963.0000,44.7656,45.0872
4964.0000,32.0679,32.9424
4965.0000,45.8176,46.4946
4966.0000,41.6246,42.4078
4967.0000,34.5851,35.3361
4968.0000,45.2180,46.9443
4969.0000,46.0257,46.7017
4970.0000,40.5730,41.3863
4971.0000,36.3061,37.0052
4972.0000,41.3902,42.1310
4973.0000,45.8417,46.9316
4974.0000,23.9282,24.4330
4975.0000,17.0649,18.3636
4976.0000,18.2396,20.3074
4977.0000,17.6989,18.8261
4978.0000,14.9899,17.4263
4979.0000,11.5803,12.0819
4980.0000,13.1258,15.1176
4981.0000,17.7489,18.9039
4982.0000,14.7915,16.9758
4983.0000,11.3397,12.4884
4984.0000,14.1651,16.4201
4985.0000,17.6458,19.3469
4986.0000,14.7220,16.9895
4987.0000,11.5985,13.4152
4988.0000,13.1342,15.1242
4989.0000,17.8658,19.0723
4990.0000,15.0145,17.2262
4991.0000,11.5372,12.6460
4992.0000,14.5336,16.6759
4993.0000,17.9489,19.7223
4994.0000,15.0275,17.2044
4995.0000,11.6552,12.1647
4996.0000,13.3605,15.4020
4997.0000,17.8999,18.3483
4998.0000,16.8267,18.9153
4999.0000,38.6242,38.9740
5000.0000,17.9876,20.1846
5001.0000,17.6624,18.8728
5002.0000,14.6876,16.8265
5003.0000,11.9257,12.3677
5004.0000,14.1437,16.3147
5005.0000,17.7703,18.9589
5006.0000,14.8854,17.4944
5007.0000,11.5315,13.2700
5008.0000,14.0109,16.1481
5009.0000,17.8628,18.9445
5010.0000,14.6241,16.9494
5011.0000,11.6188,12.0848
5012.0000,14.0597,16.1259
5013.0000,17.8892,19.2893
5014.0000,14.6364,16.7500
5015.0000,11.5722,12.0325
5016.0000,13.0809,15.0768
5017.0000,17.4891,19.4997
5018.0000,14.8533,16.9639
5019.0000,11.6641,12.9002
5020.0000,14.0239,16.0874
5021.0000,17.6034,18.1169
5022.0000,16.9791,19.0946
5023.0000,7.0348,7.2736
5024.0000,11.5580,12.0401
5025.0000,18.0036,19.7877
5026.0000,14.9415,17.0764
5027.0000,11.9032,14.3971
5028.0000,17.9004,19.8277
5029.0000,17.6752,18.1041
5030.0000,16.8227,19.0219
5031.0000,16.2742,16.6801
5032.0000,18.0486,20.1665
5033.0000,17.6751,18.1351
5034.0000,16.5556,17.5863
5035.0000,12.9914,14.9499
5036.0000,18.0062,20.1320
5037.0000,17.7464,18.2570
5038.0000,17.9215,18.4850
5039.0000,16.8002,17.2233
5040.0000,46.7423,48.8788
5041.0000,44.4780,45.0642
5042.0000,41.0327,41.7158
5043.0000,38.0201,38.7945
5044.0000,39.8294,40.5219
5045.0000,16.4549,17.1098
5046.0000,17.6124,19.7182
5047.0000,16.6757,17.1265
5048.0000,17.6666,20.0928
5049.0000,17.1951,17.6676
5050.0000,16.9508,19.0852
5051.0000,16.7589,17.1994
5052.0000,18.0847,20.1790
5053.0000,7.2147,7.4610
5054.0000,17.7865,18.3089
5055.0000,48.7822,52.1268
5056.0000,43.9036,44.6580
5057.0000,45.3197,45.9445
5058.0000,42.6279,43.3120
5059.0000,32.0092,32.5156
5060.0000,32.0816,32.7277
5061.0000,49.3117,49.9536
5062.0000,41.2773,42.0799
5063.0000,37.1461,38.0553
5064.0000,32.9446,33.7142
5065.0000,44.4386,45.1525
5066.0000,41.6954,42.5105
5067.0000,35.0059,35.7379
5068.0000,29.0843,29.7456
5069.0000,17.8110,19.1568
5070.0000,17.8648,18.4762
5071.0000,17.8479,19.5205
5072.0000,45.2597,47.3939
5073.0000,36.4804,37.1427
5074.0000,13.1993,16.2950
5075.0000,11.5667,12.7195
5076.0000,14.1479,16.2225
5077.0000,17.8757,20.5275
5078.0000,14.9420,17.1188
5079.0000,11.6316,12.9116
5080.0000,14.5238,16.5862
5081.0000,17.3198,17.7360
5082.0000,16.9171,19.0975
5083.0000,16.6961,18.7586
5084.0000,18.2350,20.2775
5085.0000,17.3253,17.8081
5086.0000,16.7756,19.1755
5087.0000,16.8703,17.2962
5088.0000,17.8775,19.9456
5089.0000,17.6224,18.0799
5090.0000,16.9181,19.0574
5091.0000,16.9253,18.2277
5092.0000,17.8170,19.8596
5093.0000,18.0854,19.2404
5094.0000,14.7302,16.8538
5095.0000,11.4649,12.9018
5096.0000,14.3890,16.7691
5097.0000,17.4576,19.2110
5098.0000,14.9073,17.5910
5099.0000,11.5220,13.1978
5100.0000,13.4291,15.4589
5101.0000,17.6590,19.4623
5102.0000,14.9153,17.1636
5103.0000,11.7294,12.1470
5104.0000,14.2519,16.3072
5105.0000,17.7745,18.2457
5106.0000,16.9290,19.0778
5107.0000,16.7436,17.2198
5108.0000,17.9316,19.9957
5109.0000,18.0396,18.5229
5110.0000,14.8923,17.0152
5111.0000,11.4767,11.9572
5112.0000,14.5302,16.8937
5113.0000,18.0670,18.5142
5114.0000,17.0298,19.1238
5115.0000,16.9144,17.3874
5116.0000,18.0227,18.5856
5117.0000,17.7509,18.2101
5118.0000,16.6835,19.2151
5119.0000,16.9452,17.3647
5120.0000,18.0054,20.0370
5121.0000,17.9223,19.2891
5122.0000,14.8676,17.1695
5123.0000,11.7980,13.5484
5124.0000,14.1038,16.1664
5125.0000,17.6985,18.1463
5126.0000,17.8889,18.4449
5127.0000,16.9541,17.4206
5128.0000,44.6805,46.8318
5129.0000,45.9885,46.6283
5130.0000,17.1345,19.3514
5131.0000,17.7130,19.5019
5132.0000,44.4589,46.5759
5133.0000,44.9618,45.6059
5134.0000,40.6024,42.8469
5135.0000,33.7868,34.4936
5136.0000,46.9822,48.6802
5137.0000,44.5205,45.2023
5138.0000,42.6942,43.5949
5139.0000,33.9003,34.5986
5140.0000,43.8572,44.5746
5141.0000,45.7275,46.4931
5142.0000,42.4676,43.2051
5143.0000,34.0718,34.7620
5144.0000,18.3391,21.5259
5145.0000,18.8517,20.2463
5146.0000,14.9088,17.0171
5147.0000,11.8141,12.2983
5148.0000,13.2546,15.3107
5149.0000,17.8384,18.9477
5150.0000,14.8910,17.0236
5151.0000,11.6056,12.7511
5152.0000,13.2433,15.2750
5153.0000,17.7817,18.2665
5154.0000,16.8692,19.0483
5155.0000,17.8912,19.4994
5156.0000,18.0718,20.0874
5157.0000,18.1296,19.2566
5158.0000,15.0787,17.2833
5159.0000,11.6061,12.0695
5160.0000,14.3768,16.4505
5161.0000,17.5297,18.8494
5162.0000,15.1203,17.4418
5163.0000,11.5299,13.2773
5164.0000,13.4685,15.5133
5165.0000,17.3101,17.7802
5166.0000,16.9134,19.1612
5167.0000,16.7762,17.2316
5168.0000,17.6988,19.7367
5169.0000,17.1843,17.5948
5170.0000,16.6834,19.2633
5171.0000,17.0223,17.5053
5172.0000,17.7620,19.8280
5173.0000,16.9566,17.3654
5174.0000,16.6704,19.3451
5175.0000,17.3490,19.2788
5176.0000,17.3320,19.4003
5177.0000,17.8572,19.0120
5178.0000,14.6040,16.8197
5179.0000,11.7405,12.8623
5180.0000,14.3652,17.4529
5181.0000,17.8565,18.2743
5182.0000,16.8384,19.0600
5183.0000,16.7654,17.2354
5184.0000,17.8361,19.8517
5185.0000,17.8157,18.9778
5186.0000,14.8471,16.9207
5187.0000,11.4726,13.3855
5188.0000,14.4188,16.5594
5189.0000,17.4574,18.6078
5190.0000,14.6645,16.7773
5191.0000,11.5621,13.3297
5192.0000,13.1968,15.2066
5193.0000,17.4674,19.7672
5194.0000,14.8870,17.2476
5195.0000,11.5993,13.1970
5196.0000,14.3219,16.3995
5197.0000,18.1886,20.0801
5198.0000,15.1608,17.3659
5199.0000,11.6162,13.3429
5200.0000,14.1463,16.2089
5201.0000,17.7472,18.1791
5202.0000,16.8774,19.2883
5203.0000,16.8008,17.3040
5204.0000,17.6769,19.7250
5205.0000,17.8257,18.2625
5206.0000,16.9948,19.1198
5207.0000,16.8624,17.2753
5208.0000,17.8022,20.5858
5209.0000,17.4973,19.9132
5210.0000,14.8378,17.0065
5211.0000,11.6398,13.2294
5212.0000,12.8384,14.8207
5213.0000,17.7609,18.2337
5214.0000,16.8417,18.9740
5215.0000,17.8167,19.6263
5216.0000,17.9859,20.0321
5217.0000,17.6824,18.1736
5218.0000,16.9101,19.0715
5219.0000,17.8110,19.3393
5220.0000,17.7246,19.7220
5221.0000,17.0852,17.5144
5222.0000,16.9815,19.1113
5223.0000,15.5045,15.9505
5224.0000,18.0258,20.0938
5225.0000,17.3660,17.7975
5226.0000,16.7534,18.8781
5227.0000,17.1844,18.3320
5228.0000,17.9381,20.0679
5229.0000,17.9026,19.2029
5230.0000,14.8661,17.0045
5231.0000,11.7593,12.2469
5232.0000,14.2537,16.3200
5233.0000,18.1167,19.7796
5234.0000,14.8737,17.1041
5235.0000,11.7697,13.2821
5236.0000,14.3196,16.3845
5237.0000,17.9014,19.4560
5238.0000,15.1676,17.3191
5239.0000,11.5519,12.0283
5240.0000,14.3438,16.4808
5241.0000,17.9263,19.0348
5242.0000,14.9512,17.1828
5243.0000,11.5679,13.5177
5244.0000,12.9278,14.9201
5245.0000,17.6881,18.7964
5246.0000,14.7117,16.8736
5247.0000,11.5315,12.7175
5248.0000,12.3993,12.9100
5249.0000,17.4143,19.2145
5250.0000,14.8651,16.9699
5251.0000,11.6344,13.4164
5252.0000,13.0830,15.1279
5253.0000,17.8281,19.5229
5254.0000,14.9941,17.1018
5255.0000,11.5729,12.8710
5256.0000,13.2466,15.3123
5257.0000,17.7119,19.2601
5258.0000,15.0465,17.2049
5259.0000,11.7982,13.5879
5260.0000,12.9401,14.6880
5261.0000,18.1841,19.6918
5262.0000,14.8304,17.6276
5263.0000,11.6598,13.4790
5264.0000,11.5787,13.1257
5265.0000,17.8109,19.5015
5266.0000,14.8180,17.4191
5267.0000,11.5997,13.0610
5268.0000,11.3283,12.9656
5269.0000,17.7653,19.3362
5270.0000,14.8377,17.0253
5271.0000,11.6566,13.2371
5272.0000,14.3512,16.5856
5273.0000,17.5939,18.0272
5274.0000,16.8843,18.9602
5275.0000,17.7892,19.5902
5276.0000,18.0274,20.1900
5277.0000,17.7201,19.5036
5278.0000,14.9740,17.1639
5279.0000,11.5575,12.0374
5280.0000,13.9291,15.9503
5281.0000,17.1460,17.5675
5282.0000,16.9309,19.0727
5283.0000,15.5186,16.9438
5284.0000,18.1246,18.6504
5285.0000,18.8364,19.2777
5286.0000,16.9891,19.1353
5287.0000,16.6832,17.1490
5288.0000,17.9939,20.0044
5289.0000,17.8114,19.3348
5290.0000,14.9184,17.0246
5291.0000,11.8037,12.2984
5292.0000,14.1195,16.2031
5293.0000,19.0861,20.4016
5294.0000,15.0659,17.5103
5295.0000,11.5621,13.4946
5296.0000,6.2423,7.0411
5297.0000,15.0996,15.5406
5298.0000,16.8834,19.0683
5299.0000,16.7507,17.2202
5300.0000,17.2684,19.6774
5301.0000,17.1979,17.6599
5302.0000,17.0152,19.1922
5303.0000,16.8725,17.2910
5304.0000,17.7776,19.8359
5305.0000,17.3828,17.8208
5306.0000,17.7524,18.3964
5307.0000,17.6365,19.3291
5308.0000,45.0903,47.3911
5309.0000,44.8726,45.5496
5310.0000,42.0069,42.8489
5311.0000,17.6586,19.2969
5312.0000,17.9405,19.9729
5313.0000,17.7906,19.4011
5314.0000,14.9381,17.0255
5315.0000,11.6380,12.0944
5316.0000,14.4026,16.5491
5317.0000,17.7449,19.8454
5318.0000,14.9204,17.0790
5319.0000,11.5387,12.8407
5320.0000,12.0299,14.0125
5321.0000,17.6713,19.6083
5322.0000,15.0345,17.1460
5323.0000,11.7597,12.2788
5324.0000,12.6532,13.2100
5325.0000,17.5285,17.9753
5326.0000,17.5911,18.6843
5327.0000,51.2161,52.8665
5328.0000,43.1004,44.3166
5329.0000,46.3855,47.0230
5330.0000,41.1478,41.9766
5331.0000,38.3317,38.9601
5332.0000,30.9605,31.7688
5333.0000,17.9071,20.7248
5334.0000,14.8488,17.2977
5335.0000,11.7566,12.1864
5336.0000,14.3239,16.4801
5337.0000,17.3521,17.7874
5338.0000,16.8742,18.9965
5339.0000,16.6583,17.0898
5340.0000,18.2590,20.4856
5341.0000,17.7334,19.3475
5342.0000,14.8355,16.9063
5343.0000,11.4820,13.2084
5344.0000,14.4253,16.5289
5345.0000,17.2665,17.7427
5346.0000,17.0128,19.1689
5347.0000,16.9774,17.4573
5348.0000,17.9979,20.0360
5349.0000,17.8516,19.1649
5350.0000,14.9216,17.2824
5351.0000,11.7982,12.2705
5352.0000,14.0879,16.1693
5353.0000,17.8906,18.3653
5354.0000,17.1194,18.9207
5355.0000,16.5964,17.0777
5356.0000,48.3102,48.6473
5357.0000,42.6051,43.2947
5358.0000,42.7288,43.3966
5359.0000,34.9297,35.5766
5360.0000,18.0494,20.2872
5361.0000,17.2673,17.7063
5362.0000,16.6888,19.1226
5363.0000,16.9800,17.4637
5364.0000,17.8177,19.8252
5365.0000,17.6301,18.0881
5366.0000,17.0244,19.1891
5367.0000,16.7858,17.2293
5368.0000,18.0743,20.2975
5369.0000,17.5347,17.9967
5370.0000,16.8422,19.1582
5371.0000,16.9423,17.4960
5372.0000,18.0206,20.0937
5373.0000,17.2661,17.6885
5374.0000,16.9179,19.0804
5375.0000,17.7910,19.5936
5376.0000,18.0870,20.2526
5377.0000,18.0073,19.1944
5378.0000,15.0100,17.1329
5379.0000,11.6624,13.5874
5380.0000,14.5177,16.5647
5381.0000,17.8220,18.8967
5382.0000,14.7303,16.8517
5383.0000,11.4908,12.6327
5384.0000,7.0881,8.2817
5385.0000,14.7478,16.5073
5386.0000,16.9898,19.1060
5387.0000,17.2604,18.3662
5388.0000,18.0839,20.2001
5389.0000,17.6374,19.3871
5390.0000,14.4217,16.4776
5391.0000,12.7961,13.2071
5392.0000,13.2467,15.2427
5393.0000,17.7900,19.2727
5394.0000,14.8086,16.9770
5395.0000,11.7440,12.1629
5396.0000,14.3518,16.4363
5397.0000,17.2852,17.7238
5398.0000,17.1872,17.6801
5399.0000,12.7906,13.2178
5400.0000,12.8562,14.9383
5401.0000,17.7680,18.1819
5402.0000,17.9068,18.4794
5403.0000,16.7500,17.2233
5404.0000,46.1084,48.3345
5405.0000,44.9828,45.7167
5406.0000,40.1018,42.4934
5407.0000,35.6013,36.4003
5408.0000,51.8274,52.7495
5409.0000,42.9778,43.7063
5410.0000,41.3037,42.6338
5411.0000,16.9125,17.5900
5412.0000,43.1632,44.1159
5413.0000,36.1829,37.3371
5414.0000,16.8235,19.2463
5415.0000,16.9145,17.4441
5416.0000,46.6890,47.2632
5417.0000,44.3616,45.0675
5418.0000,41.0646,41.9426
5419.0000,36.5299,37.2938
5420.0000,17.3902,19.1204
5421.0000,17.4720,20.2356
5422.0000,14.6473,16.7535
5423.0000,11.6014,12.0347
5424.0000,14.1873,16.2445
5425.0000,17.5004,19.2615
5426.0000,14.7009,17.1672
5427.0000,11.7670,14.5575
5428.0000,17.9017,19.9945
5429.0000,17.9058,18.3752
5430.0000,16.8495,18.9392
5431.0000,17.7956,20.4979
5432.0000,18.0486,20.1333
5433.0000,17.7781,19.4369
5434.0000,14.9161,17.3518
5435.0000,11.4810,13.4153
5436.0000,13.3576,15.3914
5437.0000,18.2433,18.7339
5438.0000,15.0607,17.5982
5439.0000,11.7328,12.1752
5440.0000,14.5108,16.6542
5441.0000,17.6649,18.1140
5442.0000,16.3605,18.6498
5443.0000,17.0289,17.4993
5444.0000,17.9085,20.0206
5445.0000,17.8867,18.3220
5446.0000,16.7792,19.2361
5447.0000,16.7529,17.1461
5448.0000,18.0395,20.0846
5449.0000,40.7138,41.1150
5450.0000,42.2709,43.0355
5451.0000,33.9409,34.6972
5452.0000,17.7714,19.9321
5453.0000,17.9601,18.4322
5454.0000,17.0143,19.0841
5455.0000,17.3599,19.1411
5456.0000,18.0196,19.5893
5457.0000,17.8783,18.3430
5458.0000,17.7051,18.3009
5459.0000,17.6007,19.0607
5460.0000,45.2404,48.4221
5461.0000,32.7255,33.3268
5462.0000,41.3876,42.2864
5463.0000,33.6613,34.4261
5464.0000,17.9523,21.0262
5465.0000,17.9130,19.2935
5466.0000,14.8224,16.8929
5467.0000,11.5343,13.2539
5468.0000,14.1923,16.3223
5469.0000,17.7195,18.8838
5470.0000,17.6880,18.3987
5471.0000,49.4140,51.4510
5472.0000,14.3264,14.7817
5473.0000,18.4443,18.8716
5474.0000,14.6630,16.7195
5475.0000,11.6058,12.1005
5476.0000,14.3282,17.0113
5477.0000,17.2907,17.7398
5478.0000,16.9256,19.0197
5479.0000,37.1886,37.5489
5480.0000,39.1315,39.8961
5481.0000,39.6485,40.4203
5482.0000,16.8322,19.0959
5483.0000,41.0158,41.5058
5484.0000,17.7929,19.9483
5485.0000,17.3915,19.3789
5486.0000,14.8381,17.0374
5487.0000,11.7551,12.8810
5488.0000,14.2819,16.4716
5489.0000,17.8116,19.5559
5490.0000,14.6333,16.7643
5491.0000,11.4836,13.2698
5492.0000,13.0925,15.1059
5493.0000,17.7910,19.1991
5494.0000,14.6571,16.7953
5495.0000,11.6272,12.0870
5496.0000,14.7672,17.0018
5497.0000,17.7691,18.9140
5498.0000,14.8309,16.9536
5499.0000,11.6892,12.1474
5500.0000,14.4190,16.4503
5501.0000,17.9299,18.4031
5502.0000,16.9304,19.0722
5503.0000,17.8364,19.3904
5504.0000,18.0173,20.0360
5505.0000,18.0494,18.5136
5506.0000,16.9746,19.1346
5507.0000,17.0840,17.5507
5508.0000,17.7894,19.8613
5509.0000,17.6682,18.1395
5510.0000,17.3585,19.0300
5511.0000,17.8973,19.7011
5512.0000,45.5936,47.6655
5513.0000,45.1293,45.8962
5514.0000,41.4206,42.1189
5515.0000,35.0847,35.7232
5516.0000,27.3067,27.6967
5517.0000,18.0807,19.4718
5518.0000,14.8463,16.9439
5519.0000,11.6534,12.1626
5520.0000,14.1049,16.4355
5521.0000,17.6769,18.0450
5522.0000,16.6644,18.8324
5523.0000,16.8931,17.3765
5524.0000,18.1716,20.2131
5525.0000,17.6956,18.8325
5526.0000,14.6997,16.7674
5527.0000,11.7243,12.9667
5528.0000,13.3385,15.3585
5529.0000,17.8136,18.9459
5530.0000,14.9346,17.1096
5531.0000,11.5687,12.7189
5532.0000,14.1027,16.1390
5533.0000,18.5956,19.9252
5534.0000,16.4474,19.7830
5535.0000,17.8915,19.3996
5536.0000,45.4207,48.0350
5537.0000,42.7853,43.5125
5538.0000,41.8411,42.5791
5539.0000,37.3678,38.0387
5540.0000,34.1899,34.8803
5541.0000,17.4266,18.7882
5542.0000,14.6864,16.9643
5543.0000,11.6887,12.1683
5544.0000,13.8726,16.2183
5545.0000,17.5116,19.2509
5546.0000,14.6218,16.9069
5547.0000,11.6676,12.8265
5548.0000,14.1120,16.4433
5549.0000,17.3199,17.7569
5550.0000,16.7069,18.8680
5551.0000,16.5518,17.6290
5552.0000,17.8112,19.8700
5553.0000,17.9059,18.9533
5554.0000,14.6711,16.9071
5555.0000,11.4709,12.6116
5556.0000,14.1632,16.2238
5557.0000,17.4841,20.8200
5558.0000,17.7231,18.2443
5559.0000,48.7741,49.3463
5560.0000,46.9171,47.6113
5561.0000,45.2102,45.8725
5562.0000,41.9257,42.8260
5563.0000,34.5880,35.2642
5564.0000,46.1899,47.0837
5565.0000,25.6087,25.9889
5566.0000,16.5501,19.0302
5567.0000,16.6732,17.1864
5568.0000,46.2962,48.3563
5569.0000,42.7838,43.4748
5570.0000,41.8680,42.6417
5571.0000,35.1074,35.8025
5572.0000,46.4102,47.0283
5573.0000,45.6654,46.4194
5574.0000,41.8179,42.5947
5575.0000,34.9160,35.6558
5576.0000,18.0681,20.3381
5577.0000,17.1413,17.5750
5578.0000,16.6489,18.9690
5579.0000,16.6672,17.1148
5580.0000,17.8103,19.9173
5581.0000,17.8809,18.3483
5582.0000,16.8560,18.8734
5583.0000,51.2099,51.7694
5584.0000,40.7262,41.6939
5585.0000,37.7869,38.5136
5586.0000,41.8648,43.5996
5587.0000,31.1616,31.9520
5588.0000,17.9974,20.0613
5589.0000,17.5184,18.0543
5590.0000,17.0102,19.1313
5591.0000,16.9908,17.4333
5592.0000,17.8880,19.9087
5593.0000,17.1369,17.5135
5594.0000,16.8433,18.9483
5595.0000,16.8589,18.2342
5596.0000,18.0041,20.0903
5597.0000,17.5767,19.1528
5598.0000,14.7162,16.8573
5599.0000,11.6378,12.1157
5600.0000,12.9722,14.9664
5601.0000,17.6590,19.0090
5602.0000,14.6384,16.9603
5603.0000,11.5953,12.0481
5604.0000,14.2348,16.3070
5605.0000,17.3031,17.7458
5606.0000,16.7459,18.9157
5607.0000,16.5003,16.9637
5608.0000,18.0147,20.1097
5609.0000,17.2505,17.7306
5610.0000,16.7596,18.9306
5611.0000,16.7370,17.2710
5612.0000,17.7376,19.8881
5613.0000,17.6925,18.1477
5614.0000,16.6640,19.1146
5615.0000,16.5470,16.9969
5616.0000,17.7011,19.7333
5617.0000,17.7451,18.2078
5618.0000,17.0572,19.1106
5619.0000,17.1240,17.5804
5620.0000,17.9006,20.0646
5621.0000,17.4364,17.9488
5622.0000,16.8808,18.9785
5623.0000,17.6543,20.3072
5624.0000,39.0268,39.6484
5625.0000,41.2081,42.0023
5626.0000,41.8453,42.6968
5627.0000,35.0177,35.7396
5628.0000,45.4055,46.2871
5629.0000,45.0554,45.8161
5630.0000,42.2102,43.0719
5631.0000,35.0246,35.7268
5632.0000,45.1401,46.7061
5633.0000,44.8691,45.5850
5634.0000,40.7344,42.4840
5635.0000,36.0406,36.7112
5636.0000,18.0818,20.6992
5637.0000,17.6431,19.4583
5638.0000,17.3918,18.8451
5639.0000,40.9415,41.5475
5640.0000,18.2126,20.6350
5641.0000,17.8483,18.9535
5642.0000,14.9938,17.4657
5643.0000,11.5956,13.2566
5644.0000,14.3549,16.4178
5645.0000,17.6148,18.0985
5646.0000,16.9252,19.1127
5647.0000,17.2446,18.3522
5648.0000,17.7474,19.8761
5649.0000,17.8830,19.0861
5650.0000,14.8622,16.9895
5651.0000,11.6277,12.8895
5652.0000,14.4777,16.5710
5653.0000,19.3011,19.7289
5654.0000,17.0064,19.1943
5655.0000,39.3734,39.9846
5656.0000,34.0138,34.7803
5657.0000,44.3427,45.0169
5658.0000,41.1558,42.9613
5659.0000,16.1748,17.8164
5660.0000,24.1066,24.5689
5661.0000,15.4395,17.0718
5662.0000,16.9566,19.0628
5663.0000,45.4935,45.8883
5664.0000,45.5862,47.1410
5665.0000,46.4293,47.1286
5666.0000,41.5860,42.2680
5667.0000,17.6255,19.3964
5668.0000,17.9681,20.0543
5669.0000,17.7395,18.1901
5670.0000,16.9898,19.1831
5671.0000,17.8068,19.5358
5672.0000,17.8593,19.9608
5673.0000,17.6638,19.3895
5674.0000,14.9683,17.1086
5675.0000,11.6608,13.0512
5676.0000,14.4051,16.4393
5677.0000,17.9785,18.3936
5678.0000,16.9691,19.1424
5679.0000,17.6786,19.4320
5680.0000,18.1795,18.7590
5681.0000,17.8186,18.9733
5682.0000,14.7331,16.8974
5683.0000,11.7409,13.2288
5684.0000,14.3848,16.5477
5685.0000,17.7142,18.8377
5686.0000,14.9909,17.1347
5687.0000,11.5999,13.2737
5688.0000,14.1013,16.2295
5689.0000,17.8534,18.9071
5690.0000,38.5841,39.0457
5691.0000,39.5319,40.2202
5692.0000,36.4410,37.2293
5693.0000,40.3024,41.0530
5694.0000,41.8748,42.6217
5695.0000,35.2442,35.9464
5696.0000,42.8759,43.7031
5697.0000,46.3423,47.0839
5698.0000,41.9171,42.5549
5699.0000,40.6055,41.4240
5700.0000,18.0972,20.3065
5701.0000,17.8319,18.9422
5702.0000,14.9578,17.0667
5703.0000,11.5072,12.0065
5704.0000,14.3120,16.4627
5705.0000,17.8439,18.3215
5706.0000,12.4671,14.7976
5707.0000,10.8051,11.2612
5708.0000,14.1235,16.1995
5709.0000,17.3538,17.7536
5710.0000,16.9599,19.1642
5711.0000,16.7132,17.1898
5712.0000,18.1131,20.2576
5713.0000,17.8159,18.3033
5714.0000,16.7034,18.9433
5715.0000,16.7992,17.2959
5716.0000,17.9306,20.0629
5717.0000,17.9996,18.4427
5718.0000,16.8915,19.1639
5719.0000,16.7083,17.1227
5720.0000,17.9795,20.0608
5721.0000,17.3208,19.3602
5722.0000,14.8287,16.8964
5723.0000,11.6413,12.0977
5724.0000,14.2486,16.4079
5725.0000,17.9204,18.4794
5726.0000,16.8564,19.1166
5727.0000,41.0405,41.5759
5728.0000,17.9584,20.1621
5729.0000,17.6250,19.3895
5730.0000,14.8934,17.0035
5731.0000,11.4267,12.5962
5732.0000,13.1265,15.2755
5733.0000,17.9814,19.7684
5734.0000,15.1015,17.5557
5735.0000,11.5256,12.5884
5736.0000,13.2709,15.2909
5737.0000,17.9828,19.1208
5738.0000,17.6896,18.2529
5739.0000,48.3287,48.8535
5740.0000,45.7736,48.1587
5741.0000,43.3639,44.0559
5742.0000,42.2759,43.0885
5743.0000,17.3005,17.9988
5744.0000,18.1171,18.6559
5745.0000,17.5701,19.5693
5746.0000,14.9105,17.0004
5747.0000,11.1251,12.7929
5748.0000,15.3182,17.4324
5749.0000,17.2619,17.7428
5750.0000,16.9989,19.0702
5751.0000,16.8859,17.3752
5752.0000,18.0956,20.1816
5753.0000,17.8477,18.3062
5754.0000,17.0217,19.2042
5755.0000,16.6383,17.1492
5756.0000,18.1293,20.1721
5757.0000,17.7678,18.2267
5758.0000,15.2578,17.3666
5759.0000,11.6442,12.0984
5760.0000,10.8617,12.8692
5761.0000,17.5482,17.9768
5762.0000,17.0164,19.1738
5763.0000,17.0005,17.4478
5764.0000,18.0816,20.1454
5765.0000,17.5521,18.0148
5766.0000,17.3260,19.0412
5767.0000,16.7369,17.1679
5768.0000,45.6952,47.7712
5769.0000,46.0585,46.8926
5770.0000,41.2326,42.1267
5771.0000,36.5034,37.2025
5772.0000,17.8620,20.9915
5773.0000,17.9740,19.7587
5774.0000,17.9149,18.4871
5775.0000,46.1508,46.7260
5776.0000,37.0568,37.8015
5777.0000,40.5870,41.3516
5778.0000,41.2959,42.0119
5779.0000,34.9522,35.7080
5780.0000,39.6308,40.2134
5781.0000,37.9612,38.5769
5782.0000,38.8262,39.3471
5783.0000,45.8960,46.5536
5784.0000,45.9099,48.1938
5785.0000,44.4309,45.1642
5786.0000,40.4885,41.2674
5787.0000,32.6944,33.7146
5788.0000,17.5954,19.6576
5789.0000,17.5918,18.0314
5790.0000,16.9652,19.1200
5791.0000,16.7029,17.1836
5792.0000,17.7567,19.7679
5793.0000,17.4931,17.9669
5794.0000,16.9448,18.9871
5795.0000,16.7339,17.2010
5796.0000,17.8602,19.9460
5797.0000,20.0508,20.4181
5798.0000,14.9897,17.1139
5799.0000,11.8088,13.3937
5800.0000,10.9697,13.2738
5801.0000,17.5992,19.2939
5802.0000,17.5463,18.1166
5803.0000,47.4306,49.5581
5804.0000,45.8911,48.3468
5805.0000,45.7213,46.4388
5806.0000,40.6845,41.4547
5807.0000,36.8298,37.6668
5808.0000,39.0976,39.9546
5809.0000,41.0177,41.7605
5810.0000,41.9205,42.6645
5811.0000,34.9837,35.7105
5812.0000,17.7263,19.9712
5813.0000,17.8458,18.3336
5814.0000,16.7927,18.9858
5815.0000,16.8385,17.2817
5816.0000,17.3572,17.7825
5817.0000,17.7504,18.1936
5818.0000,16.7971,18.9950
5819.0000,16.6110,17.0305
5820.0000,18.0005,20.0672
5821.0000,17.2951,17.7760
5822.0000,16.9269,19.0775
5823.0000,17.1488,18.6053
5824.0000,17.8567,19.9338
5825.0000,17.3148,17.7813
5826.0000,16.9536,19.0698
5827.0000,16.6538,17.7746
5828.0000,17.9463,20.0894
5829.0000,17.9910,19.1332
5830.0000,14.7748,16.8686
5831.0000,11.6911,12.1603
5832.0000,14.2451,16.2961
5833.0000,17.3676,17.8155
5834.0000,16.9393,19.0927
5835.0000,16.8724,17.3254
5836.0000,18.1928,20.2308
5837.0000,17.6210,18.1212
5838.0000,17.5215,18.7024
5839.0000,40.1435,40.7945
5840.0000,18.1802,20.3689
5841.0000,17.8609,18.3237
5842.0000,16.6948,19.3545
5843.0000,16.8126,17.3082
5844.0000,17.9361,20.0252
5845.0000,17.4642,19.5958
5846.0000,15.0089,17.2629
5847.0000,11.7095,12.9712
5848.0000,13.9814,16.0409
5849.0000,17.3239,17.8131
5850.0000,16.8741,19.0915
5851.0000,17.0746,18.1947
5852.0000,17.8272,19.8770
5853.0000,17.8786,19.6749
5854.0000,14.8758,16.9833
5855.0000,11.5591,12.0730
5856.0000,13.1841,15.2082
5857.0000,17.8568,18.3051
5858.0000,16.9689,19.1143
5859.0000,16.6428,17.0723
5860.0000,17.9323,20.2739
5861.0000,17.5877,18.0229
5862.0000,16.9103,19.0441
5863.0000,16.3623,16.7586
5864.0000,17.7784,19.8135
5865.0000,17.7778,18.2451
5866.0000,16.9606,19.1063
5867.0000,16.6827,17.1598
5868.0000,17.7144,21.0917
5869.0000,17.6045,18.0950
5870.0000,16.9439,19.0017
5871.0000,16.5351,17.9956
5872.0000,17.9942,20.2016
5873.0000,17.7068,18.8352
5874.0000,14.8820,16.9940
5875.0000,11.4075,12.5386
5876.0000,13.1747,15.1926
5877.0000,17.6114,19.9962
5878.0000,14.8148,16.9392
5879.0000,11.4490,13.0272
5880.0000,13.2340,15.2317
5881.0000,17.8398,19.0777
5882.0000,14.8928,17.1249
5883.0000,11.4994,13.5340
5884.0000,13.3015,15.3278
5885.0000,17.6149,19.6265
5886.0000,14.8749,16.9656
5887.0000,11.4149,12.5232
5888.0000,14.3868,16.4459
5889.0000,17.5195,19.5071
5890.0000,14.9613,17.1055
5891.0000,11.7192,12.1768
5892.0000,13.0318,15.0485
5893.0000,19.2459,20.9713
5894.0000,15.1846,18.5939
5895.0000,16.9431,17.3913
5896.0000,45.5622,47.8889
5897.0000,44.9591,45.6371
5898.0000,41.7510,43.4550
5899.0000,35.7565,36.7615
5900.0000,17.5264,19.6068
5901.0000,17.3734,17.7912
5902.0000,17.0343,19.1799
5903.0000,16.8342,17.3136
5904.0000,18.0323,20.0430
5905.0000,17.7295,18.8687
5906.0000,14.8597,17.0792
5907.0000,11.6479,12.1253
5908.0000,13.0879,14.6962
5909.0000,17.6908,19.3824
5910.0000,14.8840,17.0092
5911.0000,11.5992,13.2736
5912.0000,14.1030,16.1538
5913.0000,17.3757,17.8217
5914.0000,16.9905,19.0417
5915.0000,16.9278,17.4329
5916.0000,18.0286,20.0809
5917.0000,18.9868,20.0428
5918.0000,14.9919,17.1067
5919.0000,11.5105,12.0063
5920.0000,14.7205,16.9358
5921.0000,17.5805,18.0100
5922.0000,16.8939,19.0561
5923.0000,17.9783,19.6193
5924.0000,18.2466,18.7828
5925.0000,17.7727,19.5480
5926.0000,14.8844,17.1194
5927.0000,11.5025,13.5051
5928.0000,14.4687,16.5717
5929.0000,17.6875,18.1432
5930.0000,16.4711,19.0848
5931.0000,16.8359,17.3821
5932.0000,17.9522,19.9620
5933.0000,40.5366,40.8619
5934.0000,41.5813,42.3236
5935.0000,35.6035,36.2357
5936.0000,42.9576,43.7840
5937.0000,45.9372,46.6062
5938.0000,41.6273,42.3439
5939.0000,17.5893,19.5327
5940.0000,18.1736,20.2280
5941.0000,18.1008,18.5536
5942.0000,17.0546,19.1024
5943.0000,16.8261,17.2881
5944.0000,18.0239,20.1426
5945.0000,17.7375,18.1995
5946.0000,17.1046,19.2525
5947.0000,16.6018,17.0565
5948.0000,18.0244,20.0439
5949.0000,17.6583,18.1404
5950.0000,16.9268,18.9917
5951.0000,17.1915,18.3391
5952.0000,18.0978,20.1692
5953.0000,17.7030,18.8711
5954.0000,14.8237,16.9524
5955.0000,11.7908,12.9396
5956.0000,13.2989,15.3494
5957.0000,17.8190,18.2897
5958.0000,16.9061,19.1100
5959.0000,16.8221,17.3900
5960.0000,18.2941,20.3277
5961.0000,18.1253,18.5782
5962.0000,14.8592,17.0188
5963.0000,11.6365,12.1025
5964.0000,14.2305,16.3181
5965.0000,17.9235,19.1207
5966.0000,15.0360,17.3954
5967.0000,11.5894,13.3802
5968.0000,14.6209,16.7559
5969.0000,17.8355,18.3228
5970.0000,16.9751,19.3574
5971.0000,16.8440,17.3065
5972.0000,17.9053,20.0317
5973.0000,17.9256,18.4028
5974.0000,17.2195,19.3640
5975.0000,16.7329,17.2161
5976.0000,18.0737,20.3073
5977.0000,17.3078,17.7482
5978.0000,16.9196,19.0390
5979.0000,16.8584,17.3335
5980.0000,18.0319,20.0631
5981.0000,17.8214,19.8898
5982.0000,14.8371,16.9813
5983.0000,11.6347,12.7183
5984.0000,14.4357,16.5641
5985.0000,17.7857,18.8747
5986.0000,14.8410,17.2605
5987.0000,11.8010,12.9989
5988.0000,14.4119,16.4732
5989.0000,17.8708,19.6865
5990.0000,14.9012,16.9502
5991.0000,11.7546,12.2850
5992.0000,13.3872,15.4163
5993.0000,17.9084,19.0239
5994.0000,14.8810,17.0675
5995.0000,11.5158,13.5658
5996.0000,14.3777,16.4038
5997.0000,18.0997,18.5939
5998.0000,15.0330,17.2958
5999.0000,11.6619,12.1216
6000.0000,14.2235,16.3103
6001.0000,17.9923,18.4584
6002.0000,16.9590,19.1416
6003.0000,17.1040,17.5792
6004.0000,17.7744,19.7898
6005.0000,17.8596,18.3431
6006.0000,16.9512,19.2133
6007.0000,17.6796,19.4887
6008.0000,18.1864,20.2076
6009.0000,17.5381,19.3433
6010.0000,14.9224,16.9922
6011.0000,11.5573,13.3156
6012.0000,14.4322,16.5449
6013.0000,21.4726,22.1897
6014.0000,42.1417,42.7990
6015.0000,35.1493,35.9346
6016.0000,41.8579,43.4784
6017.0000,45.9529,46.8451
6018.0000,41.9761,43.5328
6019.0000,36.0903,36.7909
6020.0000,44.1349,46.2234
6021.0000,46.4382,47.1798
6022.0000,40.7173,42.3884
6023.0000,16.7314,17.4719
6024.0000,18.0328,20.0958
6025.0000,17.5960,18.0883
6026.0000,16.8347,19.0626
6027.0000,17.3447,17.7974
6028.0000,17.8424,20.1543
6029.0000,17.7720,19.2419
6030.0000,14.7970,16.8913
6031.0000,11.7871,13.4603
6032.0000,12.9017,14.9339
6033.0000,18.0689,19.3821
6034.0000,14.7940,16.9629
6035.0000,11.5126,12.0068
6036.0000,14.1827,16.2674
6037.0000,17.7449,18.2131
6038.0000,17.0251,19.0727
6039.0000,16.6251,17.1266
6040.0000,18.0752,20.6364
6041.0000,17.3254,17.8200
6042.0000,16.9135,19.0492
6043.0000,16.8511,17.3453
6044.0000,17.6855,20.0982
6045.0000,17.4763,18.8292
6046.0000,14.7514,17.0351
6047.0000,11.5680,13.5755
6048.0000,14.1534,16.2607
6049.0000,17.5872,18.0780
6050.0000,17.3860,21.2705
6051.0000,16.5893,17.0451
6052.0000,17.6321,19.9963
6053.0000,18.2067,18.6768
6054.0000,16.8085,18.8886
6055.0000,16.7369,17.2334
6056.0000,17.7413,19.7739
6057.0000,17.2282,17.7055
6058.0000,16.9116,19.0571
6059.0000,17.7524,19.4816
6060.0000,18.0372,20.1266
6061.0000,17.7710,18.8804
6062.0000,14.7318,16.9760
6063.0000,11.6930,12.1392
6064.0000,14.3129,16.3844
6065.0000,17.9554,18.4525
6066.0000,16.9502,19.1426
6067.0000,16.8341,17.9706
6068.0000,18.2803,20.3581
6069.0000,17.3622,17.8059
6070.0000,16.8242,19.0464
6071.0000,16.6078,17.0797
6072.0000,17.8818,19.9745
6073.0000,17.4247,19.4179
6074.0000,14.7970,16.9687
6075.0000,11.5343,13.0986
6076.0000,14.3278,16.4286
6077.0000,17.7177,19.2804
6078.0000,14.6320,16.9011
6079.0000,11.7107,13.6481
6080.0000,14.2105,16.4229
6081.0000,17.6641,19.3865
6082.0000,14.6573,16.7848
6083.0000,11.6098,12.0503
6084.0000,13.3605,15.3993
6085.0000,17.6623,19.3202
6086.0000,15.0395,17.2599
6087.0000,11.5438,13.4560
6088.0000,13.2930,15.3076
6089.0000,17.5642,18.0217
6090.0000,16.8688,19.2465
6091.0000,16.9681,17.4221
6092.0000,17.8268,19.9043
6093.0000,17.9062,19.0468
6094.0000,17.9060,18.4801
6095.0000,48.1371,48.7000
6096.0000,46.3883,48.0009
6097.0000,43.0270,43.7599
6098.0000,41.9540,42.7482
6099.0000,35.7151,36.4332
6100.0000,17.9027,20.2025
6101.0000,17.6884,19.4651
6102.0000,16.2326,17.8089
6103.0000,54.7018,56.7911
6104.0000,18.1248,20.3863
6105.0000,17.8686,19.1836
6106.0000,14.7657,16.9974
6107.0000,11.5173,13.2185
6108.0000,13.9638,16.0290
6109.0000,17.6371,18.9488
6110.0000,14.5799,16.7018
6111.0000,11.6078,13.3412
6112.0000,14.0813,16.1376
6113.0000,17.3621,17.8185
6114.0000,16.9302,18.9552
6115.0000,17.5776,20.5225
6116.0000,18.0933,20.1244
6117.0000,17.7657,18.1995
6118.0000,16.9055,19.0806
6119.0000,16.7868,17.2366
6120.0000,18.0103,20.0874
6121.0000,17.2815,17.7178
6122.0000,16.9223,19.0979
6123.0000,17.0568,18.1538
6124.0000,17.7483,19.8087
6125.0000,17.4840,19.5663
6126.0000,14.8680,17.0219
6127.0000,11.7634,12.2071
6128.0000,12.6237,13.1837
6129.0000,17.3163,17.8030
6130.0000,39.2308,41.0070
6131.0000,36.2394,36.9352
6132.0000,17.9957,20.2120
6133.0000,18.1567,18.5651
6134.0000,16.9298,19.1043
6135.0000,16.6815,17.1677
6136.0000,18.0247,20.2780
6137.0000,17.3091,17.7609
6138.0000,17.0550,18.6933
6139.0000,47.4781,48.6655
6140.0000,49.3760,50.0885
6141.0000,42.9821,43.6148
6142.0000,42.2093,43.0873
6143.0000,34.5636,35.2882
6144.0000,45.5529,47.2926
6145.0000,45.9312,46.6233
6146.0000,41.6345,42.4991
6147.0000,33.7624,34.4620
6148.0000,18.0080,20.2798
6149.0000,17.1913,17.6692
6150.0000,16.6035,19.0701
6151.0000,16.6604,17.0686
6152.0000,17.9102,19.9907
6153.0000,17.9485,19.0946
6154.0000,14.8367,17.2302
6155.0000,11.5204,12.0805
6156.0000,13.9189,15.9636
6157.0000,17.6111,18.0852
6158.0000,16.9792,19.1237
6159.0000,17.0908,17.5688
6160.0000,18.0982,20.1280
6161.0000,17.3960,19.7693
6162.0000,14.9429,17.0647
6163.0000,11.6131,12.0867
6164.0000,13.1091,15.1089
6165.0000,17.5234,19.7143
6166.0000,14.8797,17.0927
6167.0000,11.5929,12.0229
6168.0000,14.0616,16.2904
6169.0000,17.8193,18.3059
6170.0000,16.7816,19.0643
6171.0000,17.7593,19.4503
6172.0000,17.9407,20.1988
6173.0000,17.8355,18.2698
6174.0000,16.8450,18.9455
6175.0000,17.6427,19.3674
6176.0000,17.9141,19.9986
6177.0000,17.6091,18.8094
6178.0000,14.6657,16.8128
6179.0000,11.4217,13.1474
6180.0000,13.1711,15.2012
6181.0000,17.6855,19.0036
6182.0000,14.9348,17.3595
6183.0000,11.8374,12.3318
6184.0000,14.3004,16.4198
6185.0000,17.8108,19.2189
6186.0000,14.9791,17.2293
6187.0000,11.5694,12.7226
6188.0000,13.9478,16.0911
6189.0000,17.9014,19.5058
6190.0000,15.0202,17.4422
6191.0000,10.5916,11.8323
6192.0000,6.2148,7.0218
6193.0000,15.1045,15.5665
6194.0000,16.9244,19.0655
6195.0000,16.9414,17.4127
6196.0000,17.1857,19.2396
6197.0000,17.7290,19.5419
6198.0000,17.7661,18.3594
6199.0000,15.3285,15.8020
6200.0000,46.3081,49.9671
6201.0000,42.8291,43.5764
6202.0000,41.8133,42.5969
6203.0000,35.3591,36.0742
6204.0000,18.1811,20.4401
6205.0000,17.8652,19.0455
6206.0000,14.8938,17.0205
6207.0000,11.4558,13.2390
6208.0000,14.4611,16.5472
6209.0000,17.1853,17.6610
6210.0000,16.9999,19.1730
6211.0000,16.8882,17.3148
6212.0000,17.6923,19.7776
6213.0000,17.6839,18.1547
6214.0000,16.6961,19.1798
6215.0000,16.8035,17.2750
6216.0000,17.7230,19.7796
6217.0000,17.7258,19.4436
6218.0000,14.9328,17.4698
6219.0000,11.8609,13.3869
6220.0000,13.2631,15.2555
6221.0000,17.5553,19.5804
6222.0000,14.8958,16.9718
6223.0000,11.5238,12.6655
6224.0000,14.3706,16.4681
6225.0000,17.5362,18.0005
6226.0000,17.9316,18.4727
6227.0000,40.4605,41.0071
6228.0000,18.0398,20.2974
6229.0000,17.7831,18.2648
6230.0000,16.6726,19.2472
6231.0000,16.8136,17.2578
6232.0000,17.6945,20.3425
6233.0000,17.4762,17.9758
6234.0000,6.1385,6.3927
6235.0000,26.6338,27.0862
6236.0000,15.2550,17.7582
6237.0000,17.7242,18.8635
6238.0000,14.8823,16.9330
6239.0000,11.5338,13.2313
6240.0000,14.4724,16.6579
6241.0000,17.2248,17.6655
6242.0000,16.7892,19.0446
6243.0000,16.9788,17.4038
6244.0000,17.6932,19.7269
6245.0000,17.5201,18.0047
6246.0000,16.8227,19.0044
6247.0000,17.6217,19.3405
6248.0000,17.8535,19.9769
6249.0000,17.8204,18.2505
6250.0000,16.8603,19.0150
6251.0000,16.8211,17.2800
6252.0000,17.8990,19.9155
6253.0000,18.2727,18.6820
6254.0000,14.9357,17.3992
6255.0000,11.6941,12.1877
6256.0000,12.3805,14.4464
6257.0000,17.6444,19.0227
6258.0000,14.7827,16.8385
6259.0000,11.8048,12.9785
6260.0000,14.2155,16.2948
6261.0000,17.8051,19.5557
6262.0000,14.8015,17.0158
6263.0000,11.9739,13.0801
6264.0000,6.7105,7.9662
6265.0000,14.3884,14.9070
6266.0000,16.6235,19.2450
6267.0000,17.9099,19.6120
6268.0000,18.1938,20.2238
6269.0000,17.8495,18.3470
6270.0000,38.4493,39.0378
6271.0000,17.3595,19.4493
6272.0000,18.0701,20.1442
6273.0000,17.7678,19.5198
6274.0000,14.8182,17.0556
6275.0000,11.5115,12.6332
6276.0000,13.0725,15.0816
6277.0000,17.3020,17.7976
6278.0000,16.9827,19.2373
6279.0000,17.0828,17.5901
6280.0000,17.6451,19.7701
6281.0000,17.6504,18.7723
6282.0000,14.8714,17.0816
6283.0000,11.6240,13.4073
6284.0000,13.1368,15.1480
6285.0000,17.5712,18.0328
6286.0000,16.8396,19.0677
6287.0000,17.6905,19.1893
6288.0000,17.8764,19.8844
6289.0000,17.8390,19.5618
6290.0000,17.8145,18.3851
6291.0000,40.5446,41.1918
6292.0000,6.5895,6.9330
6293.0000,15.2159,16.3494
6294.0000,16.8942,19.0672
6295.0000,36.3492,36.7214
6296.0000,44.7745,47.0047
6297.0000,45.0589,45.7446
6298.0000,41.7704,42.6104
6299.0000,33.8698,34.6269
6300.0000,47.9572,48.6285
6301.0000,45.1526,46.0766
6302.0000,41.7820,42.7123
6303.0000,34.2063,34.8957
6304.0000,46.8848,47.7269
6305.0000,43.7460,44.5150
6306.0000,41.9861,42.8248
6307.0000,35.4359,36.1208
6308.0000,45.1129,46.2881
6309.0000,45.5864,46.2280
6310.0000,41.4078,42.1754
6311.0000,36.6046,37.4177
6312.0000,40.1513,40.8977
6313.0000,39.0489,39.7780
6314.0000,42.1932,42.9736
6315.0000,35.9847,36.6858
6316.0000,18.0115,20.2067
6317.0000,17.4915,19.3971
6318.0000,14.8078,17.0412
6319.0000,11.5047,12.6519
6320.0000,14.3047,16.3399
6321.0000,17.9428,19.0490
6322.0000,14.9227,16.9820
6323.0000,11.5077,12.9629
6324.0000,6.9165,8.1707
6325.0000,14.7034,15.1832
6326.0000,16.6055,19.1812
6327.0000,16.8136,17.2888
6328.0000,18.0526,20.0898
6329.0000,17.6995,18.2402
6330.0000,17.0025,19.1787
6331.0000,17.7305,19.4407
6332.0000,17.9891,20.0353
6333.0000,17.4917,19.5276
6334.0000,14.8597,16.9364
6335.0000,11.5523,13.6288
6336.0000,14.3265,16.3850
6337.0000,17.5773,19.2062
6338.0000,14.9067,17.1875
6339.0000,11.5669,12.0286
6340.0000,14.4197,16.8217
6341.0000,17.3306,17.7936
6342.0000,17.0628,19.2046
6343.0000,16.9226,17.3804
6344.0000,18.0162,20.1010
6345.0000,17.6582,19.2406
6346.0000,14.9447,17.2547
6347.0000,11.7947,12.2429
6348.0000,13.1665,15.1927
6349.0000,25.9777,27.1471
6350.0000,17.5465,18.8988
6351.0000,16.9668,17.4362
6352.0000,45.2083,47.6191
6353.0000,45.6073,46.4199
6354.0000,16.4676,19.6144
6355.0000,16.9407,17.4159
6356.0000,45.6276,48.9941
6357.0000,43.2031,43.9557
6358.0000,41.7700,42.5757
6359.0000,32.0635,32.7844
6360.0000,15.8951,16.4244
6361.0000,17.4644,17.9911
6362.0000,16.8790,19.0398
6363.0000,17.0668,17.4796
6364.0000,44.4361,45.2613
6365.0000,45.8481,46.4996
6366.0000,40.8503,41.6843
6367.0000,35.9896,36.8310
6368.0000,43.1612,43.9801
6369.0000,44.4665,45.0686
6370.0000,40.9088,41.7037
6371.0000,35.1866,35.8130
6372.0000,17.7166,19.9796
6373.0000,17.4289,19.3330
6374.0000,14.8248,17.0253
6375.0000,11.5956,13.3623
6376.0000,13.1676,14.6740
6377.0000,17.7798,18.2923
6378.0000,17.0091,19.1628
6379.0000,16.9571,17.4311
6380.0000,17.6884,19.8934
6381.0000,17.7786,18.2436
6382.0000,16.8496,19.0369
6383.0000,16.8662,17.9568
6384.0000,18.0206,20.1166
6385.0000,18.0001,18.4331
6386.0000,16.9634,19.0320
6387.0000,16.7239,17.1997
6388.0000,18.2020,20.2678
6389.0000,17.5885,18.0791
6390.0000,17.0005,19.1046
6391.0000,17.7304,19.6640
6392.0000,17.9547,19.9673
6393.0000,17.6774,19.2703
6394.0000,17.7008,18.3589
6395.0000,39.3614,40.5837
6396.0000,17.6665,19.9172
6397.0000,17.5546,19.2994
6398.0000,14.9643,17.4371
6399.0000,12.3647,14.5518
6400.0000,17.9627,19.9761
6401.0000,17.6091,19.5827
6402.0000,14.8311,16.9696
6403.0000,11.4603,12.9530
6404.0000,13.4126,15.4298
6405.0000,17.7860,18.2542
6406.0000,16.7942,19.0197
6407.0000,17.0840,17.5201
6408.0000,18.1645,20.1866
6409.0000,17.3417,17.7899
6410.0000,16.8546,19.0140
6411.0000,16.8228,17.2712
6412.0000,17.5414,19.5310
6413.0000,17.8627,19.6008
6414.0000,17.1789,18.9495
6415.0000,47.5687,48.0296
6416.0000,47.5867,48.3668
6417.0000,45.2532,46.0204
6418.0000,41.5207,42.4521
6419.0000,34.1791,34.9153
6420.0000,47.2198,48.1240
6421.0000,42.8473,43.6196
6422.0000,41.6871,42.5672
6423.0000,35.0078,35.7934
6424.0000,46.0285,46.7841
6425.0000,43.3203,45.0730
6426.0000,16.8936,19.1851
6427.0000,16.9705,17.4141
6428.0000,46.2609,48.5793
6429.0000,44.5404,45.2690
6430.0000,41.4151,42.2194
6431.0000,37.7412,38.5314
6432.0000,18.0075,20.1847
6433.0000,18.0546,18.5363
6434.0000,17.0076,19.1727
6435.0000,16.6693,17.1270
6436.0000,18.1867,20.2259
6437.0000,17.8773,18.3452
6438.0000,16.9632,19.0575
6439.0000,16.9526,17.4253
6440.0000,18.1159,20.1507
6441.0000,17.7082,18.2318
6442.0000,16.9629,19.0788
6443.0000,16.9640,17.4382
6444.0000,18.0866,20.1728
6445.0000,17.7616,18.2498
6446.0000,17.6204,18.9293
6447.0000,18.1013,19.5914
6448.0000,44.6816,47.9638
6449.0000,44.0394,44.8991
6450.0000,41.4321,43.1875
6451.0000,35.5958,36.3759
6452.0000,18.2782,20.4765
6453.0000,18.1765,18.7146
6454.0000,15.0730,17.5645
6455.0000,11.6513,12.0965
6456.0000,13.3826,15.3956
6457.0000,17.3211,17.7935
6458.0000,17.9376,18.4481
6459.0000,17.6499,19.8728
6460.0000,45.2974,47.3931
6461.0000,44.5067,45.4226
6462.0000,40.7957,42.5178
6463.0000,16.8058,17.4901
6464.0000,17.9610,20.0505
6465.0000,17.6889,18.1759
6466.0000,17.0179,19.0900
6467.0000,17.0882,17.5157
6468.0000,17.1408,19.1672
6469.0000,17.8867,19.1443
6470.0000,15.0586,17.2794
6471.0000,11.3669,13.3122
6472.0000,14.3970,16.4500
6473.0000,17.8371,19.7856
6474.0000,14.9715,17.2105
6475.0000,11.6492,12.7677
6476.0000,14.6349,16.7416
6477.0000,17.8080,19.5691
6478.0000,14.9111,17.1211
6479.0000,10.8586,11.1677
6480.0000,15.2457,17.3403
6481.0000,17.8128,18.3122
6482.0000,16.7117,19.3557
6483.0000,17.0393,17.4703
6484.0000,17.7247,19.8682
6485.0000,17.2959,17.7381
6486.0000,17.1594,19.1620
6487.0000,16.7324,17.2042
6488.0000,16.5572,18.7537
6489.0000,17.8011,18.2611
6490.0000,16.7651,18.9691
6491.0000,17.5471,19.5156
6492.0000,17.8922,19.9000
6493.0000,17.2288,19.0241
6494.0000,17.7882,18.6852
6495.0000,48.9294,49.5280
6496.0000,46.4814,47.0907
6497.0000,46.1982,46.8088
6498.0000,41.4424,42.3524
6499.0000,35.1839,35.9376
6500.0000,43.1362,43.8826
6501.0000,46.0998,46.7479
6502.0000,41.2994,42.1120
6503.0000,37.6467,38.6934
6504.0000,18.0802,20.3341
6505.0000,17.7474,18.1977
6506.0000,16.6978,19.2642
6507.0000,17.5735,19.3287
6508.0000,18.0983,20.1834
6509.0000,17.7620,18.2415
6510.0000,17.0051,19.1082
6511.0000,17.0587,17.4828
6512.0000,18.0572,20.1475
6513.0000,18.0749,18.5265
6514.0000,16.9113,18.9953
6515.0000,48.3770,48.7690
6516.0000,46.1146,46.9665
6517.0000,45.8469,46.4814
6518.0000,41.9184,42.6481
6519.0000,35.0130,37.1182
6520.0000,37.5898,38.3641
6521.0000,41.8353,42.5080
6522.0000,40.7268,42.2844
6523.0000,34.8855,35.6740
6524.0000,51.3006,52.0839
6525.0000,18.1515,20.8606
6526.0000,14.8278,17.2679
6527.0000,11.6884,12.1202
6528.0000,13.2497,15.2872
6529.0000,17.5384,17.9925
6530.0000,16.9448,19.0955
6531.0000,16.8496,17.3061
6532.0000,17.9213,20.0011
6533.0000,17.7179,18.1786
6534.0000,17.0870,19.2564
6535.0000,16.8985,18.0908
6536.0000,17.9623,19.9731
6537.0000,22.9316,23.4899
6538.0000,20.0681,21.6951
6539.0000,28.9036,29.1114
6540.0000,27.3432,27.7032
6541.0000,27.0753,27.2366
6542.0000,41.3346,42.7459
6543.0000,35.0363,35.3281
6544.0000,46.9063,48.3479
6545.0000,43.4359,43.9656
6546.0000,36.7848,40.4384
6547.0000,45.0409,45.5906
6548.0000,16.7291,18.7526
6549.0000,13.9869,14.2185
6550.0000,12.9782,14.2561
6551.0000,9.0988,10.8673
6552.0000,10.2561,13.1214
6553.0000,17.6912,19.7359
6554.0000,14.9120,17.2446
6555.0000,12.1026,14.2990
6556.0000,17.8106,19.9026
6557.0000,18.1418,18.4209
6558.0000,16.7318,18.9361
6559.0000,45.4964,48.1942
6560.0000,47.4990,47.9244
6561.0000,44.7152,45.1710
6562.0000,41.6731,42.1432
6563.0000,34.3324,35.0278
6564.0000,17.8731,20.0561
6565.0000,17.6222,19.8435
6566.0000,16.7997,18.7886
6567.0000,48.7554,50.8477
6568.0000,35.8872,36.4865
6569.0000,42.2474,42.6993
6570.0000,42.1625,43.6853
6571.0000,32.9433,33.3625
6572.0000,18.0683,20.2834
6573.0000,17.9942,19.7766
6574.0000,17.0826,19.2154
6575.0000,17.1748,17.4972
6576.0000,45.0917,49.1799
6577.0000,43.6599,44.0779
6578.0000,41.0180,41.6223
6579.0000,33.7730,34.2708
6580.0000,46.2281,47.4909
6581.0000,44.2730,44.6914
6582.0000,37.9857,40.3813
6583.0000,36.9405,37.3107
6584.0000,17.8230,20.1653
6585.0000,6.3614,7.3596
6586.0000,17.1513,20.9890
6587.0000,17.7906,19.5693
6588.0000,45.4459,48.6588
6589.0000,44.5201,45.0735
6590.0000,41.0567,41.6318
6591.0000,38.6739,40.8521
6592.0000,34.3802,34.8549
6593.0000,17.8565,19.8741
6594.0000,16.8406,19.0770
6595.0000,45.9769,46.2691
6596.0000,46.7354,48.0316
6597.0000,105.2859,29653.5871
6598.0000,13.1316,29166.7272
6599.0000,14.1565,28680.8916
6600.0000,63.3377,28244.2359
6601.0000,56.4255,27800.6763
6602.0000,12.1518,27312.8362
6603.0000,10.9176,26823.7607
6604.0000,17.4117,26341.1794
6605.0000,7.9040,25849.0898
6606.0000,7.0530,25356.1501
6607.0000,7.8841,24864.0413
6608.0000,6.1630,24370.2111
6609.0000,3.9772,23874.1938
6610.0000,3.7414,23377.9400
6611.0000,3.5719,22881.5153
6612.0000,3.5394,22385.0574
6613.0000,3.5779,21888.6377
6614.0000,3.5587,21392.1994
6615.0000,4.0006,20896.2031
6616.0000,7.6717,20403.8794
6617.0000,6.9110,19910.7960
6618.0000,22.8296,19433.6315
6619.0000,26.4908,18960.1377
6620.0000,22.2820,18482.4356
6621.0000,12.5565,17995.0025
6622.0000,25.3730,17520.3829
6623.0000,28.2871,17048.6772
6624.0000,40.9223,16589.6083
6625.0000,34.4304,16124.0540
6626.0000,29.7293,15653.7987
6627.0000,27.4337,15181.2490
6628.0000,28.7613,14710.0259
6629.0000,41.6394,14251.8377
6630.0000,37.0416,13788.8887
6631.0000,24.6269,13313.5224
6632.0000,38.2072,12851.7445
6633.0000,37.6638,12389.4368
6634.0000,13.9452,11903.3886
6635.0000,28.2938,11431.6991
6636.0000,25.8232,10957.5395
6637.0000,11.2940,10468.8410
6638.0000,18.2595,9987.1132
6639.0000,28.3648,9515.4940
6640.0000,23.9451,9039.4550
6641.0000,45.9461,8585.4202
6642.0000,23.2991,8108.7354
6643.0000,24.7286,7633.4801
6644.0000,42.3159,7175.8032
6645.0000,26.3568,6702.1738
6646.0000,7.6347,6209.8158
6647.0000,8.9938,5718.8868
6648.0000,5.7634,5224.6571
6649.0000,4.1591,4728.8218
6650.0000,5.3392,4234.1665
6651.0000,3.8702,3738.0425
6652.0000,3.8783,3241.9248
6653.0000,4.1783,2746.1124
6654.0000,3.9165,2250.0339
6655.0000,3.9057,1753.9434
6656.0000,4.2915,1258.2386
6657.0000,3.9297,762.1731
6658.0000,4.2677,266.4450
6659.0000,3.5945,4.2998
6660.0000,5.3907,7.3666
6661.0000,14.5439,15.3037
6662.0000,17.0694,18.4934
6663.0000,31.8317,32.6666
6664.0000,34.1540,34.5633
6665.0000,27.7470,28.5090
6666.0000,12.9129,13.7959
6667.0000,12.9908,14.4766
6668.0000,12.2995,13.8098
6669.0000,13.1325,15.1413
6670.0000,30.9682,31.7312
6671.0000,14.6251,16.5202
6672.0000,13.2012,15.3010
6673.0000,9.1506,11.2703
6674.0000,10.1503,12.5894
6675.0000,6.6446,7.8987
6676.0000,12.7592,15.1773
6677.0000,13.1510,16.5828
6678.0000,13.0751,14.7871
6679.0000,12.5063,14.6021
6680.0000,15.4754,19.3578
6681.0000,14.1578,17.9405
6682.0000,10.8704,13.3178
6683.0000,22.1731,23.4375
6684.0000,45.5040,45.9636
6685.0000,44.2429,45.1359
6686.0000,40.7786,42.4788
6687.0000,17.9120,20.3310
6688.0000,17.8004,19.8138
6689.0000,17.8082,20.3783
6690.0000,15.4392,18.0443
6691.0000,18.0418,20.7325
6692.0000,18.0095,20.7267
6693.0000,17.8923,19.9520
6694.0000,14.5938,16.6385
6695.0000,6.6607,7.8729
6696.0000,12.1124,13.8030
6697.0000,17.9455,20.0914
6698.0000,15.1146,17.5684
6699.0000,11.9429,12.5199
6700.0000,14.5164,17.4584
6701.0000,18.3296,22.1009
6702.0000,39.4786,43.1503
6703.0000,35.0878,35.8988
6704.0000,37.9124,38.8895
6705.0000,41.3415,42.2700
6706.0000,41.5690,43.3290
6707.0000,18.1331,21.4188
6708.0000,18.1821,20.6558
6709.0000,18.1258,20.6529
6710.0000,14.9740,17.6056
6711.0000,12.2698,14.7150
6712.0000,17.8744,20.2392
6713.0000,18.1570,20.2718
6714.0000,14.8679,18.6502
6715.0000,45.3100,45.7617
6716.0000,26.0886,27.1533
6717.0000,42.2591,46.2992
6718.0000,41.0961,42.0128
6719.0000,39.6701,42.2723
6720.0000,37.0907,38.5781
6721.0000,41.5487,46.8592
6722.0000,34.5206,37.2255
6723.0000,36.6927,37.1164
6724.0000,40.8665,41.7464
6725.0000,38.2347,38.9808
6726.0000,39.7698,44.1097
6727.0000,32.2106,33.0860
6728.0000,46.7380,48.5231
6729.0000,42.4380,43.6710
6730.0000,38.2546,42.7128
6731.0000,37.0258,39.2985
6732.0000,41.7155,43.5125
6733.0000,44.4997,45.2843
6734.0000,36.4628,38.7334
6735.0000,16.0271,16.6477
6736.0000,19.6427,20.8540
6737.0000,19.8836,20.4504
6738.0000,18.3205,18.7807
6739.0000,16.1413,17.4386
6740.0000,17.9733,21.0977
6741.0000,19.3041,19.7874
6742.0000,18.5470,19.1132
6743.0000,19.1251,20.2005
6744.0000,18.1213,18.6077
6745.0000,17.9043,19.9978
6746.0000,15.3868,18.3013
6747.0000,18.2831,22.1880
6748.0000,18.2953,20.3954
6749.0000,17.9381,20.0042
6750.0000,17.9449,18.5781
6751.0000,47.3889,51.6585
6752.0000,7.6478,7.9987
6753.0000,15.5415,17.1100
6754.0000,15.9251,19.3322
6755.0000,44.6884,45.1404
6756.0000,33.4551,34.2320
6757.0000,40.3569,41.0148
6758.0000,44.7436,45.3757
6759.0000,17.8394,20.2112
6760.0000,17.6611,19.6707
6761.0000,17.7934,19.8977
6762.0000,14.3299,16.7080
6763.0000,6.6695,7.8106
6764.0000,12.5364,14.8818
6765.0000,17.9972,20.1809
6766.0000,14.7999,16.8699
6767.0000,12.1236,14.4688
6768.0000,18.0638,20.4470
6769.0000,17.7201,19.8684
6770.0000,14.6373,17.0363
6771.0000,11.5183,13.5054
6772.0000,12.3080,14.1859
6773.0000,17.9581,20.2666
6774.0000,14.9624,17.5479
6775.0000,12.2787,14.6557
6776.0000,17.9581,20.3974
6777.0000,17.9094,20.1909
6778.0000,14.8828,16.9726
6779.0000,12.2045,14.2028
6780.0000,18.1161,20.8658
6781.0000,17.9082,20.1036
6782.0000,6.6167,7.0400
6783.0000,13.4765,15.9078
6784.0000,17.8251,19.9556
6785.0000,17.8264,20.3766
6786.0000,14.8495,17.4853
6787.0000,10.5429,13.3838
6788.0000,15.1614,18.6245
6789.0000,17.9593,20.3431
6790.0000,14.7018,17.0540
6791.0000,12.1643,14.5995
6792.0000,17.8945,19.9542
6793.0000,17.8023,19.8960
6794.0000,14.7953,17.1572
6795.0000,12.1585,14.6831
6796.0000,17.6792,20.2020
6797.0000,17.6067,20.7872
6798.0000,14.7648,16.9492
6799.0000,12.3581,15.7621
6800.0000,17.6788,20.1000
6801.0000,18.0266,20.7486
6802.0000,14.9994,17.5295
6803.0000,12.2478,14.3544
6804.0000,17.7241,20.3961
6805.0000,17.9980,20.1231
6806.0000,17.7729,18.3597
6807.0000,45.7337,47.8438
6808.0000,46.8289,47.8176
6809.0000,43.6032,44.5582
6810.0000,40.7972,42.5986
6811.0000,38.2731,42.6241
6812.0000,33.8108,34.6939
6813.0000,42.0313,45.9429
6814.0000,35.3370,39.6925
6815.0000,45.2286,47.5713
6816.0000,46.7681,47.6210
6817.0000,43.9747,44.8530
6818.0000,39.8197,43.9785
6819.0000,31.5626,32.7885
6820.0000,46.1640,48.5795
6821.0000,43.0837,44.0551
6822.0000,37.1784,41.5246
6823.0000,37.5307,39.0291
6824.0000,44.0949,46.4236
6825.0000,42.9615,47.1326
6826.0000,35.3389,39.3082
6827.0000,44.9772,47.6821
6828.0000,46.9266,48.9904
6829.0000,42.8522,45.2018
6830.0000,41.9819,42.9044
6831.0000,38.3095,40.4949
6832.0000,42.3333,46.7420
6833.0000,42.8772,43.7853
6834.0000,41.7005,42.5598
6835.0000,33.2482,34.2678
6836.0000,46.8942,49.0605
6837.0000,43.4780,44.2953
6838.0000,37.4907,40.1212
6839.0000,43.1106,44.1419
6840.0000,39.9861,44.5506
6841.0000,44.8286,45.5585
6842.0000,41.5423,42.4964
6843.0000,34.2009,35.2414
6844.0000,17.8721,20.3575
6845.0000,18.0246,20.1054
6846.0000,15.0419,17.4050
6847.0000,12.1894,14.3056
6848.0000,17.9244,20.2523
6849.0000,18.0377,20.2846
6850.0000,15.0082,19.2446
6851.0000,18.0378,20.1671
6852.0000,17.8819,20.4922
6853.0000,18.3124,22.1704
6854.0000,39.7548,43.7617
6855.0000,33.4704,34.4229
6856.0000,45.4463,47.7398
6857.0000,43.0331,45.2603
6858.0000,38.6899,39.1870
6859.0000,27.1363,28.0242
6860.0000,36.2462,38.3995
6861.0000,42.3909,43.3967
6862.0000,41.7408,42.6245
6863.0000,35.3260,36.2765
6864.0000,43.3952,44.4034
6865.0000,42.8028,46.6731
6866.0000,33.6625,36.4700
6867.0000,47.2511,51.5918
6868.0000,42.8206,47.1435
6869.0000,42.7696,45.4483
6870.0000,40.8735,41.9475
6871.0000,40.2880,44.5703
6872.0000,36.1108,38.2455
6873.0000,22.6580,23.0246
6874.0000,17.0264,19.2524
6875.0000,18.1714,20.5106
6876.0000,44.5876,46.8527
6877.0000,45.1911,46.0556
6878.0000,36.5131,38.8280
6879.0000,47.4385,51.4705
6880.0000,44.4594,48.5898
6881.0000,43.7191,44.6406
6882.0000,40.2013,43.4039
6883.0000,18.0641,20.3863
6884.0000,17.9686,20.0263
6885.0000,17.9620,20.3722
6886.0000,14.7974,17.0312
6887.0000,10.8251,13.2344
6888.0000,14.7826,17.1899
6889.0000,18.1487,20.5243
6890.0000,15.0349,17.4332
6891.0000,11.8085,13.8144
6892.0000,18.0350,20.5594
6893.0000,18.1234,20.5143
6894.0000,14.8763,17.3051
6895.0000,12.3055,14.6306
6896.0000,18.0733,20.6951
6897.0000,18.2539,20.5534
6898.0000,15.0085,17.4104
6899.0000,12.0368,12.5868
6900.0000,15.5448,19.7574
6901.0000,17.9420,20.4483
6902.0000,15.1857,17.6322
6903.0000,6.6714,7.8610
6904.0000,12.2398,14.0547
6905.0000,18.1877,20.4923
6906.0000,15.0270,17.3894
6907.0000,12.1779,14.5214
6908.0000,18.1221,20.3875
6909.0000,17.8542,20.3869
6910.0000,14.9093,17.3818
6911.0000,12.2227,14.4408
6912.0000,18.0907,20.2012
6913.0000,17.9711,20.0851
6914.0000,14.7059,17.1591
6915.0000,12.2915,14.8465
6916.0000,17.9673,20.2733
6917.0000,17.8996,20.5300
6918.0000,14.8567,17.0138
6919.0000,12.1119,14.7659
6920.0000,18.1803,20.5395
6921.0000,18.0604,20.5284
6922.0000,14.7232,17.2439
6923.0000,12.2717,14.3837
6924.0000,18.1515,20.5824
6925.0000,17.7784,21.5460
6926.0000,13.5067,15.7593
6927.0000,12.1482,14.1119
6928.0000,18.1257,22.0998
6929.0000,18.1056,20.2809
6930.0000,14.6641,17.0166
6931.0000,12.4220,14.5618
6932.0000,17.9429,20.3561
6933.0000,18.0397,20.4008
6934.0000,17.7999,18.3841
6935.0000,47.2695,51.2494
6936.0000,44.7757,47.1714
6937.0000,43.8202,45.1529
6938.0000,41.3354,42.1845
6939.0000,39.0257,41.3037
6940.0000,38.9493,41.3744
6941.0000,39.3364,40.2358
6942.0000,40.5138,43.1813
6943.0000,17.8079,20.9288
6944.0000,17.7910,19.8400
6945.0000,18.0955,20.5999
6946.0000,14.8531,17.3014
6947.0000,11.1865,13.4498
6948.0000,14.5389,16.7237
6949.0000,17.9310,20.0442
6950.0000,15.0062,17.3857
6951.0000,12.2913,14.3647
6952.0000,17.9956,21.0311
6953.0000,18.0151,20.4221
6954.0000,14.8408,17.0304
6955.0000,12.1343,14.1969
6956.0000,17.8668,21.7527
6957.0000,18.0595,20.0887
6958.0000,14.9384,18.7513
6959.0000,18.1118,20.6302
6960.0000,18.0376,21.0122
6961.0000,17.9040,20.3130
6962.0000,15.1021,17.6296
6963.0000,12.3238,14.5717
6964.0000,17.8117,20.1409
6965.0000,42.1498,42.4876
6966.0000,42.1043,42.9135
6967.0000,32.2064,33.0893
6968.0000,18.2356,20.4026
6969.0000,17.8821,19.9412
6970.0000,14.8941,17.4639
6971.0000,12.2441,14.6093
6972.0000,17.8945,20.5919
6973.0000,17.9281,20.3012
6974.0000,14.9053,17.2800
6975.0000,12.2599,14.4598
6976.0000,17.9594,19.9842
6977.0000,17.8487,20.2066
6978.0000,14.7443,17.3578
6979.0000,11.2623,13.0826
6980.0000,14.7349,17.2933
6981.0000,18.0060,20.0696
6982.0000,15.0381,17.2673
6983.0000,12.1367,14.1929
6984.0000,18.2905,20.8542
6985.0000,18.0490,20.5491
6986.0000,14.9685,17.3225
6987.0000,12.0559,14.3910
6988.0000,17.9483,20.3073
6989.0000,18.0365,20.1387
6990.0000,14.9740,18.5340
6991.0000,18.3622,22.2961
6992.0000,18.1127,20.4406
6993.0000,17.9390,20.2980
6994.0000,14.9718,17.2537
6995.0000,12.3377,14.9237
6996.0000,17.9550,19.9963
6997.0000,18.1129,20.5490
6998.0000,14.9221,17.2469
6999.0000,7.1297,8.4192
7000.0000,12.5072,14.8477
7001.0000,18.0639,20.3613
7002.0000,14.9778,17.6875
7003.0000,11.4172,13.0312
7004.0000,14.4843,16.7012
7005.0000,17.9997,20.0529
7006.0000,14.7680,16.8434
7007.0000,11.5142,13.9636
7008.0000,18.1343,20.3194
7009.0000,17.9190,20.3810
7010.0000,14.7209,16.8065
7011.0000,11.8319,14.2284
7012.0000,17.6149,19.9495
7013.0000,42.1681,42.4962
7014.0000,42.1833,42.9719
7015.0000,33.8297,34.6409
7016.0000,17.6815,21.5320
7017.0000,17.2993,18.3302
7018.0000,16.7526,19.2063
7019.0000,18.0793,20.1542
7020.0000,17.9906,20.5002
7021.0000,17.8545,20.1213
7022.0000,14.7082,16.9161
7023.0000,12.0304,13.3787
7024.0000,15.3778,19.3235
7025.0000,18.0983,20.5850
7026.0000,15.0971,17.2392
7027.0000,12.3852,14.8388
7028.0000,17.9774,20.0675
7029.0000,17.9591,20.2363
7030.0000,17.8748,18.3356
7031.0000,17.9669,18.3976
7032.0000,17.7304,18.9925
7033.0000,19.0209,20.0120
7034.0000,18.2303,18.6446
7035.0000,16.7122,17.0818
7036.0000,17.7520,19.4920
7037.0000,18.1343,20.2627
7038.0000,14.9296,17.3689
7039.0000,11.4924,14.4701
7040.0000,15.4252,15.8312
7041.0000,19.3774,19.7700
7042.0000,18.7007,19.1229
7043.0000,6.0381,6.2720
7044.0000,12.6262,13.1215
7045.0000,19.1978,19.6169
7046.0000,17.6697,20.2860
7047.0000,15.2285,16.4426
7048.0000,18.1194,20.4857
7049.0000,18.1329,20.1515
7050.0000,18.2962,18.8176
7051.0000,6.0244,6.2968
7052.0000,8.6891,9.0303
7053.0000,14.8167,15.2061
7054.0000,44.8342,45.1475
7055.0000,15.0818,15.8206
7056.0000,18.3724,18.7779
7057.0000,19.3160,19.7867
7058.0000,18.7604,19.2576
7059.0000,45.5765,46.4462
7060.0000,51.8140,52.4582
7061.0000,43.0215,45.0541
7062.0000,37.9706,40.6795
7063.0000,34.6152,35.0719
7064.0000,45.3270,47.8158
7065.0000,43.7043,44.7065
7066.0000,41.4223,46.1592
7067.0000,31.4712,32.3128
7068.0000,46.0757,48.4855
7069.0000,42.7621,45.0612
7070.0000,38.1567,40.6408
7071.0000,43.7193,48.0821
7072.0000,45.9304,48.3629
7073.0000,43.0585,44.7900
7074.0000,40.8969,42.6166
7075.0000,16.0007,19.1696
7076.0000,18.0532,20.7168
7077.0000,17.7660,21.5146
7078.0000,13.4522,16.0243
7079.0000,12.2576,14.3494
7080.0000,18.0267,20.5045
7081.0000,18.0102,20.0984
7082.0000,15.2976,18.2813
7083.0000,18.2247,20.6947
7084.0000,18.3360,22.2855
7085.0000,18.0134,21.1563
7086.0000,15.0487,17.3180
7087.0000,12.2285,14.3471
7088.0000,18.2051,20.2990
7089.0000,18.2869,22.1115
7090.0000,48.5213,52.6698
7091.0000,49.1889,51.5834
7092.0000,46.1029,46.9877
7093.0000,43.6723,44.6934
7094.0000,37.4207,41.7622
7095.0000,18.2044,20.5939
7096.0000,17.8053,21.6056
7097.0000,18.1623,19.9440
7098.0000,14.8411,17.3353
7099.0000,10.9528,12.5733
7100.0000,6.6376,7.8549
7101.0000,7.8276,9.3273
7102.0000,16.0026,19.8319
7103.0000,17.9857,20.4421
7104.0000,18.0154,20.5271
7105.0000,16.3781,18.0605
7106.0000,16.7807,19.0797
7107.0000,17.9393,20.0363
7108.0000,18.0756,20.2285
7109.0000,17.9962,20.3068
7110.0000,17.8449,18.4843
7111.0000,46.9101,50.6810
7112.0000,46.8013,48.9603
7113.0000,43.0054,43.8811
7114.0000,41.7707,43.5441
7115.0000,37.0309,38.9794
7116.0000,42.7734,47.1451
7117.0000,43.3923,45.6506
7118.0000,41.3235,42.2345
7119.0000,34.1258,35.2302
7120.0000,45.1049,46.8623
7121.0000,42.8879,45.7027
7122.0000,36.8536,39.2484
7123.0000,43.9686,44.5299
7124.0000,35.6164,38.0082
7125.0000,42.3657,43.3273
7126.0000,38.3107,42.6784
7127.0000,35.0193,35.8602
7128.0000,44.7838,48.5800
7129.0000,48.7179,49.6585
7130.0000,41.2896,42.1667
7131.0000,39.6489,40.5878
7132.0000,40.2742,40.9979
7133.0000,40.0826,40.8473
7134.0000,16.9581,19.0057
7135.0000,49.5482,51.6220
7136.0000,17.0578,17.5218
7137.0000,19.0627,19.6529
7138.0000,17.9717,19.5375
7139.0000,16.5692,17.1199
7140.0000,20.9001,23.0844
7141.0000,18.5449,18.9924
7142.0000,18.2702,18.7811
7143.0000,17.9228,18.3774
7144.0000,19.0127,20.5737
7145.0000,19.2280,19.7614
7146.0000,18.2654,18.8182
7147.0000,49.6972,51.8326
7148.0000,43.0198,43.7585
7149.0000,45.8477,47.6238
7150.0000,42.0214,42.8420
7151.0000,34.2618,35.1437
7152.0000,44.0309,44.7285
7153.0000,46.1938,46.7858
7154.0000,17.3417,19.4313
7155.0000,16.3308,16.8084
7156.0000,19.2734,19.7508
7157.0000,20.1359,21.2027
7158.0000,18.7207,19.1882
7159.0000,18.0336,18.5070
7160.0000,20.1396,21.7813
7161.0000,16.4259,17.4225
7162.0000,17.9269,18.3851
7163.0000,49.1171,50.8725
7164.0000,46.5300,48.7366
7165.0000,43.3107,44.1777
7166.0000,41.9318,42.7158
7167.0000,18.2506,20.4537
7168.0000,17.8327,20.1969
7169.0000,17.9629,20.4436
7170.0000,14.9410,17.2984
7171.0000,12.2591,14.7301
7172.0000,17.8282,21.7104
7173.0000,18.0571,20.1100
7174.0000,16.9106,18.4034
7175.0000,47.7352,51.8533
7176.0000,44.0776,47.7147
7177.0000,42.8459,43.7180
7178.0000,39.4837,42.0008
7179.0000,37.6048,38.5459
7180.0000,42.4203,44.0541
7181.0000,44.0759,44.8227
7182.0000,37.4719,39.9608
7183.0000,36.9402,37.4937
7184.0000,41.4481,42.3692
7185.0000,43.4640,45.6442
7186.0000,36.4201,38.8788
7187.0000,40.0662,40.7643
7188.0000,33.7026,34.6976
7189.0000,43.4140,45.5263
7190.0000,41.3175,42.2973
7191.0000,35.4116,36.4409
7192.0000,45.0877,46.7966
7193.0000,43.6824,45.7416
7194.0000,37.0197,40.5360
7195.0000,18.0445,21.6410
7196.0000,18.1317,20.5441
7197.0000,18.0192,20.2141
7198.0000,14.8618,17.1051
7199.0000,12.1260,14.5580
