window,processing_ms,decision_delay_ms,boottime_s
0.0000,4.9751,5.2323,0.0052
1.0000,9.6125,11.0263,0.5110
2.0000,6.2426,6.4853,1.0065
3.0000,11.4808,13.7386,1.5137
4.0000,14.5082,15.6489,2.0156
5.0000,12.3260,13.4674,2.5135
6.0000,18.8464,20.0675,3.0201
7.0000,19.1009,20.2536,3.5202
8.0000,12.9250,14.0468,4.0140
9.0000,9.4045,11.6458,4.5116
10.0000,21.3354,22.8316,5.0228
11.0000,16.1106,17.3596,5.5174
12.0000,26.0646,27.4759,6.0275
13.0000,27.0948,28.5320,6.5285
14.0000,24.5342,25.6032,7.0256
15.0000,34.7833,35.8938,7.5359
16.0000,35.5756,36.7308,8.0367
17.0000,37.2079,38.4694,8.5385
18.0000,34.0118,35.2806,9.0353
19.0000,35.7110,37.0064,9.5370
20.0000,27.9591,28.2813,10.0283
21.0000,37.3277,39.0739,10.5391
22.0000,36.8957,38.1689,11.0382
23.0000,33.7620,34.8119,11.5348
24.0000,34.0646,35.0757,12.0351
25.0000,34.7819,35.8543,12.5359
26.0000,36.9843,38.8686,13.0389
27.0000,33.7560,34.7980,13.5348
28.0000,35.4600,36.7878,14.0368
29.0000,34.5728,35.8833,14.5359
30.0000,32.9315,33.6141,15.0336
31.0000,38.1064,39.2194,15.5392
32.0000,33.6084,34.8798,16.0349
33.0000,34.8764,36.0119,16.5360
34.0000,35.5585,36.6834,17.0367
35.0000,33.7029,34.7477,17.5347
36.0000,35.4950,36.6172,18.0366
37.0000,37.0495,38.5274,18.5385
38.0000,36.9749,39.0706,19.0391
39.0000,34.7166,36.0401,19.5360
40.0000,34.9192,36.0002,20.0360
41.0000,34.6592,35.7926,20.5358
42.0000,35.1206,36.3898,21.0364
43.0000,33.5917,34.8487,21.5348
44.0000,33.4565,34.7058,22.0347
45.0000,34.6827,36.0115,22.5360
46.0000,33.4646,34.5051,23.0345
47.0000,36.9074,38.1801,23.5382
48.0000,10.7943,12.6986,24.0127
49.0000,32.9925,34.8828,24.5349
50.0000,33.0556,34.1152,25.0341
51.0000,33.4796,34.5154,25.5345
52.0000,34.9653,36.0582,26.0361
53.0000,34.5033,35.6163,26.5356
54.0000,35.4734,36.6017,27.0366
55.0000,36.4020,37.7809,27.5378
56.0000,34.9867,36.1735,28.0362
57.0000,34.8831,35.9888,28.5360
58.0000,37.4249,38.8282,29.0388
59.0000,35.2952,37.3064,29.5373
60.0000,18.2620,18.9046,30.0189
61.0000,37.0583,38.5619,30.5386
62.0000,37.4692,38.9296,31.0389
63.0000,36.9432,38.4496,31.5385
64.0000,34.9259,36.0762,32.0361
65.0000,31.7349,32.5765,32.5326
66.0000,37.8079,39.1868,33.0392
67.0000,27.9253,29.4271,33.5294
68.0000,35.6565,37.0173,34.0370
69.0000,33.5924,34.6712,34.5347
70.0000,35.3197,36.4814,35.0365
71.0000,34.8505,36.1755,35.5362
72.0000,34.6206,35.7451,36.0357
73.0000,37.0290,38.2569,36.5383
74.0000,37.2135,38.3360,37.0383
75.0000,33.7906,34.9911,37.5350
76.0000,37.2683,38.5505,38.0386
77.0000,36.9350,38.1414,38.5382
78.0000,34.8829,35.9984,39.0360
79.0000,32.3618,33.3972,39.5334
80.0000,36.6473,37.2780,40.0373
81.0000,34.2993,35.5322,40.5355
82.0000,35.1012,36.1712,41.0362
83.0000,36.8346,38.0530,41.5381
84.0000,35.2109,36.3191,42.0363
85.0000,37.4945,38.9593,42.5390
86.0000,12.2769,14.1074,43.0141
87.0000,34.4171,36.7427,43.5367
88.0000,33.6438,34.9461,44.0349
89.0000,32.0865,33.3269,44.5333
90.0000,35.3030,36.3937,45.0364
91.0000,33.5929,34.8637,45.5349
92.0000,34.6898,35.7969,46.0358
93.0000,33.4073,34.6690,46.5347
94.0000,35.2818,36.3869,47.0364
95.0000,36.3204,37.6918,47.5377
96.0000,37.0087,38.3206,48.0383
97.0000,34.0916,35.2890,48.5353
98.0000,37.5668,38.7095,49.0387
99.0000,27.3563,28.4045,49.5284
100.0000,35.7069,36.7772,50.0368
101.0000,35.1974,36.3873,50.5364
102.0000,36.5140,37.6892,51.0377
103.0000,33.3285,34.6057,51.5346
104.0000,35.0114,36.3429,52.0363
105.0000,35.6606,36.7169,52.5367
106.0000,35.7611,37.6593,53.0377
107.0000,36.0895,37.5097,53.5375
108.0000,35.2614,36.6273,54.0366
109.0000,34.6876,36.0126,54.5360
110.0000,34.5563,35.8609,55.0359
111.0000,34.5588,35.6555,55.5357
112.0000,34.4755,35.5855,56.0356
113.0000,33.5307,34.7809,56.5348
114.0000,35.2842,36.6018,57.0366
115.0000,33.3265,34.3817,57.5344
116.0000,34.6691,36.0132,58.0360
117.0000,34.6556,36.0184,58.5360
118.0000,34.8057,35.9027,59.0359
119.0000,18.8979,19.3419,59.5193
120.0000,34.0854,35.9476,60.0359
121.0000,34.6188,35.6767,60.5357
122.0000,36.5702,37.9578,61.0380
123.0000,33.7231,35.0014,61.5350
124.0000,35.1711,36.3209,62.0363
125.0000,37.1112,38.6064,62.5386
126.0000,34.7758,36.6131,63.0366
127.0000,37.1925,38.6055,63.5386
128.0000,34.7443,36.5869,64.0366
129.0000,34.8061,36.1285,64.5361
130.0000,35.3709,36.4806,65.0365
131.0000,33.3642,34.6279,65.5346
132.0000,34.6882,36.0446,66.0360
133.0000,33.5383,34.7871,66.5348
134.0000,34.6084,35.9278,67.0359
135.0000,33.5428,34.8020,67.5348
136.0000,34.3273,35.4675,68.0355
137.0000,36.7996,38.0976,68.5381
138.0000,35.5238,37.3923,69.0374
139.0000,33.5116,33.7937,69.5338
140.0000,33.5785,34.8785,70.0349
141.0000,33.5105,34.5642,70.5346
142.0000,36.6058,38.0617,71.0381
143.0000,33.2836,34.5580,71.5346
144.0000,30.1221,30.9416,72.0309
145.0000,36.6928,38.4480,72.5385
146.0000,17.5762,18.0573,73.0181
147.0000,37.3640,38.7479,73.5388
148.0000,33.8974,35.2337,74.0352
149.0000,31.5674,32.7883,74.5328
150.0000,33.2229,34.5008,75.0345
151.0000,33.1875,34.4885,75.5345
152.0000,31.5044,32.7151,76.0327
153.0000,31.7968,33.0001,76.5330
154.0000,35.8072,37.1811,77.0372
155.0000,33.6672,34.9501,77.5349
156.0000,34.8219,36.1635,78.0362
157.0000,36.8019,38.2218,78.5382
158.0000,36.9755,38.9226,79.0389
159.0000,34.6853,36.0433,79.5360
160.0000,34.8446,36.1685,80.0362
161.0000,34.4222,35.7415,80.5357
162.0000,35.1736,37.0015,81.0370
163.0000,33.2698,34.3202,81.5343
164.0000,34.7760,36.1538,82.0362
165.0000,34.5999,35.9356,82.5359
166.0000,34.5989,35.9174,83.0359
167.0000,35.6751,36.7400,83.5367
168.0000,35.3680,36.5088,84.0365
169.0000,34.7110,35.7814,84.5358
170.0000,35.4852,36.7989,85.0368
171.0000,33.2658,34.5112,85.5345
172.0000,34.6669,35.7707,86.0358
173.0000,33.4444,34.6986,86.5347
174.0000,34.6931,36.0145,87.0360
175.0000,34.7563,36.0993,87.5361
176.0000,34.5218,35.8396,88.0358
177.0000,37.2494,38.5224,88.5385
178.0000,35.0913,36.4151,89.0364
179.0000,33.4832,34.7546,89.5348
180.0000,34.9219,36.2682,90.0363
181.0000,33.0402,34.2112,90.5342
182.0000,35.1908,36.6170,91.0366
183.0000,34.5111,35.8497,91.5358
184.0000,35.3660,36.2146,92.0362
185.0000,34.9962,36.2157,92.5362
186.0000,35.3013,36.6242,93.0366
187.0000,36.9973,38.2263,93.5382
188.0000,34.8385,36.1665,94.0362
189.0000,33.8480,34.9441,94.5349
190.0000,34.9145,36.0296,95.0360
191.0000,34.9023,36.0117,95.5360
192.0000,36.7892,38.0165,96.0380
193.0000,34.0431,35.1065,96.5351
194.0000,34.8771,36.1803,97.0362
195.0000,33.4330,34.6960,97.5347
196.0000,35.9376,37.7970,98.0378
197.0000,35.2692,36.6073,98.5366
198.0000,34.7448,35.9542,99.0360
199.0000,28.2392,29.0903,99.5291
200.0000,34.6328,35.7308,100.0357
201.0000,34.2482,35.5416,100.5355
202.0000,35.0948,36.1847,101.0362
203.0000,34.0001,35.2905,101.5353
204.0000,33.8020,35.0687,102.0351
205.0000,35.9934,36.8397,102.5368
206.0000,36.9245,38.8682,103.0389
207.0000,35.0509,36.4348,103.5364
208.0000,35.2869,36.6141,104.0366
209.0000,33.6275,34.8811,104.5349
210.0000,34.2247,35.4959,105.0355
211.0000,34.4733,35.7614,105.5358
212.0000,35.9789,37.3731,106.0374
213.0000,34.5353,35.8635,106.5359
214.0000,34.7351,36.0571,107.0361
215.0000,34.6857,36.1681,107.5362
216.0000,34.8046,36.1246,108.0361
217.0000,36.5270,37.9403,108.5379
218.0000,35.4028,37.2496,109.0372
219.0000,33.2249,34.2689,109.5343
220.0000,34.8406,36.1664,110.0362
221.0000,35.3257,36.6739,110.5367
222.0000,25.2383,26.4524,111.0265
223.0000,33.6764,34.9251,111.5349
224.0000,35.7280,37.0853,112.0371
225.0000,36.8927,38.1123,112.5381
226.0000,34.2134,35.3571,113.0354
227.0000,37.1726,38.3812,113.5384
228.0000,34.7855,36.1080,114.0361
229.0000,33.6661,34.9108,114.5349
230.0000,34.5914,35.8986,115.0359
231.0000,37.4358,38.5662,115.5386
232.0000,34.6990,36.5389,116.0366
233.0000,34.6773,35.9801,116.5360
234.0000,34.9805,36.3135,117.0363
235.0000,33.4975,34.5565,117.5346
236.0000,34.7072,36.0076,118.0360
237.0000,34.6161,35.9125,118.5359
238.0000,34.6452,36.0132,119.0360
239.0000,16.6738,17.0991,119.5171
240.0000,34.8301,36.6681,120.0367
241.0000,34.6188,35.7228,120.5357
242.0000,37.0654,38.4315,121.0384
243.0000,35.3977,36.5228,121.5365
244.0000,34.8034,36.2125,122.0362
245.0000,36.8821,38.3113,122.5383
246.0000,35.0426,36.1579,123.0362
247.0000,36.9665,37.3511,123.5374
248.0000,11.9313,13.5496,124.0135
249.0000,32.9643,35.0037,124.5350
250.0000,34.1130,35.1931,125.0352
251.0000,33.4025,34.6493,125.5346
252.0000,33.6451,34.8251,126.0348
253.0000,34.8308,36.1698,126.5362
254.0000,33.3541,34.6003,127.0346
255.0000,34.9810,35.8266,127.5358
256.0000,34.7602,36.1098,128.0361
257.0000,34.7593,36.0195,128.5360
258.0000,36.6755,37.7345,129.0377
259.0000,33.3446,34.6062,129.5346
260.0000,34.7430,36.0662,130.0361
261.0000,34.8269,36.1549,130.5362
262.0000,35.5963,35.9520,131.0360
263.0000,34.6877,36.0395,131.5360
264.0000,34.5204,35.8384,132.0358
265.0000,34.7003,36.0297,132.5360
266.0000,35.6998,36.7744,133.0368
267.0000,35.2166,36.6212,133.5366
268.0000,34.5518,36.3871,134.0364
269.0000,34.7648,35.8887,134.5359
270.0000,34.8608,35.9743,135.0360
271.0000,33.5146,34.8043,135.5348
272.0000,35.0588,36.4182,136.0364
273.0000,34.5551,35.9057,136.5359
274.0000,35.1350,36.4547,137.0365
275.0000,33.4941,34.5445,137.5345
276.0000,37.1010,39.3225,138.0393
277.0000,36.9747,38.2896,138.5383
278.0000,17.3065,17.9786,139.0180
279.0000,37.0104,38.4730,139.5385
280.0000,34.7282,36.0534,140.0361
281.0000,34.5802,35.9279,140.5359
282.0000,35.4533,36.7801,141.0368
283.0000,33.4568,34.5026,141.5345
284.0000,34.6611,35.9915,142.0360
285.0000,34.6303,35.9714,142.5360
286.0000,34.9747,36.1118,143.0361
287.0000,29.7453,30.8746,143.5309
288.0000,34.7579,36.6081,144.0366
289.0000,36.1290,37.5163,144.5375
290.0000,35.2552,36.7272,145.0367
291.0000,33.3457,34.5948,145.5346
292.0000,35.0097,36.3409,146.0363
293.0000,34.2138,35.3767,146.5354
294.0000,34.6529,36.4925,147.0365
295.0000,36.6632,37.9072,147.5379
296.0000,34.8623,36.2155,148.0362
297.0000,35.2848,36.4537,148.5365
298.0000,34.0365,35.2361,149.0352
299.0000,35.0004,36.1268,149.5361
300.0000,33.6405,34.6958,150.0347
301.0000,30.0016,30.3833,150.5304
302.0000,37.5751,39.3825,151.0394
303.0000,34.6453,35.7140,151.5357
304.0000,34.6272,35.9811,152.0360
305.0000,33.7775,35.0764,152.5351
306.0000,36.3704,37.5469,153.0376
307.0000,34.3279,35.6291,153.5356
308.0000,35.9200,37.3044,154.0373
309.0000,36.0110,37.3354,154.5373
310.0000,37.0639,38.2717,155.0383
311.0000,35.0999,36.2314,155.5362
312.0000,34.7060,36.0699,156.0361
313.0000,33.5318,34.7832,156.5348
314.0000,35.0551,36.3406,157.0363
315.0000,34.6818,36.0421,157.5360
316.0000,34.0124,35.3463,158.0353
317.0000,35.3926,36.5202,158.5365
318.0000,33.7297,34.8684,159.0349
319.0000,35.2010,37.4863,159.5375
320.0000,34.7022,35.7195,160.0357
321.0000,25.4555,26.5254,160.5265
322.0000,35.5564,37.7163,161.0377
323.0000,33.9428,35.1677,161.5352
324.0000,33.7337,34.7876,162.0348
325.0000,36.4970,37.8785,162.5379
326.0000,34.2852,35.2398,163.0352
327.0000,20.2718,21.4821,163.5215
328.0000,34.7118,36.5377,164.0365
329.0000,33.4603,34.7110,164.5347
330.0000,34.8912,36.2463,165.0363
331.0000,33.7486,35.0033,165.5350
332.0000,35.3405,37.2116,166.0372
333.0000,35.4996,36.6224,166.5366
334.0000,34.6998,36.0326,167.0360
335.0000,34.5297,35.8401,167.5358
336.0000,34.5293,35.6639,168.0357
337.0000,34.2369,35.6224,168.5356
338.0000,33.9499,35.1949,169.0352
339.0000,33.5157,34.7852,169.5348
340.0000,36.5698,37.9832,170.0380
341.0000,34.9108,36.2507,170.5363
342.0000,36.6897,37.8776,171.0379
343.0000,34.9605,36.0355,171.5360
344.0000,33.9302,35.1348,172.0351
345.0000,32.6402,33.7588,172.5338
346.0000,33.2641,34.3126,173.0343
347.0000,33.3399,34.4602,173.5345
348.0000,33.4701,34.5223,174.0345
349.0000,34.8090,35.9551,174.5360
350.0000,34.7924,36.1651,175.0362
351.0000,34.8779,36.2134,175.5362
352.0000,34.7090,36.0214,176.0360
353.0000,34.5900,35.6879,176.5357
354.0000,34.8960,36.0535,177.0361
355.0000,33.6280,34.8673,177.5349
356.0000,34.8079,36.1406,178.0361
357.0000,36.6336,37.8106,178.5378
358.0000,34.9218,36.2613,179.0363
359.0000,9.9771,10.1267,179.5101
360.0000,33.4377,34.7046,180.0347
361.0000,34.6776,36.0271,180.5360
362.0000,36.1602,37.3230,181.0373
363.0000,34.3035,35.5815,181.5356
364.0000,36.0484,37.4185,182.0374
365.0000,34.7384,36.0561,182.5361
366.0000,34.6558,35.9944,183.0360
367.0000,36.8471,38.0735,183.5381
368.0000,34.4680,36.0855,184.0361
369.0000,34.9420,36.0656,184.5361
370.0000,35.2118,36.5566,185.0366
371.0000,33.3762,34.4199,185.5344
372.0000,36.5253,37.9715,186.0380
373.0000,34.8190,36.1952,186.5362
374.0000,33.0107,34.0793,187.0341
375.0000,37.2404,38.5145,187.5385
376.0000,34.7101,36.0599,188.0361
377.0000,33.9999,35.2643,188.5353
378.0000,37.4428,39.8622,189.0399
379.0000,33.3734,34.6253,189.5346
380.0000,34.6836,35.9986,190.0360
381.0000,34.8897,35.9920,190.5360
382.0000,34.7982,36.1423,191.0361
383.0000,34.7407,36.0584,191.5361
384.0000,34.7476,35.9283,192.0359
385.0000,34.5385,35.8528,192.5359
386.0000,35.1114,36.4223,193.0364
387.0000,34.0660,35.3592,193.5354
388.0000,35.3088,37.1695,194.0372
389.0000,34.5970,35.9393,194.5359
390.0000,34.6315,35.9471,195.0359
391.0000,10.3239,10.9080,195.5109
392.0000,34.6905,36.4196,196.0364
393.0000,34.8383,36.1699,196.5362
394.0000,34.9271,36.2440,197.0362
395.0000,33.9453,35.2298,197.5352
396.0000,33.4242,34.6771,198.0347
397.0000,36.9328,38.1505,198.5382
398.0000,36.9044,39.1575,199.0392
399.0000,34.9126,36.2632,199.5363
400.0000,32.1909,33.3015,200.0333
401.0000,36.7661,37.9883,200.5380
402.0000,35.0858,36.4236,201.0364
403.0000,33.3632,34.6189,201.5346
404.0000,34.8122,36.1597,202.0362
405.0000,34.6141,35.9291,202.5359
406.0000,34.7411,36.0715,203.0361
407.0000,35.5291,36.7550,203.5368
408.0000,36.5083,37.9264,204.0379
409.0000,34.6392,35.4883,204.5355
410.0000,35.2552,36.1041,205.0361
411.0000,33.2810,34.5692,205.5346
412.0000,34.6626,36.0013,206.0360
413.0000,34.5985,35.7133,206.5357
414.0000,34.5245,35.8845,207.0359
415.0000,34.7019,36.0328,207.5360
416.0000,34.5978,35.9341,208.0359
417.0000,33.4742,34.5261,208.5345
418.0000,35.0267,36.1364,209.0361
419.0000,33.4792,34.7468,209.5347
420.0000,35.8773,37.2601,210.0373
421.0000,34.6481,35.7062,210.5357
422.0000,34.0939,35.1844,211.0352
423.0000,33.7559,35.0159,211.5350
424.0000,36.1914,37.5535,212.0376
425.0000,34.7369,35.5930,212.5356
426.0000,35.2596,36.2991,213.0363
427.0000,33.7337,35.0305,213.5350
428.0000,33.9921,35.2429,214.0352
429.0000,35.5941,36.6853,214.5367
430.0000,34.6947,36.0986,215.0361
431.0000,34.5623,35.8884,215.5359
432.0000,34.7594,36.5996,216.0366
433.0000,34.4294,35.4740,216.5355
434.0000,35.1779,36.3218,217.0363
435.0000,33.3819,34.6518,217.5346
436.0000,34.7884,36.1128,218.0361
437.0000,36.5489,37.7728,218.5378
438.0000,34.8243,36.2039,219.0362
439.0000,34.5771,35.6857,219.5357
440.0000,34.6360,35.9732,220.0360
441.0000,34.6224,35.7249,220.5357
442.0000,35.1346,36.4803,221.0365
443.0000,33.5396,34.8197,221.5348
444.0000,34.7124,36.0671,222.0361
445.0000,34.5418,35.6782,222.5357
446.0000,34.6078,35.9732,223.0360
447.0000,37.0782,38.5434,223.5386
448.0000,10.9967,13.2854,224.0133
449.0000,32.5139,34.6642,224.5347
450.0000,32.7878,33.6077,225.0336
451.0000,33.5103,34.7672,225.5348
452.0000,35.1410,36.4922,226.0365
453.0000,34.8264,35.6756,226.5357
454.0000,34.8277,36.2183,227.0362
455.0000,36.7547,38.0274,227.5380
456.0000,33.5767,34.6288,228.0347
457.0000,9.5129,10.3088,228.5103
458.0000,34.1550,34.9509,229.0349
459.0000,33.3608,34.6172,229.5346
460.0000,33.6974,34.9674,230.0350
461.0000,35.9101,37.0673,230.5371
462.0000,36.8286,38.0496,231.0381
463.0000,33.5526,34.6317,231.5346
464.0000,35.4125,36.5718,232.0366
465.0000,35.7722,36.8394,232.5370
466.0000,33.7868,35.0514,233.0350
467.0000,37.0080,38.6377,233.5386
468.0000,34.6700,36.0382,234.0360
469.0000,34.6435,35.9951,234.5360
470.0000,34.4935,35.6836,235.0357
471.0000,34.6512,36.0056,235.5360
472.0000,34.2347,35.3834,236.0354
473.0000,34.4485,35.5584,236.5356
474.0000,34.9087,36.2312,237.0362
475.0000,33.4719,34.7375,237.5347
476.0000,34.7583,36.0972,238.0361
477.0000,35.9060,36.7108,238.5367
478.0000,35.1073,37.2626,239.0373
479.0000,36.6348,38.0651,239.5381
480.0000,34.7531,35.9500,240.0360
481.0000,34.7425,36.0951,240.5361
482.0000,35.9655,37.1348,241.0371
483.0000,33.6144,34.8824,241.5349
484.0000,34.8094,36.1660,242.0362
485.0000,34.4377,35.7541,242.5358
486.0000,34.7064,36.0691,243.0361
487.0000,26.1667,27.3349,243.5273
488.0000,35.0487,37.2488,244.0373
489.0000,34.7647,35.8737,244.5359
490.0000,35.0763,36.4129,245.0364
491.0000,33.3929,34.6554,245.5347
492.0000,20.8930,22.0837,246.0221
493.0000,34.5804,35.9041,246.5359
494.0000,33.4106,34.5244,247.0345
495.0000,34.4994,35.8126,247.5358
496.0000,34.7806,36.0976,248.0361
497.0000,34.3791,35.0800,248.5351
498.0000,34.9598,36.7859,249.0368
499.0000,31.2605,32.4406,249.5324
500.0000,34.8975,36.7397,250.0367
501.0000,34.6463,35.9777,250.5360
502.0000,34.8630,36.2058,251.0362
503.0000,34.5562,36.0841,251.5361
504.0000,34.6886,36.5120,252.0365
505.0000,34.5597,35.6637,252.5357
506.0000,35.0512,36.3715,253.0364
507.0000,33.7081,34.9870,253.5350
508.0000,35.2844,37.2511,254.0373
509.0000,34.7430,36.1202,254.5361
510.0000,34.7188,36.5602,255.0366
511.0000,34.7304,36.0607,255.5361
512.0000,34.5104,36.3451,256.0363
513.0000,35.1091,36.3265,256.5363
514.0000,35.1498,36.4841,257.0365
515.0000,33.5629,34.8216,257.5348
516.0000,34.5956,35.9150,258.0359
517.0000,27.5321,28.2937,258.5283
518.0000,36.9012,38.8733,259.0389
519.0000,34.7138,36.0426,259.5360
520.0000,34.8049,36.1233,260.0362
521.0000,34.5754,35.8986,260.5359
522.0000,34.9799,36.3061,261.0363
523.0000,33.3809,34.6451,261.5346
524.0000,34.6417,35.7769,262.0358
525.0000,34.5951,35.9324,262.5359
526.0000,34.5571,35.8930,263.0359
527.0000,24.2038,25.2973,263.5253
528.0000,34.9582,36.4308,264.0364
529.0000,34.5876,35.7179,264.5357
530.0000,33.9431,35.1993,265.0352
531.0000,33.4906,34.9351,265.5349
532.0000,34.7932,36.1340,266.0361
533.0000,34.7142,36.0595,266.5361
534.0000,34.7775,36.1245,267.0361
535.0000,34.7373,36.1497,267.5361
536.0000,34.6484,35.9660,268.0360
537.0000,21.0074,22.0928,268.5221
538.0000,34.9874,36.3320,269.0363
539.0000,33.5076,34.7886,269.5348
540.0000,35.4225,36.7314,270.0367
541.0000,34.8807,35.2703,270.5353
542.0000,39.1814,39.9450,271.0400
543.0000,35.7907,37.0156,271.5370
544.0000,35.0737,36.2703,272.0363
545.0000,33.6193,34.8779,272.5349
546.0000,35.3140,36.4287,273.0364
547.0000,34.5747,36.3409,273.5363
548.0000,10.4983,12.5973,274.0126
549.0000,32.3722,34.3770,274.5344
550.0000,31.8201,33.0795,275.0331
551.0000,31.4611,32.6424,275.5326
552.0000,34.4500,36.4134,276.0364
553.0000,32.5646,33.6432,276.5336
554.0000,33.0093,34.7719,277.0348
555.0000,33.4519,34.4728,277.5345
556.0000,34.7918,36.1260,278.0361
557.0000,36.2284,36.5476,278.5366
558.0000,34.9027,36.7695,279.0368
559.0000,34.7969,35.9050,279.5359
560.0000,33.9358,34.9747,280.0350
561.0000,34.6822,35.7809,280.5358
562.0000,35.2218,36.3110,281.0363
563.0000,33.6211,35.1684,281.5352
564.0000,34.6897,36.0583,282.0361
565.0000,36.7764,38.2334,282.5382
566.0000,34.7294,36.1659,283.0362
567.0000,36.1139,37.2828,283.5373
568.0000,34.7486,36.0515,284.0361
569.0000,35.7868,37.1643,284.5372
570.0000,34.9443,36.2750,285.0363
571.0000,35.0120,36.2858,285.5363
572.0000,34.8221,36.6056,286.0366
573.0000,34.6907,35.7977,286.5358
574.0000,35.5093,36.6253,287.0366
575.0000,34.6278,35.6786,287.5357
576.0000,34.6713,36.0401,288.0360
577.0000,31.9331,33.2501,288.5332
578.0000,35.0398,36.3578,289.0364
579.0000,33.6992,34.9568,289.5350
580.0000,34.7500,36.5890,290.0366
581.0000,34.7690,36.0932,290.5361
582.0000,35.6218,36.7526,291.0368
583.0000,34.6053,35.9581,291.5360
584.0000,35.1208,36.2352,292.0362
585.0000,35.0533,36.2127,292.5362
586.0000,35.7074,37.0755,293.0371
587.0000,33.7731,34.8405,293.5348
588.0000,35.0889,36.4411,294.0364
589.0000,34.8118,36.0185,294.5360
590.0000,34.7457,35.9344,295.0359
591.0000,34.8600,36.1918,295.5362
592.0000,35.0581,36.4263,296.0364
593.0000,33.6619,34.6678,296.5347
594.0000,33.7785,34.8560,297.0349
595.0000,33.4810,34.7407,297.5347
596.0000,36.2987,37.4602,298.0375
597.0000,34.9606,36.0397,298.5360
598.0000,34.0369,35.3756,299.0354
599.0000,27.6824,28.0801,299.5281
600.0000,36.5019,39.6598,300.0397
601.0000,34.8560,35.9521,300.5360
602.0000,36.7416,38.1202,301.0381
603.0000,33.5717,34.8262,301.5348
604.0000,34.9815,36.3782,302.0364
605.0000,34.7303,35.8358,302.5358
606.0000,33.4414,34.6927,303.0347
607.0000,35.0494,36.2825,303.5363
608.0000,34.6420,36.6543,304.0367
609.0000,10.4095,12.4691,304.5125
610.0000,32.9591,35.0218,305.0350
611.0000,33.6154,34.9169,305.5349
612.0000,35.2867,37.1605,306.0372
613.0000,36.4760,37.6258,306.5376
614.0000,34.7601,36.6129,307.0366
615.0000,34.6189,35.9418,307.5359
616.0000,34.7911,36.1326,308.0361
617.0000,34.7895,35.9221,308.5359
618.0000,35.6545,36.6704,309.0367
619.0000,33.2537,34.5242,309.5345
620.0000,34.8467,36.1774,310.0362
621.0000,34.7068,35.8308,310.5358
622.0000,34.9480,36.2808,311.0363
623.0000,34.7137,35.8788,311.5359
624.0000,34.7279,36.0880,312.0361
625.0000,34.7029,36.0244,312.5360
626.0000,35.2751,37.1048,313.0371
627.0000,33.7456,34.7874,313.5348
628.0000,35.1790,36.3028,314.0363
629.0000,34.6952,36.0500,314.5361
630.0000,34.5601,35.7237,315.0357
631.0000,34.5927,35.9191,315.5359
632.0000,34.4399,35.7651,316.0358
633.0000,34.5795,35.9121,316.5359
634.0000,33.6175,34.8765,317.0349
635.0000,33.5026,34.7817,317.5348
636.0000,35.3754,36.6907,318.0367
637.0000,33.5212,34.5733,318.5346
638.0000,37.1740,39.3509,319.0394
639.0000,34.7389,36.0884,319.5361
640.0000,34.8809,36.2025,320.0362
641.0000,34.6241,35.9513,320.5360
642.0000,33.7468,35.0021,321.0350
643.0000,33.4104,34.4619,321.5345
644.0000,34.9115,36.2457,322.0362
645.0000,33.4578,34.7047,322.5347
646.0000,34.6978,35.8069,323.0358
647.0000,20.8483,21.5670,323.5216
648.0000,15.8233,15.9908,324.0160
649.0000,9.4220,9.5609,324.5096
650.0000,16.0577,16.2981,325.0163
651.0000,10.8300,10.9764,325.5110
652.0000,10.2060,10.3650,326.0104
653.0000,15.1508,15.3192,326.5153
654.0000,17.2939,17.5428,327.0175
655.0000,14.8664,15.0756,327.5151
656.0000,13.0785,13.2965,328.0133
657.0000,12.7847,13.0547,328.5130
658.0000,26.1230,27.4386,329.0274
659.0000,12.0331,12.2365,329.5122
660.0000,29.9373,31.4028,330.0314
661.0000,34.9769,36.1957,330.5362
662.0000,34.7306,36.5685,331.0366
663.0000,36.7072,37.8713,331.5379
664.0000,37.5188,38.7912,332.0388
665.0000,34.8246,36.1821,332.5362
666.0000,34.1361,35.4089,333.0354
667.0000,33.3631,34.0846,333.5341
668.0000,35.9331,37.8239,334.0378
669.0000,34.6359,35.9699,334.5360
670.0000,34.8253,36.1539,335.0362
671.0000,34.5986,35.9270,335.5359
672.0000,34.5308,36.3594,336.0364
673.0000,34.5721,35.9098,336.5359
674.0000,34.2299,35.5419,337.0355
675.0000,33.4931,34.7976,337.5348
676.0000,34.6401,36.4744,338.0365
677.0000,34.6894,35.7954,338.5358
678.0000,37.5703,39.0180,339.0390
679.0000,34.7030,36.0583,339.5361
680.0000,34.7466,36.5853,340.0366
681.0000,34.4447,35.6976,340.5357
682.0000,35.3315,37.1998,341.0372
683.0000,35.3234,37.2359,341.5372
684.0000,34.9902,36.8363,342.0368
685.0000,34.6619,36.1185,342.5361
686.0000,34.6329,35.9675,343.0360
687.0000,35.3339,36.4537,343.5365
688.0000,36.9009,39.1078,344.0391
689.0000,34.5478,35.8840,344.5359
690.0000,35.2959,36.6447,345.0366
691.0000,38.9734,40.1245,345.5401
692.0000,37.0556,39.1075,346.0391
693.0000,34.6795,36.0222,346.5360
694.0000,36.9627,38.3276,347.0383
695.0000,34.8687,35.9082,347.5359
696.0000,34.6791,36.0133,348.0360
697.0000,34.6045,35.8883,348.5359
698.0000,35.1453,36.5088,349.0365
699.0000,33.3305,34.5947,349.5346
700.0000,34.7350,36.0753,350.0361
701.0000,34.5441,35.8774,350.5359
702.0000,37.1531,39.2175,351.0392
703.0000,35.0774,36.2366,351.5362
704.0000,33.9948,35.2503,352.0352
705.0000,37.0506,38.3204,352.5383
706.0000,35.1191,36.4304,353.0364
707.0000,33.8448,35.0900,353.5351
708.0000,34.1332,35.4154,354.0354
709.0000,35.3816,36.7324,354.5367
710.0000,34.5735,35.8941,355.0359
711.0000,34.5662,35.8942,355.5359
712.0000,34.6276,35.9708,356.0360
713.0000,34.4717,35.7930,356.5358
714.0000,35.1868,36.4926,357.0365
715.0000,33.5338,34.7997,357.5348
716.0000,34.8356,36.1557,358.0362
717.0000,34.7516,35.9310,358.5359
718.0000,33.8613,34.9152,359.0349
719.0000,20.7447,20.9220,359.5209
720.0000,27.2380,27.5707,360.0276
721.0000,20.9987,21.2166,360.5212
722.0000,37.3794,38.5645,361.0386
723.0000,34.2185,35.2660,361.5353
724.0000,34.7355,36.5715,362.0366
725.0000,31.1733,32.2941,362.5323
726.0000,36.9316,38.9001,363.0389
727.0000,34.2906,35.6332,363.5356
728.0000,37.1886,39.3107,364.0393
729.0000,33.5103,34.5687,364.5346
730.0000,36.4924,37.8652,365.0379
731.0000,34.3983,35.7160,365.5357
732.0000,35.2586,36.6107,366.0366
733.0000,34.4810,35.8575,366.5359
734.0000,34.5708,35.7264,367.0357
735.0000,36.7491,38.0632,367.5381
736.0000,34.9294,36.2628,368.0363
737.0000,34.5588,35.8836,368.5359
738.0000,36.0688,37.4234,369.0374
739.0000,35.0194,36.4422,369.5364
740.0000,33.3772,34.4528,370.0345
741.0000,34.5087,35.8330,370.5358
742.0000,33.7507,35.0558,371.0351
743.0000,33.1836,34.4883,371.5345
744.0000,33.0985,34.3853,372.0344
745.0000,33.1590,34.4383,372.5344
746.0000,33.6003,34.8817,373.0349
747.0000,33.3347,34.6231,373.5346
748.0000,35.2687,36.6460,374.0366
749.0000,34.7195,36.1733,374.5362
750.0000,34.1502,35.6256,375.0356
751.0000,34.6515,35.9827,375.5360
752.0000,34.9143,36.2369,376.0362
753.0000,34.5702,35.9427,376.5359
754.0000,35.0617,36.3894,377.0364
755.0000,33.2141,34.4791,377.5345
756.0000,34.4567,35.9683,378.0360
757.0000,36.3695,37.7626,378.5378
758.0000,37.0079,39.1731,379.0392
759.0000,34.4402,35.5550,379.5356
760.0000,34.9517,36.2803,380.0363
761.0000,34.5213,35.8430,380.5358
762.0000,35.0430,36.3698,381.0364
763.0000,33.3682,34.6554,381.5347
764.0000,33.3122,34.5828,382.0346
765.0000,34.8080,36.1581,382.5362
766.0000,34.6919,36.5434,383.0365
767.0000,34.8437,36.2009,383.5362
768.0000,35.3664,36.7596,384.0368
769.0000,34.3785,35.7020,384.5357
770.0000,34.9033,36.0360,385.0360
771.0000,33.4947,34.7576,385.5348
772.0000,34.6202,35.9534,386.0360
773.0000,34.7693,36.0872,386.5361
774.0000,34.6413,35.9756,387.0360
775.0000,34.4741,35.8023,387.5358
776.0000,34.6506,35.7558,388.0358
777.0000,33.5017,34.5543,388.5346
778.0000,36.8797,37.9792,389.0380
779.0000,33.3686,34.6282,389.5346
780.0000,33.4712,34.5036,390.0345
781.0000,34.8824,36.2263,390.5362
782.0000,34.7330,36.0963,391.0361
783.0000,37.3765,38.4480,391.5385
784.0000,36.9627,38.2572,392.0383
785.0000,34.4737,35.6015,392.5356
786.0000,13.2640,15.2871,393.0153
787.0000,34.7668,36.5957,393.5366
788.0000,37.5767,39.0179,394.0390
789.0000,34.5689,35.7529,394.5358
790.0000,33.7388,34.7896,395.0348
791.0000,33.7933,35.0676,395.5351
792.0000,35.0208,36.3709,396.0364
793.0000,34.8829,36.2288,396.5362
794.0000,36.1346,37.2327,397.0372
795.0000,36.7213,38.1243,397.5381
796.0000,33.7697,34.8701,398.0349
797.0000,35.3055,36.6931,398.5367
798.0000,33.6897,34.9466,399.0349
799.0000,34.2019,35.2801,399.5353
800.0000,32.2867,33.5862,400.0336
801.0000,35.3777,36.7219,400.5367
802.0000,36.2355,37.6769,401.0377
803.0000,34.3912,35.7034,401.5357
804.0000,34.8627,36.1383,402.0361
805.0000,35.9545,37.3991,402.5374
806.0000,34.1184,35.3027,403.0353
807.0000,10.4833,12.3640,403.5124
808.0000,34.5219,37.1451,404.0371
809.0000,32.9089,34.1890,404.5342
810.0000,34.2045,35.9696,405.0360
811.0000,33.2114,34.4666,405.5345
812.0000,34.5873,35.9170,406.0359
813.0000,34.7226,35.1246,406.5351
814.0000,34.7104,36.0557,407.0361
815.0000,34.6257,35.9440,407.5359
816.0000,34.5297,35.8515,408.0359
817.0000,35.0368,36.3868,408.5364
818.0000,37.2351,38.5345,409.0385
819.0000,33.3334,34.5918,409.5346
820.0000,34.6905,36.0098,410.0360
821.0000,34.6639,35.9879,410.5360
822.0000,37.0862,38.5494,411.0386
823.0000,34.6203,35.9595,411.5360
824.0000,37.1900,39.2389,412.0392
825.0000,34.6654,35.9930,412.5360
826.0000,35.3051,36.4381,413.0364
827.0000,33.6563,34.9287,413.5349
828.0000,37.1224,38.3832,414.0384
829.0000,34.9479,36.2004,414.5362
830.0000,34.5957,35.9541,415.0360
831.0000,33.9956,35.3662,415.5354
832.0000,33.7366,35.0048,416.0350
833.0000,34.8468,36.1858,416.5362
834.0000,35.2863,36.6136,417.0366
835.0000,33.4272,34.7049,417.5347
836.0000,33.4849,34.7500,418.0347
837.0000,34.6640,36.0020,418.5360
838.0000,36.1582,38.0641,419.0381
839.0000,19.6290,20.1150,419.5201
840.0000,34.5997,35.8073,420.0358
841.0000,34.6524,35.8113,420.5358
842.0000,36.9113,38.2707,421.0383
843.0000,33.4750,34.7533,421.5348
844.0000,35.0500,36.2391,422.0362
845.0000,34.7792,35.8888,422.5359
846.0000,33.5137,34.7703,423.0348
847.0000,34.6768,36.0018,423.5360
848.0000,35.2261,36.6877,424.0367
849.0000,33.4784,34.7688,424.5348
850.0000,32.8433,33.9616,425.0340
851.0000,33.5957,34.6312,425.5346
852.0000,34.6575,36.0064,426.0360
853.0000,34.5600,35.9349,426.5359
854.0000,34.7900,36.1614,427.0362
855.0000,33.2800,34.3595,427.5344
856.0000,34.8092,36.1475,428.0361
857.0000,34.6150,35.9788,428.5360
858.0000,36.8720,38.8071,429.0388
859.0000,34.6538,35.7826,429.5358
860.0000,36.4191,37.5848,430.0376
861.0000,33.6659,34.6963,430.5347
862.0000,34.1678,35.2336,431.0352
863.0000,33.3631,34.4328,431.5344
864.0000,36.1201,38.0009,432.0380
865.0000,34.6468,35.7946,432.5358
866.0000,35.1283,36.4920,433.0365
867.0000,33.5997,34.4066,433.5344
868.0000,37.0437,38.9930,434.0390
869.0000,35.0482,36.1403,434.5361
870.0000,34.6578,35.9816,435.0360
871.0000,34.4388,35.5636,435.5356
872.0000,34.5870,35.9393,436.0359
873.0000,34.6416,35.7541,436.5358
874.0000,34.2555,35.4936,437.0355
875.0000,34.8664,35.9997,437.5360
876.0000,36.9764,38.9667,438.0390
877.0000,34.6764,36.0103,438.5360
878.0000,36.8351,38.1063,439.0381
879.0000,34.8470,35.7061,439.5357
880.0000,34.8329,36.1941,440.0362
881.0000,34.5584,35.9311,440.5359
882.0000,35.3429,37.1898,441.0372
883.0000,34.8689,35.7300,441.5357
884.0000,13.3194,15.8461,442.0158
885.0000,32.3940,34.4229,442.5344
886.0000,33.7684,35.0586,443.0351
887.0000,33.2116,34.0266,443.5340
888.0000,21.0715,22.2192,444.0222
889.0000,36.5844,37.7663,444.5378
890.0000,35.0488,36.3842,445.0364
891.0000,36.5411,36.8510,445.5370
892.0000,34.9154,36.2843,446.0363
893.0000,35.1907,36.3342,446.5363
894.0000,34.7753,36.6299,447.0366
895.0000,34.5267,35.6480,447.5356
896.0000,34.8800,36.2365,448.0362
897.0000,34.7884,35.9042,448.5359
898.0000,35.9457,37.3564,449.0374
899.0000,34.4210,35.4864,449.5355
900.0000,34.5117,35.6811,450.0357
901.0000,35.5926,36.9940,450.5370
902.0000,34.7854,35.9157,451.0359
903.0000,34.5700,35.7169,451.5357
904.0000,33.4122,34.5142,452.0345
905.0000,36.6662,37.9199,452.5379
906.0000,35.2426,36.5707,453.0366
907.0000,33.4945,34.6989,453.5347
908.0000,37.0119,39.1200,454.0391
909.0000,12.2593,14.3139,454.5143
910.0000,33.3580,35.2505,455.0353
911.0000,35.4707,36.5581,455.5366
912.0000,33.7018,34.9709,456.0350
913.0000,34.6953,36.0145,456.5360
914.0000,35.2233,36.5406,457.0365
915.0000,33.6878,34.9585,457.5350
916.0000,34.7959,36.1128,458.0361
917.0000,34.6067,35.9328,458.5359
918.0000,34.6324,35.9818,459.0360
919.0000,34.9334,36.2679,459.5363
920.0000,33.5225,34.7898,460.0348
921.0000,33.2500,34.5083,460.5345
922.0000,35.0092,36.3253,461.0363
923.0000,32.6964,33.7033,461.5337
924.0000,35.2561,36.6011,462.0366
925.0000,35.4452,36.6107,462.5366
926.0000,34.4332,35.7535,463.0358
927.0000,35.0238,36.3782,463.5364
928.0000,35.4852,37.5391,464.0375
929.0000,34.5764,35.9316,464.5359
930.0000,35.3126,36.6371,465.0366
931.0000,35.4767,36.7224,465.5367
932.0000,34.9417,36.3237,466.0363
933.0000,34.7570,36.1266,466.5361
934.0000,34.8503,36.1647,467.0362
935.0000,34.8591,36.1866,467.5362
936.0000,33.4696,34.5373,468.0345
937.0000,34.7585,36.0944,468.5361
938.0000,37.6859,38.9209,469.0389
939.0000,32.8071,34.0830,469.5341
940.0000,37.1376,38.3349,470.0383
941.0000,33.4374,34.7036,470.5347
942.0000,36.4321,37.6043,471.0376
943.0000,34.5370,35.8857,471.5359
944.0000,34.8706,36.1770,472.0362
945.0000,35.4900,36.8573,472.5370
946.0000,35.3193,36.6661,473.0367
947.0000,34.5480,36.4024,473.5364
948.0000,12.7802,15.0443,474.0150
949.0000,33.2797,35.3655,474.5354
950.0000,33.6549,34.9549,475.0350
951.0000,32.9939,34.0563,475.5341
952.0000,32.9186,34.1938,476.0342
953.0000,32.8828,33.9505,476.5339
954.0000,33.7103,34.9865,477.0350
955.0000,33.4552,34.7221,477.5347
956.0000,34.8127,36.6550,478.0367
957.0000,34.7520,36.0712,478.5361
958.0000,35.1018,36.2380,479.0362
959.0000,30.7968,31.4527,479.5315
960.0000,33.6290,35.6319,480.0356
961.0000,33.5288,34.7834,480.5348
962.0000,36.5482,37.8855,481.0379
963.0000,35.5734,36.7646,481.5368
964.0000,29.7551,30.1588,482.0302
965.0000,37.1952,38.6298,482.5386
966.0000,34.7774,36.6294,483.0366
967.0000,34.5135,35.8403,483.5358
968.0000,36.4020,37.5946,484.0376
969.0000,34.7974,36.1256,484.5361
970.0000,35.1145,36.4503,485.0365
971.0000,33.3700,34.6351,485.5346
972.0000,34.6346,35.9477,486.0363
973.0000,34.6801,35.8239,486.5358
974.0000,34.5782,36.4175,487.0364
975.0000,34.5085,35.8428,487.5358
976.0000,34.7785,36.6108,488.0366
977.0000,34.6656,36.0005,488.5360
978.0000,35.1507,36.4886,489.0365
979.0000,33.6076,34.8765,489.5349
980.0000,34.7546,36.1591,490.0362
981.0000,34.7800,36.1178,490.5361
982.0000,35.1781,36.5308,491.0365
983.0000,34.4433,35.7855,491.5358
984.0000,34.6123,35.9303,492.0359
985.0000,34.7340,36.0672,492.5361
986.0000,35.3031,36.6643,493.0367
987.0000,33.5627,34.6203,493.5346
988.0000,37.0584,38.2614,494.0383
989.0000,33.7892,34.8817,494.5349
990.0000,33.8917,35.1515,495.0352
991.0000,34.8368,36.2414,495.5362
992.0000,33.2896,34.5284,496.0345
993.0000,34.5411,35.7233,496.5357
994.0000,34.9812,36.1739,497.0362
995.0000,33.4501,34.7148,497.5347
996.0000,33.4430,34.6961,498.0347
997.0000,36.7917,38.1528,498.5382
998.0000,36.9253,38.1540,499.0382
999.0000,33.4525,34.7179,499.5347
1000.0000,36.6074,37.7835,500.0378
1001.0000,34.5584,35.5953,500.5356
1002.0000,35.1640,36.1882,501.0362
1003.0000,37.1117,38.9344,501.5389
1004.0000,37.1835,38.4261,502.0384
1005.0000,34.9419,36.3064,502.5363
1006.0000,34.6838,35.8022,503.0358
1007.0000,34.7135,36.0421,503.5360
1008.0000,35.0684,36.1949,504.0362
1009.0000,34.5674,35.8938,504.5359
1010.0000,35.1051,36.5085,505.0365
1011.0000,33.5053,34.7686,505.5348
1012.0000,34.6144,35.9355,506.0359
1013.0000,34.7400,36.0797,506.5361
1014.0000,34.5942,35.9468,507.0359
1015.0000,34.7390,36.0686,507.5361
1016.0000,34.6564,35.9893,508.0360
1017.0000,36.8907,38.0766,508.5381
1018.0000,37.5355,39.6615,509.0397
1019.0000,33.3086,34.5722,509.5346
1020.0000,33.7379,34.9904,510.0350
1021.0000,34.7804,36.1342,510.5361
1022.0000,34.8043,36.6442,511.0366
1023.0000,34.6332,36.0336,511.5360
1024.0000,34.7677,36.0918,512.0361
1025.0000,35.9095,37.1932,512.5372
1026.0000,35.2068,36.8602,513.0370
1027.0000,33.3286,34.5839,513.5346
1028.0000,37.7157,39.1433,514.0392
1029.0000,34.6993,36.0520,514.5361
1030.0000,34.7456,36.1167,515.0361
1031.0000,34.6316,35.9568,515.5360
1032.0000,34.7959,36.1300,516.0361
1033.0000,34.5392,35.8601,516.5359
1034.0000,37.1659,38.6317,517.0386
1035.0000,33.3678,34.6390,517.5346
1036.0000,34.7163,36.0422,518.0360
1037.0000,34.6362,35.7679,518.5358
1038.0000,34.8570,36.2000,519.0362
1039.0000,36.7860,38.2629,519.5383
1040.0000,34.7809,35.8899,520.0359
1041.0000,34.6865,36.0134,520.5360
1042.0000,35.2729,36.6122,521.0366
1043.0000,34.7697,36.1326,521.5361
1044.0000,34.8086,36.6528,522.0367
1045.0000,35.4329,36.7838,522.5368
1046.0000,34.9052,36.0807,523.0361
1047.0000,33.3917,34.6533,523.5347
1048.0000,13.2801,15.5036,524.0155
1049.0000,33.2193,35.3203,524.5353
1050.0000,33.7068,35.4715,525.0355
1051.0000,33.1584,34.1960,525.5342
1052.0000,34.5602,35.8943,526.0359
1053.0000,33.4117,34.6685,526.5347
1054.0000,34.6764,36.0279,527.0360
1055.0000,33.4430,34.7040,527.5347
1056.0000,34.5376,35.8796,528.0359
1057.0000,34.6223,35.9457,528.5359
1058.0000,37.5138,38.8113,529.0388
1059.0000,33.5458,34.8274,529.5348
1060.0000,35.1403,36.5011,530.0365
1061.0000,34.7913,36.1118,530.5361
1062.0000,36.9425,38.1999,531.0382
1063.0000,35.2221,36.6150,531.5366
1064.0000,34.7999,36.1522,532.0362
1065.0000,35.3927,36.7649,532.5368
1066.0000,34.9171,35.9913,533.0360
1067.0000,33.5167,34.7751,533.5348
1068.0000,35.5363,36.6826,534.0367
1069.0000,34.5952,35.9255,534.5359
1070.0000,34.6591,36.0663,535.0361
1071.0000,34.5443,35.8706,535.5359
1072.0000,33.9386,35.0907,536.0351
1073.0000,34.6155,35.9393,536.5359
1074.0000,35.3806,37.2184,537.0372
1075.0000,33.3269,34.5720,537.5346
1076.0000,34.7468,36.0627,538.0361
1077.0000,34.6073,35.7027,538.5357
1078.0000,35.3546,36.7423,539.0367
1079.0000,21.0622,21.7772,539.5218
1080.0000,34.8311,36.6767,540.0367
1081.0000,34.5887,35.7027,540.5357
1082.0000,37.5321,38.9455,541.0390
1083.0000,33.8413,34.9996,541.5350
1084.0000,35.6781,37.5441,542.0375
1085.0000,34.8649,36.0139,542.5360
1086.0000,34.8321,36.2305,543.0362
1087.0000,33.5801,34.8337,543.5348
1088.0000,35.6035,37.4766,544.0375
1089.0000,34.8188,36.1531,544.5362
1090.0000,33.8641,35.1089,545.0351
1091.0000,34.8823,36.7350,545.5367
1092.0000,34.6123,35.9329,546.0359
1093.0000,34.5665,35.8936,546.5359
1094.0000,33.3310,34.7138,547.0347
1095.0000,34.5907,35.7757,547.5358
1096.0000,34.5685,35.9047,548.0359
1097.0000,34.6187,35.9999,548.5360
1098.0000,35.1302,36.2702,549.0363
1099.0000,34.7350,35.8575,549.5359
1100.0000,34.7398,36.0610,550.0361
1101.0000,34.9855,36.1295,550.5361
1102.0000,34.8500,36.1929,551.0362
1103.0000,34.7216,36.0648,551.5361
1104.0000,34.7106,36.0332,552.0360
1105.0000,15.4790,15.9938,552.5160
1106.0000,37.5189,38.8465,553.0389
1107.0000,34.6973,36.0382,553.5360
1108.0000,35.4798,36.8485,554.0370
1109.0000,34.8154,36.1604,554.5362
1110.0000,34.6998,36.0359,555.0360
1111.0000,34.7730,35.9503,555.5360
1112.0000,34.7525,36.0839,556.0361
1113.0000,35.8062,37.0214,556.5370
1114.0000,35.2091,36.3187,557.0363
1115.0000,33.4173,34.6949,557.5347
1116.0000,34.7635,36.0844,558.0361
1117.0000,34.7334,36.0625,558.5361
1118.0000,35.2673,36.4576,559.0365
1119.0000,34.6038,36.2307,559.5362
1120.0000,34.8419,36.1803,560.0362
1121.0000,34.6315,35.9150,560.5359
1122.0000,35.0335,36.3607,561.0364
1123.0000,33.4792,34.7386,561.5347
1124.0000,34.8080,36.0050,562.0360
1125.0000,34.5190,35.8514,562.5359
1126.0000,34.9154,36.0768,563.0361
1127.0000,34.7699,36.1081,563.5361
1128.0000,35.4641,36.5471,564.0366
1129.0000,35.2953,36.4444,564.5364
1130.0000,37.1647,38.5827,565.0386
1131.0000,33.6538,34.9232,565.5349
1132.0000,35.2530,36.5881,566.0366
1133.0000,34.5360,35.8827,566.5359
1134.0000,34.8787,36.2021,567.0362
1135.0000,34.7107,36.0506,567.5361
1136.0000,34.7428,36.0772,568.0361
1137.0000,34.6204,35.7235,568.5357
1138.0000,35.0352,36.0955,569.0361
1139.0000,33.4482,34.7111,569.5347
1140.0000,34.6781,36.0016,570.0360
1141.0000,35.4236,36.7810,570.5368
1142.0000,34.8250,35.9497,571.0360
1143.0000,33.2456,34.0313,571.5340
1144.0000,34.8337,36.7329,572.0367
1145.0000,14.3192,15.1217,572.5151
1146.0000,37.6592,39.0995,573.0391
1147.0000,34.8056,36.7340,573.5367
1148.0000,11.0695,13.1539,574.0132
1149.0000,32.4250,34.4706,574.5345
1150.0000,32.7797,34.1103,575.0341
1151.0000,32.5579,33.8138,575.5338
1152.0000,32.4840,33.7357,576.0337
1153.0000,34.5811,35.9063,576.5359
1154.0000,35.2408,37.0923,577.0371
1155.0000,33.5830,34.8562,577.5349
1156.0000,36.0045,37.3739,578.0374
1157.0000,34.7568,36.1215,578.5361
1158.0000,36.5514,37.9657,579.0380
1159.0000,33.4567,34.7145,579.5347
1160.0000,36.5807,38.4891,580.0385
1161.0000,34.6400,35.7317,580.5357
1162.0000,35.1506,36.4676,581.0365
1163.0000,33.6051,34.8514,581.5349
1164.0000,34.7670,36.6093,582.0366
1165.0000,35.3001,36.3517,582.5364
1166.0000,36.9191,38.3656,583.0384
1167.0000,33.4111,34.6810,583.5347
1168.0000,35.9242,37.2867,584.0373
1169.0000,33.3788,34.6425,584.5346
1170.0000,35.0120,36.3452,585.0363
1171.0000,33.4539,34.5061,585.5345
1172.0000,34.6615,36.0009,586.0360
1173.0000,34.7971,36.1216,586.5361
1174.0000,33.4100,34.6637,587.0347
1175.0000,34.8057,35.6442,587.5356
1176.0000,34.6764,36.5915,588.0366
1177.0000,34.7998,35.9664,588.5360
1178.0000,35.1026,36.4546,589.0365
1179.0000,33.5046,34.7578,589.5348
1180.0000,34.6589,35.9834,590.0360
1181.0000,35.2301,36.5864,590.5366
1182.0000,37.1423,39.4535,591.0395
1183.0000,36.8058,38.2599,591.5383
1184.0000,34.9978,36.3365,592.0363
1185.0000,35.3314,36.4235,592.5364
1186.0000,33.7161,34.9893,593.0350
1187.0000,33.6985,34.7616,593.5348
1188.0000,32.5392,33.7720,594.0338
1189.0000,35.8754,37.2483,594.5373
1190.0000,35.8670,37.7340,595.0377
1191.0000,34.7873,35.9061,595.5359
1192.0000,34.7830,36.6348,596.0366
1193.0000,34.9993,36.0432,596.5360
1194.0000,37.6335,39.6861,597.0397
1195.0000,33.5366,34.8001,597.5348
1196.0000,34.8741,36.2061,598.0362
1197.0000,34.7220,35.8545,598.5359
1198.0000,34.8892,36.2405,599.0362
1199.0000,27.0719,27.4830,599.5275
1200.0000,36.9259,39.6037,600.0396
1201.0000,34.8566,36.2033,600.5362
1202.0000,36.5764,37.9462,601.0380
1203.0000,33.3821,34.6539,601.5347
1204.0000,36.9411,38.5128,602.0385
1205.0000,35.1713,36.3098,602.5363
1206.0000,34.9767,36.3196,603.0363
1207.0000,34.7891,36.1420,603.5361
1208.0000,16.7194,17.3650,604.0174
1209.0000,12.9685,14.8838,604.5149
1210.0000,21.4659,23.3378,605.0233
1211.0000,33.4388,34.5158,605.5345
1212.0000,33.6103,34.9017,606.0349
1213.0000,34.9889,36.3459,606.5363
1214.0000,34.6843,36.0057,607.0360
1215.0000,34.8276,36.1576,607.5362
1216.0000,34.5852,35.7113,608.0357
1217.0000,34.8501,36.2171,608.5362
1218.0000,37.3594,38.5683,609.0386
1219.0000,34.6108,36.0016,609.5360
1220.0000,34.6393,35.7567,610.0358
1221.0000,34.6414,35.9693,610.5360
1222.0000,35.3147,36.6451,611.0366
1223.0000,34.7409,36.1050,611.5361
1224.0000,34.9261,36.2421,612.0362
1225.0000,34.5695,35.9019,612.5359
1226.0000,35.3221,36.6724,613.0367
1227.0000,33.4187,34.6905,613.5347
1228.0000,35.8900,37.1582,614.0372
1229.0000,33.5147,34.5469,614.5345
1230.0000,34.6796,36.5193,615.0365
1231.0000,34.5921,36.2243,615.5362
1232.0000,34.7797,36.0927,616.0361
1233.0000,34.7617,36.1512,616.5362
1234.0000,35.1174,36.3030,617.0363
1235.0000,33.4418,34.7361,617.5347
1236.0000,34.9576,36.3366,618.0363
1237.0000,35.6414,36.8527,618.5370
1238.0000,36.7998,38.0152,619.0380
1239.0000,34.8217,36.1756,619.5362
1240.0000,34.8693,36.0013,620.0360
1241.0000,34.6517,35.8200,620.5358
1242.0000,35.1145,36.4454,621.0364
1243.0000,33.1935,34.4512,621.5344
1244.0000,34.7387,36.0615,622.0361
1245.0000,34.5699,35.8985,622.5359
1246.0000,34.6050,35.9418,623.0359
1247.0000,34.5561,35.8854,623.5359
1248.0000,13.3151,15.2960,624.0153
1249.0000,33.0922,35.1730,624.5352
1250.0000,35.4142,36.7636,625.0368
1251.0000,33.6072,34.8599,625.5349
1252.0000,34.6507,35.9802,626.0360
1253.0000,34.6420,35.7386,626.5357
1254.0000,34.6294,35.9717,627.0360
1255.0000,34.6306,35.9527,627.5360
1256.0000,34.7076,36.0222,628.0360
1257.0000,34.6113,35.7028,628.5357
1258.0000,35.2290,36.3730,629.0364
1259.0000,34.5328,35.6581,629.5357
1260.0000,34.8824,36.0105,630.0360
1261.0000,34.5647,35.6780,630.5357
1262.0000,33.4863,34.7485,631.0347
1263.0000,34.4156,35.7356,631.5357
1264.0000,34.5492,35.8768,632.0359
1265.0000,34.7863,36.1688,632.5362
1266.0000,37.7608,38.9888,633.0390
1267.0000,33.5444,34.8222,633.5348
1268.0000,36.0007,37.2147,634.0372
1269.0000,34.9580,36.3295,634.5363
1270.0000,34.6751,36.5014,635.0365
1271.0000,34.6555,35.9898,635.5360
1272.0000,34.7500,36.0668,636.0361
1273.0000,34.5566,35.8823,636.5359
1274.0000,35.1545,36.5164,637.0365
1275.0000,33.3941,34.6468,637.5346
1276.0000,34.8236,36.7081,638.0367
1277.0000,34.6945,36.0203,638.5360
1278.0000,35.1510,36.4726,639.0365
1279.0000,34.6559,36.0174,639.5360
1280.0000,34.4003,35.4853,640.0355
1281.0000,34.7004,36.0437,640.5360
1282.0000,35.1552,36.4835,641.0365
1283.0000,33.2952,34.3547,641.5344
1284.0000,34.5765,35.8931,642.0359
1285.0000,34.4678,35.7908,642.5358
1286.0000,35.0920,36.4977,643.0365
1287.0000,34.6242,36.1482,643.5361
1288.0000,35.4143,36.7658,644.0368
1289.0000,34.3998,35.4338,644.5354
1290.0000,32.5418,33.5177,645.0335
1291.0000,33.2480,34.5196,645.5345
1292.0000,34.7507,36.1017,646.0361
1293.0000,34.6993,36.0313,646.5360
1294.0000,34.5916,35.9261,647.0359
1295.0000,34.4848,35.8075,647.5358
1296.0000,34.0213,35.0974,648.0351
1297.0000,33.5135,34.5445,648.5345
1298.0000,35.6210,35.9177,649.0359
1299.0000,32.0418,33.0928,649.5331
1300.0000,35.4929,36.6729,650.0367
1301.0000,34.5758,35.6799,650.5357
1302.0000,28.0358,28.5100,651.0285
1303.0000,34.6788,36.0177,651.5360
1304.0000,35.0601,36.4062,652.0364
1305.0000,37.0040,38.4785,652.5385
1306.0000,35.1701,37.0348,653.0370
1307.0000,33.4347,34.7070,653.5347
1308.0000,37.2345,38.5462,654.0386
1309.0000,34.6345,36.0188,654.5360
1310.0000,34.6502,36.0527,655.0361
1311.0000,34.6199,36.1258,655.5361
1312.0000,34.9126,36.0374,656.0360
1313.0000,34.6231,35.7760,656.5358
1314.0000,35.0101,36.3311,657.0363
1315.0000,35.2257,37.0873,657.5371
1316.0000,34.7790,36.6173,658.0366
1317.0000,34.6395,35.9631,658.5360
1318.0000,35.8262,37.1503,659.0372
1319.0000,36.7619,38.2615,659.5383
1320.0000,34.6785,35.8479,660.0358
1321.0000,33.4761,34.7279,660.5347
1322.0000,36.4648,37.8413,661.0379
1323.0000,33.5668,34.8235,661.5348
1324.0000,34.7268,36.0514,662.0361
1325.0000,34.7392,36.0605,662.5361
1326.0000,34.7117,36.0796,663.0361
1327.0000,34.6933,36.0107,663.5360
1328.0000,35.3394,36.5130,664.0365
1329.0000,34.9556,36.2794,664.5363
1330.0000,35.0468,36.4047,665.0364
1331.0000,33.5187,34.7722,665.5348
1332.0000,34.7479,36.0627,666.0361
1333.0000,34.6503,35.9688,666.5360
1334.0000,34.6750,36.0227,667.0360
1335.0000,34.4218,35.5733,667.5356
1336.0000,34.6775,36.0216,668.0360
1337.0000,34.5661,35.8830,668.5359
1338.0000,35.3638,37.1997,669.0372
1339.0000,33.5503,34.8007,669.5348
1340.0000,34.9483,36.7846,670.0368
1341.0000,34.4269,35.7402,670.5357
1342.0000,36.8685,39.2624,671.0393
1343.0000,34.5936,35.9272,671.5359
1344.0000,34.7461,36.0763,672.0361
1345.0000,34.7476,36.0651,672.5361
1346.0000,35.1181,36.4631,673.0365
1347.0000,33.4104,34.6657,673.5347
1348.0000,18.9656,20.6508,674.0206
1349.0000,34.8445,37.0561,674.5371
1350.0000,34.8489,36.1971,675.0362
1351.0000,34.6886,36.0078,675.5360
1352.0000,34.6711,36.0002,676.0360
1353.0000,34.7000,36.0098,676.5360
1354.0000,34.8980,35.9021,677.0359
1355.0000,33.6334,34.8838,677.5349
1356.0000,34.6189,36.4619,678.0365
1357.0000,34.5291,35.6653,678.5357
1358.0000,36.8660,38.1056,679.0381
1359.0000,34.8753,36.2189,679.5362
1360.0000,34.6064,35.9347,680.0359
1361.0000,34.8232,35.9300,680.5359
1362.0000,35.0896,36.2306,681.0362
1363.0000,34.7197,36.0691,681.5361
1364.0000,34.7114,36.0330,682.0360
1365.0000,34.7470,36.0674,682.5361
1366.0000,34.7823,35.9287,683.0359
1367.0000,34.7381,35.8578,683.5359
1368.0000,33.5407,34.3093,684.0343
1369.0000,37.3015,38.5031,684.5385
1370.0000,35.3357,37.2183,685.0372
1371.0000,33.4926,33.7566,685.5338
1372.0000,35.1246,36.4858,686.0365
1373.0000,32.9996,33.3435,686.5333
1374.0000,37.0697,39.2237,687.0392
1375.0000,34.6221,36.0009,687.5360
1376.0000,35.0491,36.3967,688.0364
1377.0000,34.9073,36.0713,688.5361
1378.0000,35.2805,36.6646,689.0367
1379.0000,33.6769,34.9554,689.5350
1380.0000,34.9198,36.0381,690.0360
1381.0000,34.4421,35.5341,690.5355
1382.0000,35.6594,37.1017,691.0371
1383.0000,34.9554,36.3203,691.5363
1384.0000,34.5951,36.4412,692.0364
1385.0000,34.6975,36.0309,692.5360
1386.0000,32.5050,33.3435,693.0333
1387.0000,33.5124,34.8084,693.5348
1388.0000,34.4924,35.5757,694.0356
1389.0000,37.1742,38.5956,694.5386
1390.0000,34.8837,36.2536,695.0363
1391.0000,34.5394,35.7082,695.5357
1392.0000,34.7268,36.0576,696.0361
1393.0000,34.5889,35.9135,696.5359
1394.0000,35.1510,36.4998,697.0365
1395.0000,33.3098,34.5776,697.5346
1396.0000,34.6523,35.9850,698.0360
1397.0000,34.6576,35.9929,698.5360
1398.0000,34.9860,36.1028,699.0361
1399.0000,34.7360,36.2660,699.5363
1400.0000,34.6031,35.9591,700.0360
1401.0000,34.6436,35.9582,700.5360
1402.0000,34.9957,36.3310,701.0363
1403.0000,34.3021,34.7850,701.5348
1404.0000,34.2378,35.6735,702.0358
1405.0000,34.7925,36.1262,702.5361
1406.0000,35.1525,36.5024,703.0365
1407.0000,34.7151,35.8416,703.5358
1408.0000,35.0793,36.4127,704.0364
1409.0000,33.7854,35.0661,704.5351
1410.0000,35.3550,37.2116,705.0372
1411.0000,34.8480,36.2298,705.5362
1412.0000,34.9671,36.8152,706.0368
1413.0000,34.7909,35.9720,706.5360
1414.0000,34.6117,35.9400,707.0359
1415.0000,34.5974,35.9354,707.5359
1416.0000,34.7875,36.1305,708.0361
1417.0000,34.7944,36.1626,708.5362
1418.0000,34.9425,36.2663,709.0363
1419.0000,36.1054,37.5889,709.5376
1420.0000,34.5943,36.4577,710.0365
1421.0000,34.9429,36.2858,710.5363
1422.0000,37.1668,39.2829,711.0393
1423.0000,35.8220,37.1073,711.5371
1424.0000,35.6547,37.0936,712.0371
1425.0000,34.7457,36.0716,712.5361
1426.0000,35.2785,36.6103,713.0366
1427.0000,33.4202,34.7039,713.5347
1428.0000,34.1958,35.2935,714.0353
1429.0000,34.9740,35.3957,714.5354
1430.0000,33.5211,34.7851,715.0348
1431.0000,35.1532,36.5140,715.5365
1432.0000,35.1287,37.1940,716.0372
1433.0000,34.6584,35.9949,716.5360
1434.0000,35.1954,36.3352,717.0363
1435.0000,34.4278,35.8041,717.5358
1436.0000,34.5514,36.3911,718.0364
1437.0000,34.6889,36.0222,718.5360
1438.0000,34.5312,35.6622,719.0357
1439.0000,30.1457,30.6111,719.5306
1440.0000,36.7743,39.5001,720.0395
1441.0000,34.8123,35.9206,720.5359
1442.0000,37.0352,38.3931,721.0384
1443.0000,33.4797,34.5983,721.5346
1444.0000,35.0493,36.2120,722.0362
1445.0000,34.5940,35.7328,722.5357
1446.0000,34.6929,35.8874,723.0359
1447.0000,34.5601,35.6994,723.5357
1448.0000,20.1313,22.1091,724.0221
1449.0000,34.7253,36.8091,724.5368
1450.0000,35.3989,36.7556,725.0368
1451.0000,34.8247,35.9858,725.5360
1452.0000,34.9089,36.7573,726.0368
1453.0000,34.6780,35.7915,726.5358
1454.0000,34.6223,35.9519,727.0360
1455.0000,34.6871,35.8150,727.5358
1456.0000,34.7451,36.5908,728.0366
1457.0000,34.6462,35.9960,728.5360
1458.0000,34.9231,36.0824,729.0361
1459.0000,33.5743,34.8304,729.5348
1460.0000,34.9016,36.7619,730.0368
1461.0000,34.6099,35.9568,730.5360
1462.0000,34.7404,36.0905,731.0361
1463.0000,34.7395,36.0891,731.5361
1464.0000,34.6672,36.0042,732.0360
1465.0000,34.6337,35.9696,732.5360
1466.0000,35.0514,36.0623,733.0361
1467.0000,33.4380,34.7048,733.5347
1468.0000,34.7290,36.0656,734.0361
1469.0000,36.7879,38.2334,734.5382
1470.0000,34.7873,35.9119,735.0359
1471.0000,34.7277,36.0818,735.5361
1472.0000,34.7149,36.0524,736.0361
1473.0000,34.5033,35.8474,736.5358
1474.0000,34.9153,36.0493,737.0360
1475.0000,33.5689,34.8386,737.5348
1476.0000,17.2201,17.7697,738.0178
1477.0000,35.5454,36.7601,738.5368
1478.0000,37.0110,39.2125,739.0392
1479.0000,34.9119,36.2380,739.5362
1480.0000,34.8378,36.6896,740.0367
1481.0000,34.8490,36.0129,740.5360
1482.0000,34.7182,36.0403,741.0360
1483.0000,33.2917,34.3485,741.5343
1484.0000,34.8969,36.2381,742.0362
1485.0000,34.5065,35.8501,742.5358
1486.0000,34.7644,36.0912,743.0361
1487.0000,34.9294,36.2959,743.5363
1488.0000,34.2786,35.6247,744.0356
1489.0000,35.3079,36.5295,744.5365
1490.0000,33.8894,35.1575,745.0352
1491.0000,34.7810,36.2266,745.5362
1492.0000,34.7542,36.5948,746.0366
1493.0000,35.2963,36.6459,746.5367
1494.0000,34.7109,36.5628,747.0366
1495.0000,34.4602,35.8282,747.5358
1496.0000,37.1445,38.6158,748.0386
1497.0000,34.7314,36.1012,748.5361
1498.0000,34.9726,36.8300,749.0368
1499.0000,35.8492,37.1792,749.5372
1500.0000,33.4387,34.7382,750.0347
1501.0000,35.2596,36.6228,750.5366
1502.0000,33.3579,34.6049,751.0346
1503.0000,34.7589,36.1340,751.5361
1504.0000,33.2694,34.5273,752.0345
1505.0000,34.7258,36.0698,752.5361
1506.0000,28.0879,28.7906,753.0288
1507.0000,36.9271,38.4329,753.5384
1508.0000,34.9561,36.3666,754.0364
1509.0000,10.8127,13.0581,754.5131
1510.0000,33.1382,34.5580,755.0346
1511.0000,35.8918,37.2242,755.5372
1512.0000,33.7275,34.9869,756.0350
1513.0000,34.8196,36.1702,756.5362
1514.0000,35.0120,36.3499,757.0363
1515.0000,34.4675,35.9132,757.5359
1516.0000,33.8623,34.9480,758.0349
1517.0000,35.2587,36.4245,758.5364
1518.0000,34.7326,35.8673,759.0359
1519.0000,35.1932,36.5427,759.5365
1520.0000,34.7257,35.8560,760.0359
1521.0000,35.7044,36.9833,760.5370
1522.0000,36.1065,37.2467,761.0373
1523.0000,33.9310,35.2413,761.5352
1524.0000,35.2088,36.3676,762.0364
1525.0000,33.6949,34.9589,762.5350
1526.0000,34.0748,35.0582,763.0351
1527.0000,35.2697,36.3536,763.5364
1528.0000,35.0367,36.1716,764.0362
1529.0000,34.9956,36.1789,764.5362
1530.0000,10.3240,11.6541,765.0116
1531.0000,35.0991,37.2146,765.5372
1532.0000,33.7541,34.8254,766.0348
1533.0000,33.3992,34.6744,766.5347
1534.0000,35.0488,36.3902,767.0364
1535.0000,34.6939,36.0274,767.5360
1536.0000,34.6789,36.0208,768.0360
1537.0000,33.7048,34.7758,768.5348
1538.0000,35.3770,36.7587,769.0368
1539.0000,34.6653,36.0876,769.5361
1540.0000,34.7011,36.0424,770.0360
1541.0000,34.5965,35.9296,770.5359
1542.0000,36.2347,37.5551,771.0376
1543.0000,33.7665,34.8553,771.5349
1544.0000,34.4823,35.5807,772.0356
1545.0000,34.2083,35.2822,772.5353
1546.0000,33.9725,34.9832,773.0350
1547.0000,33.7963,35.1054,773.5351
1548.0000,36.4035,37.8366,774.0378
1549.0000,37.3195,38.7558,774.5388
1550.0000,34.8175,36.6943,775.0367
1551.0000,34.7360,36.0675,775.5361
1552.0000,35.2481,36.4133,776.0364
1553.0000,34.7049,35.8688,776.5359
1554.0000,34.2115,35.4942,777.0355
1555.0000,35.0392,36.5044,777.5365
1556.0000,34.5606,35.9496,778.0359
1557.0000,34.6620,35.7875,778.5358
1558.0000,34.8254,36.1865,779.0362
1559.0000,27.3273,27.7166,779.5277
1560.0000,33.2987,34.7258,780.0347
1561.0000,34.7359,36.0813,780.5361
1562.0000,36.5180,37.8975,781.0379
1563.0000,33.3632,34.6429,781.5346
1564.0000,34.9893,36.8622,782.0370
1565.0000,34.1781,35.2894,782.5353
1566.0000,34.7873,36.1190,783.0361
1567.0000,34.2877,35.6158,783.5356
1568.0000,34.5117,35.6552,784.0357
1569.0000,34.9158,36.2680,784.5363
1570.0000,34.9373,36.0840,785.0361
1571.0000,33.3676,34.6257,785.5346
1572.0000,34.8730,35.9985,786.0360
1573.0000,37.0562,38.4554,786.5385
1574.0000,34.6935,36.5475,787.0365
1575.0000,34.5729,35.9755,787.5360
1576.0000,34.9679,36.0893,788.0361
1577.0000,34.8014,35.9732,788.5360
1578.0000,35.0092,36.8610,789.0370
1579.0000,36.0479,37.4474,789.5375
1580.0000,35.2656,35.6503,790.0356
1581.0000,34.7220,36.0567,790.5361
1582.0000,34.8364,36.1822,791.0362
1583.0000,34.5562,35.9731,791.5360
1584.0000,34.5869,35.7058,792.0358
1585.0000,34.6200,35.9489,792.5359
1586.0000,35.2935,36.6382,793.0366
1587.0000,33.6292,34.8854,793.5349
1588.0000,34.7002,35.8667,794.0359
1589.0000,34.0846,35.3686,794.5354
1590.0000,34.8548,36.2853,795.0363
1591.0000,34.6798,35.7930,795.5358
1592.0000,34.8083,36.1431,796.0361
1593.0000,34.8046,36.1588,796.5362
1594.0000,35.0127,36.1359,797.0361
1595.0000,33.4422,34.7103,797.5347
1596.0000,35.0230,36.3515,798.0364
1597.0000,33.5527,34.8345,798.5348
1598.0000,36.8766,38.8336,799.0388
1599.0000,35.0888,36.2218,799.5362
1600.0000,35.2692,36.5723,800.0366
1601.0000,35.5618,37.0422,800.5370
1602.0000,35.1497,36.5025,801.0365
1603.0000,33.2616,34.4920,801.5345
1604.0000,34.0550,35.3103,802.0353
1605.0000,33.5251,34.7925,802.5348
1606.0000,35.5536,37.4265,803.0374
1607.0000,34.7712,35.8960,803.5359
1608.0000,34.7121,36.0309,804.0360
1609.0000,37.0021,38.2359,804.5382
1610.0000,35.1549,37.0238,805.0370
1611.0000,34.6308,35.9569,805.5360
1612.0000,35.3598,36.7106,806.0367
1613.0000,34.6958,35.8322,806.5358
1614.0000,34.8206,36.1490,807.0361
1615.0000,34.8038,36.1312,807.5361
1616.0000,35.5082,37.3360,808.0373
1617.0000,33.4453,34.7292,808.5347
1618.0000,35.7238,37.5688,809.0376
1619.0000,33.3800,34.6439,809.5346
1620.0000,35.0493,36.3726,810.0364
1621.0000,34.7176,36.0471,810.5360
1622.0000,35.3914,36.7530,811.0368
1623.0000,34.6617,35.9894,811.5360
1624.0000,34.8893,36.2116,812.0362
1625.0000,34.4476,35.7980,812.5358
1626.0000,33.6837,34.9360,813.0349
1627.0000,33.4464,34.5784,813.5346
1628.0000,34.5776,35.8738,814.0359
1629.0000,34.2923,35.3822,814.5354
1630.0000,36.3379,37.5576,815.0376
1631.0000,34.4205,35.7472,815.5357
1632.0000,34.9159,36.2353,816.0362
1633.0000,34.7418,36.0822,816.5361
1634.0000,33.8086,35.0604,817.0351
1635.0000,34.6817,36.5250,817.5365
1636.0000,33.3147,34.5830,818.0346
1637.0000,33.9155,35.1634,818.5352
1638.0000,35.4556,37.3540,819.0374
1639.0000,34.7421,36.0673,819.5361
1640.0000,34.8287,36.1575,820.0362
1641.0000,34.5930,35.9147,820.5359
1642.0000,33.6449,34.8973,821.0349
1643.0000,33.2419,34.4826,821.5345
1644.0000,33.3158,34.5680,822.0346
1645.0000,33.4227,34.6720,822.5347
1646.0000,34.7257,36.0546,823.0361
1647.0000,34.6790,35.9596,823.5360
1648.0000,10.4044,12.3903,824.0124
1649.0000,34.6033,36.8217,824.5368
1650.0000,31.5879,32.6689,825.0327
1651.0000,33.5691,34.8270,825.5348
1652.0000,33.7237,34.9702,826.0350
1653.0000,35.0878,36.4352,826.5364
1654.0000,34.8376,35.9547,827.0360
1655.0000,34.6030,35.4591,827.5355
1656.0000,34.6271,35.9542,828.0360
1657.0000,34.7970,36.1193,828.5361
1658.0000,35.7549,37.6202,829.0376
1659.0000,33.4114,34.6555,829.5347
1660.0000,33.7140,34.9779,830.0350
1661.0000,36.9264,38.3206,830.5383
1662.0000,37.1066,38.6264,831.0386
1663.0000,34.6122,35.7330,831.5357
1664.0000,34.9856,36.3013,832.0363
1665.0000,34.9208,36.0448,832.5360
1666.0000,34.9513,35.9855,833.0360
1667.0000,35.1586,36.2893,833.5363
1668.0000,33.8809,35.1463,834.0351
1669.0000,35.6484,36.8040,834.5368
1670.0000,34.6100,35.9972,835.0360
1671.0000,37.0291,38.2384,835.5382
1672.0000,34.4281,35.9028,836.0359
1673.0000,33.6143,34.8720,836.5349
1674.0000,35.0202,36.3504,837.0364
1675.0000,33.5892,34.8377,837.5348
1676.0000,21.7898,23.0004,838.0230
1677.0000,35.0509,35.4546,838.5355
1678.0000,34.7188,36.7225,839.0367
1679.0000,19.9296,20.9498,839.5209
1680.0000,34.9499,36.1223,840.0361
1681.0000,34.7944,35.9179,840.5359
1682.0000,36.2100,37.5903,841.0376
1683.0000,33.5576,34.8096,841.5348
1684.0000,35.0213,36.4316,842.0364
1685.0000,34.6361,35.7380,842.5357
1686.0000,34.7424,36.5760,843.0366
1687.0000,34.5270,35.8377,843.5358
1688.0000,34.4659,35.7842,844.0358
1689.0000,34.8048,36.1463,844.5362
1690.0000,35.0936,36.2178,845.0362
1691.0000,33.4358,34.6706,845.5347
1692.0000,34.4477,35.7648,846.0358
1693.0000,34.9234,36.0362,846.5360
1694.0000,34.5970,36.4407,847.0364
1695.0000,33.5442,34.5961,847.5346
1696.0000,34.9749,36.1360,848.0361
1697.0000,34.6079,35.8872,848.5359
1698.0000,35.1322,36.3031,849.0363
1699.0000,34.0926,35.3773,849.5354
1700.0000,35.4677,36.8211,850.0368
1701.0000,34.8580,35.9744,850.5360
1702.0000,34.9609,36.8149,851.0368
1703.0000,34.6117,35.9682,851.5360
1704.0000,34.9360,36.2573,852.0363
1705.0000,34.6876,36.0378,852.5360
1706.0000,35.0529,36.3689,853.0364
1707.0000,33.2718,34.5300,853.5345
1708.0000,34.7607,36.0980,854.0361
1709.0000,35.2052,36.3582,854.5364
1710.0000,34.6783,36.0005,855.0360
1711.0000,34.6976,36.0953,855.5361
1712.0000,34.6248,35.9390,856.0359
1713.0000,34.2015,35.2448,856.5352
1714.0000,35.1148,36.2927,857.0363
1715.0000,33.4307,34.7097,857.5347
1716.0000,34.7845,36.1050,858.0361
1717.0000,35.3297,36.6852,858.5367
1718.0000,36.9180,39.1010,859.0391
1719.0000,34.4983,35.9247,859.5359
1720.0000,34.8371,36.1662,860.0362
1721.0000,34.8588,35.9867,860.5360
1722.0000,35.1370,36.4659,861.0365
1723.0000,34.6846,36.0422,861.5360
1724.0000,34.7636,36.1594,862.0362
1725.0000,34.6540,35.9843,862.5360
1726.0000,35.3769,36.6480,863.0367
1727.0000,34.8647,36.0875,863.5361
1728.0000,34.8052,36.1315,864.0361
1729.0000,35.3678,36.5184,864.5365
1730.0000,34.8891,36.7357,865.0367
1731.0000,33.5061,34.7587,865.5348
1732.0000,34.6520,35.9869,866.0360
1733.0000,34.7737,36.1197,866.5361
1734.0000,34.6066,35.9324,867.0359
1735.0000,34.6661,35.8237,867.5358
1736.0000,34.6106,35.9351,868.0359
1737.0000,34.7015,36.0292,868.5360
1738.0000,34.7803,36.1195,869.0361
1739.0000,33.4247,34.6844,869.5347
1740.0000,34.8753,36.2073,870.0362
1741.0000,34.6025,35.7410,870.5357
1742.0000,34.5846,35.9304,871.0359
1743.0000,34.7671,36.1153,871.5361
1744.0000,34.7609,35.8829,872.0359
1745.0000,34.5586,35.6897,872.5357
1746.0000,35.0710,36.3996,873.0364
1747.0000,32.5253,33.2378,873.5332
1748.0000,10.3308,11.9834,874.0120
1749.0000,35.2570,37.5056,874.5375
1750.0000,34.6727,36.1591,875.0362
1751.0000,34.8449,36.2147,875.5362
1752.0000,34.5136,35.8397,876.0358
1753.0000,34.6813,35.7967,876.5358
1754.0000,35.0122,36.8585,877.0370
1755.0000,34.6160,35.9680,877.5360
1756.0000,34.7874,36.1120,878.0361
1757.0000,33.4340,34.7695,878.5348
1758.0000,35.3534,36.6006,879.0366
1759.0000,33.4382,34.7077,879.5347
1760.0000,34.9920,36.3252,880.0363
1761.0000,34.5892,35.9219,880.5359
1762.0000,35.1194,36.4422,881.0364
1763.0000,33.3706,34.6307,881.5346
1764.0000,33.4095,34.6658,882.0347
1765.0000,34.6036,35.7083,882.5357
1766.0000,34.6420,35.9645,883.0360
1767.0000,35.1703,36.2270,883.5362
1768.0000,34.8364,36.1663,884.0362
1769.0000,37.0086,38.2245,884.5382
1770.0000,34.9793,36.8286,885.0368
1771.0000,33.4085,34.6670,885.5347
1772.0000,34.7011,36.0325,886.0360
1773.0000,34.8781,36.2040,886.5362
1774.0000,34.5306,35.8556,887.0359
1775.0000,34.7368,36.0751,887.5361
1776.0000,34.7802,36.1063,888.0361
1777.0000,34.6470,35.9739,888.5360
1778.0000,35.8431,37.7101,889.0377
1779.0000,33.3388,34.5953,889.5346
1780.0000,34.7782,36.1007,890.0361
1781.0000,34.8446,36.1869,890.5362
1782.0000,37.3102,39.4261,891.0394
1783.0000,36.9565,38.1802,891.5382
1784.0000,36.8325,38.2557,892.0383
1785.0000,34.0440,35.3226,892.5353
1786.0000,35.8364,37.7045,893.0377
1787.0000,33.7358,35.0069,893.5350
1788.0000,34.1017,35.3822,894.0354
1789.0000,36.7174,37.8728,894.5379
1790.0000,33.6049,34.8966,895.0349
1791.0000,34.8495,36.0668,895.5361
1792.0000,34.9157,36.2613,896.0363
1793.0000,35.1037,36.4487,896.5365
1794.0000,35.1682,36.2254,897.0362
1795.0000,33.3901,34.6691,897.5347
1796.0000,35.0931,36.4619,898.0365
1797.0000,34.6559,35.9884,898.5360
1798.0000,34.8802,36.2506,899.0363
1799.0000,27.0821,27.4708,899.5275
1800.0000,36.9246,38.8467,900.0389
1801.0000,34.7589,36.0954,900.5361
1802.0000,36.6280,38.0078,901.0380
1803.0000,7.5361,7.7510,901.5077
1804.0000,32.7162,33.7420,902.0337
1805.0000,36.7196,38.1971,902.5382
1806.0000,35.1002,36.2337,903.0362
1807.0000,34.7222,36.0552,903.5361
1808.0000,36.0830,37.2854,904.0373
1809.0000,34.3431,35.6276,904.5356
1810.0000,32.8879,34.1591,905.0342
1811.0000,33.6730,34.8993,905.5349
1812.0000,34.9882,36.3301,906.0363
1813.0000,34.7561,35.1578,906.5352
1814.0000,34.5345,35.5644,907.0356
1815.0000,34.7968,36.1558,907.5362
1816.0000,34.6450,35.4938,908.0355
1817.0000,34.5771,35.9141,908.5359
1818.0000,35.1011,36.2582,909.0363
1819.0000,34.0441,35.3647,909.5354
1820.0000,35.3786,36.7530,910.0368
1821.0000,34.9049,36.0531,910.5361
1822.0000,34.4219,35.5845,911.0356
1823.0000,34.6335,34.9129,911.5349
1824.0000,34.0389,35.1246,912.0351
1825.0000,35.8615,37.2757,912.5373
1826.0000,34.1218,35.3819,913.0354
1827.0000,33.3679,34.6261,913.5346
1828.0000,35.0686,36.4020,914.0364
1829.0000,33.5507,34.8606,914.5349
1830.0000,34.8953,36.7747,915.0368
1831.0000,33.3201,34.5848,915.5346
1832.0000,34.8348,36.1607,916.0362
1833.0000,34.7292,35.9062,916.5359
1834.0000,34.9925,36.1452,917.0361
1835.0000,34.6944,36.0797,917.5361
1836.0000,37.0417,39.0122,918.0390
1837.0000,34.6980,36.0443,918.5360
1838.0000,37.0363,38.4730,919.0385
1839.0000,34.9070,36.2612,919.5363
1840.0000,34.6833,36.0076,920.0360
1841.0000,34.6147,35.9414,920.5359
1842.0000,35.0004,36.3365,921.0363
1843.0000,34.8122,36.1788,921.5362
1844.0000,34.4449,35.7768,922.0358
1845.0000,35.2744,36.6936,922.5367
1846.0000,36.8879,38.8916,923.0389
1847.0000,34.5967,35.9427,923.5359
1848.0000,33.6651,34.7404,924.0347
1849.0000,25.4227,26.1587,924.5262
1850.0000,34.6326,35.8051,925.0358
1851.0000,33.3069,34.5678,925.5346
1852.0000,34.8644,36.2244,926.0362
1853.0000,34.6137,35.9472,926.5359
1854.0000,34.7878,35.9043,927.0359
1855.0000,34.7206,36.2010,927.5362
1856.0000,34.5981,36.4407,928.0364
1857.0000,34.7288,36.0665,928.5361
1858.0000,35.1011,36.4563,929.0365
1859.0000,34.0255,35.3130,929.5353
1860.0000,35.3138,36.6777,930.0367
1861.0000,35.8735,37.0406,930.5371
1862.0000,34.5927,36.4431,931.0364
1863.0000,41.1339,43.6538,931.5437
1864.0000,34.9032,36.2656,932.0363
1865.0000,34.5274,35.6502,932.5357
1866.0000,35.0699,36.3975,933.0364
1867.0000,33.6949,34.9561,933.5350
1868.0000,33.4648,34.5630,934.0346
1869.0000,36.6464,37.8482,934.5379
1870.0000,34.9146,36.2892,935.0363
1871.0000,34.7695,35.8799,935.5359
1872.0000,33.4579,34.5424,936.0345
1873.0000,33.5113,34.5914,936.5346
1874.0000,33.7280,35.0191,937.0350
1875.0000,33.7491,35.0215,937.5350
1876.0000,35.6225,37.0784,938.0371
1877.0000,34.6237,35.9506,938.5360
1878.0000,35.7005,37.6699,939.0377
1879.0000,36.4203,37.8359,939.5378
1880.0000,29.9148,31.0731,940.0311
1881.0000,35.2024,36.5500,940.5366
1882.0000,34.5870,35.9587,941.0360
1883.0000,33.5149,34.7803,941.5348
1884.0000,34.8480,36.1904,942.0362
1885.0000,34.6764,36.0184,942.5360
1886.0000,34.5826,35.9155,943.0359
1887.0000,34.5548,35.6806,943.5357
1888.0000,35.6116,36.6674,944.0367
1889.0000,36.1443,37.3471,944.5374
1890.0000,35.0876,36.2134,945.0362
1891.0000,33.5903,34.8462,945.5348
1892.0000,34.8077,35.9422,946.0359
1893.0000,34.6914,35.8110,946.5358
1894.0000,34.8466,35.9975,947.0360
1895.0000,37.0663,38.5757,947.5386
1896.0000,34.8549,35.9983,948.0360
1897.0000,34.6610,35.9918,948.5360
1898.0000,35.3636,36.4691,949.0365
1899.0000,34.8999,36.2350,949.5362
1900.0000,34.5529,35.6854,950.0357
1901.0000,35.4391,36.7990,950.5368
1902.0000,37.0174,38.5029,951.0385
1903.0000,35.9281,37.3085,951.5373
1904.0000,34.9052,36.2542,952.0363
1905.0000,34.7700,35.9077,952.5359
1906.0000,34.9768,36.3324,953.0363
1907.0000,33.4427,34.7038,953.5347
1908.0000,35.2853,36.6513,954.0367
1909.0000,35.0297,36.3844,954.5364
1910.0000,34.6828,35.8519,955.0359
1911.0000,34.5524,35.7692,955.5358
1912.0000,34.5632,36.0801,956.0361
1913.0000,34.9923,36.3202,956.5363
1914.0000,35.2246,37.0720,957.0371
1915.0000,34.6835,35.7901,957.5358
1916.0000,35.8067,37.2237,958.0372
1917.0000,34.8236,35.9436,958.5359
1918.0000,34.4991,35.8022,959.0358
1919.0000,30.2300,30.7103,959.5307
1920.0000,35.3059,38.3382,960.0383
1921.0000,35.4748,36.8232,960.5368
1922.0000,34.8019,36.0298,961.0360
1923.0000,35.7887,37.1819,961.5372
1924.0000,34.9785,36.8571,962.0370
1925.0000,34.6629,35.7659,962.5358
1926.0000,34.8551,36.1870,963.0362
1927.0000,34.7657,35.6243,963.5356
1928.0000,34.6076,35.9383,964.0359
1929.0000,35.2176,36.6049,964.5366
1930.0000,35.1894,36.6177,965.0366
1931.0000,33.5312,34.7851,965.5348
1932.0000,34.9853,36.1298,966.0361
1933.0000,34.5204,35.8415,966.5358
1934.0000,34.4384,36.2824,967.0363
1935.0000,34.8381,36.1669,967.5362
1936.0000,34.7633,36.1308,968.0361
1937.0000,33.3442,34.6032,968.5346
1938.0000,35.2257,36.5870,969.0366
1939.0000,33.5922,34.8563,969.5349
1940.0000,34.7661,36.0956,970.0361
1941.0000,34.6243,35.9477,970.5359
1942.0000,33.7521,35.0275,971.0350
1943.0000,33.3970,34.5205,971.5345
1944.0000,35.0637,36.2421,972.0362
1945.0000,33.4917,34.5305,972.5345
1946.0000,35.0626,36.3962,973.0364
1947.0000,33.4834,34.5420,973.5345
1948.0000,13.1481,15.0486,974.0150
1949.0000,32.0338,33.4292,974.5334
1950.0000,33.2746,34.5688,975.0346
1951.0000,32.9689,33.8009,975.5338
1952.0000,33.0066,34.2995,976.0343
1953.0000,31.4842,32.6905,976.5327
1954.0000,33.7700,35.0638,977.0351
1955.0000,33.4827,34.7676,977.5348
1956.0000,34.7256,36.5678,978.0366
1957.0000,35.8887,37.0634,978.5371
1958.0000,36.7229,37.9901,979.0380
1959.0000,33.7687,35.0377,979.5350
1960.0000,33.4735,34.7461,980.0347
1961.0000,35.1240,36.4829,980.5365
1962.0000,35.2864,36.6230,981.0366
1963.0000,26.2071,26.7540,981.5268
1964.0000,35.4224,37.1640,982.0372
1965.0000,34.9736,36.3332,982.5363
1966.0000,34.5874,35.9648,983.0360
1967.0000,34.4412,36.0041,983.5360
1968.0000,34.7233,36.0465,984.0360
1969.0000,34.7531,35.9206,984.5359
1970.0000,35.0272,36.3568,985.0364
1971.0000,34.7386,36.5931,985.5366
1972.0000,34.6567,35.8335,986.0358
1973.0000,34.7056,35.8332,986.5358
1974.0000,34.6814,36.0333,987.0360
1975.0000,34.6791,36.0393,987.5360
1976.0000,34.6793,36.0062,988.0360
1977.0000,34.5488,35.6693,988.5357
1978.0000,34.8698,36.7178,989.0367
1979.0000,33.4404,34.8787,989.5349
1980.0000,35.4507,37.3183,990.0373
1981.0000,34.4480,35.7762,990.5358
1982.0000,34.6476,35.9708,991.0360
1983.0000,34.7192,36.1045,991.5361
1984.0000,34.7681,35.8810,992.0359
1985.0000,34.5311,35.8464,992.5358
1986.0000,34.9825,36.3081,993.0363
1987.0000,33.3057,34.7381,993.5347
1988.0000,34.6875,35.3667,994.0354
1989.0000,27.2901,27.9381,994.5279
1990.0000,36.0151,38.2852,995.0383
1991.0000,34.7172,36.0929,995.5361
1992.0000,34.4231,35.7582,996.0358
1993.0000,34.6267,35.9490,996.5360
1994.0000,34.9652,36.2884,997.0363
1995.0000,33.4790,34.5307,997.5345
1996.0000,33.3680,34.6332,998.0346
1997.0000,34.5064,35.8596,998.5359
1998.0000,34.9935,36.1401,999.0361
1999.0000,35.1326,36.3488,999.5363
2000.0000,33.2805,34.5819,1000.0346
2001.0000,34.7316,36.0410,1000.5360
2002.0000,35.1331,36.4582,1001.0365
2003.0000,33.4593,34.7084,1001.5347
2004.0000,34.8147,36.1406,1002.0361
2005.0000,34.7591,36.0957,1002.5361
2006.0000,34.7103,36.0391,1003.0360
2007.0000,34.6774,36.0000,1003.5360
2008.0000,36.3396,37.4249,1004.0374
2009.0000,34.6757,35.9950,1004.5360
2010.0000,35.8684,37.7721,1005.0378
2011.0000,33.3194,34.5713,1005.5346
2012.0000,34.5055,35.8264,1006.0358
2013.0000,34.8223,36.1489,1006.5361
2014.0000,34.5621,35.8835,1007.0359
2015.0000,34.6997,36.0227,1007.5360
2016.0000,34.6528,35.9727,1008.0360
2017.0000,34.6830,36.0053,1008.5360
2018.0000,34.9797,36.3486,1009.0363
2019.0000,36.2368,37.4214,1009.5374
2020.0000,34.6145,35.9482,1010.0359
2021.0000,35.9711,37.3738,1010.5374
2022.0000,36.8656,38.1433,1011.0382
2023.0000,34.6888,36.1235,1011.5361
2024.0000,34.9334,36.0527,1012.0361
2025.0000,34.8230,36.1547,1012.5362
2026.0000,34.9889,36.0476,1013.0360
2027.0000,33.5023,34.7758,1013.5348
2028.0000,34.1902,35.5060,1014.0355
2029.0000,34.4176,35.5653,1014.5356
2030.0000,35.0883,36.4377,1015.0364
2031.0000,33.2662,34.5192,1015.5345
2032.0000,34.8399,36.1695,1016.0362
2033.0000,34.8322,36.1573,1016.5362
2034.0000,35.0200,36.8595,1017.0371
2035.0000,33.3714,34.4324,1017.5344
2036.0000,34.6657,35.9970,1018.0360
2037.0000,34.6678,35.9950,1018.5360
2038.0000,34.7041,36.0302,1019.0360
2039.0000,8.1956,8.3447,1019.5083
2040.0000,34.2362,36.1360,1020.0361
2041.0000,34.3440,35.6517,1020.5357
2042.0000,37.9024,39.1584,1021.0392
2043.0000,36.0550,37.2383,1021.5372
2044.0000,34.4749,35.5890,1022.0356
2045.0000,33.4603,34.7332,1022.5347
2046.0000,36.6124,37.9900,1023.0380
2047.0000,33.5587,34.8226,1023.5348
2048.0000,10.3910,12.1207,1024.0121
2049.0000,32.6093,34.2102,1024.5342
2050.0000,32.8210,34.0821,1025.0341
2051.0000,33.4932,34.5322,1025.5345
2052.0000,34.9767,36.3278,1026.0363
2053.0000,34.5972,35.9203,1026.5359
2054.0000,36.5363,37.9409,1027.0380
2055.0000,34.7407,36.1112,1027.5361
2056.0000,33.5472,34.8081,1028.0348
2057.0000,34.7219,35.8441,1028.5358
2058.0000,35.0118,36.3359,1029.0363
2059.0000,33.4497,34.4882,1029.5345
2060.0000,34.7803,36.0984,1030.0361
2061.0000,34.7116,36.0370,1030.5360
2062.0000,35.9884,37.4129,1031.0374
2063.0000,34.8073,36.1795,1031.5362
2064.0000,34.7833,36.0988,1032.0361
2065.0000,34.6994,36.0394,1032.5360
2066.0000,31.6911,32.1434,1033.0321
2067.0000,34.6053,36.4325,1033.5364
2068.0000,33.7489,35.0014,1034.0350
2069.0000,35.4642,36.6049,1034.5366
2070.0000,34.7763,36.1147,1035.0361
2071.0000,34.6516,36.0058,1035.5360
2072.0000,34.8268,36.1433,1036.0361
2073.0000,34.8040,36.1279,1036.5361
2074.0000,34.9476,36.2735,1037.0363
2075.0000,33.5562,34.8181,1037.5348
2076.0000,34.7298,36.0521,1038.0361
2077.0000,36.7005,37.7749,1038.5378
2078.0000,36.8038,38.9638,1039.0390
2079.0000,34.8332,35.9547,1039.5360
2080.0000,34.7456,36.0704,1040.0361
2081.0000,34.5239,35.8474,1040.5358
2082.0000,34.8869,36.7377,1041.0367
2083.0000,34.9239,36.3171,1041.5363
2084.0000,34.9528,36.0744,1042.0361
2085.0000,34.5835,35.9293,1042.5359
2086.0000,34.7950,36.6506,1043.0367
2087.0000,33.3415,34.3950,1043.5344
2088.0000,34.8925,36.2081,1044.0362
2089.0000,36.5561,37.9988,1044.5380
2090.0000,34.0730,35.2949,1045.0353
2091.0000,33.3024,34.5528,1045.5346
2092.0000,34.9782,36.3216,1046.0363
2093.0000,35.1877,35.5831,1046.5356
2094.0000,36.0416,37.2533,1047.0373
2095.0000,34.4844,35.8245,1047.5358
2096.0000,34.8522,35.9730,1048.0360
2097.0000,34.6816,36.0333,1048.5360
2098.0000,35.0562,36.1612,1049.0362
2099.0000,34.0886,35.3966,1049.5354
2100.0000,33.4711,34.6237,1050.0346
2101.0000,35.4285,36.7957,1050.5368
2102.0000,34.8528,36.1797,1051.0362
2103.0000,34.6368,35.9844,1051.5360
2104.0000,34.7983,36.1741,1052.0362
2105.0000,33.3472,34.6258,1052.5346
2106.0000,35.0399,36.3729,1053.0364
2107.0000,34.7455,36.6007,1053.5366
2108.0000,34.7649,36.1389,1054.0361
2109.0000,32.0177,32.6411,1054.5326
2110.0000,20.4717,22.5963,1055.0226
2111.0000,34.5691,36.6566,1055.5367
2112.0000,33.6584,34.9126,1056.0349
2113.0000,34.8717,36.0150,1056.5360
2114.0000,35.6529,37.5014,1057.0375
2115.0000,33.5851,34.8407,1057.5348
2116.0000,35.0450,36.3829,1058.0364
2117.0000,34.4696,35.8001,1058.5358
2118.0000,34.7139,36.4379,1059.0364
2119.0000,34.5190,35.8435,1059.5358
2120.0000,34.7242,36.1033,1060.0361
2121.0000,34.4250,35.5046,1060.5355
2122.0000,35.0578,36.4141,1061.0364
2123.0000,33.4355,34.7415,1061.5347
2124.0000,35.0091,36.4169,1062.0364
2125.0000,35.0472,36.1344,1062.5361
2126.0000,34.6288,35.8262,1063.0358
2127.0000,34.6396,36.2778,1063.5363
2128.0000,34.6678,36.5133,1064.0365
2129.0000,35.9894,37.1431,1064.5372
2130.0000,35.8342,37.9846,1065.0380
2131.0000,34.7458,36.1231,1065.5361
2132.0000,34.8322,36.1758,1066.0362
2133.0000,34.6485,35.9789,1066.5360
2134.0000,34.7988,36.1576,1067.0362
2135.0000,34.6643,36.0414,1067.5360
2136.0000,34.7308,36.0915,1068.0361
2137.0000,34.6127,35.7465,1068.5357
2138.0000,35.0578,36.2043,1069.0362
2139.0000,33.5131,34.7709,1069.5348
2140.0000,34.7970,36.6307,1070.0366
2141.0000,34.7206,36.0718,1070.5361
2142.0000,37.3393,39.6694,1071.0397
2143.0000,34.7807,36.1088,1071.5361
2144.0000,34.8469,36.2415,1072.0362
2145.0000,34.8051,36.1451,1072.5361
2146.0000,35.0597,36.4526,1073.0365
2147.0000,34.7614,36.6132,1073.5366
2148.0000,34.2782,35.4936,1074.0355
2149.0000,18.1690,20.1834,1074.5202
2150.0000,37.5273,40.6025,1075.0406
2151.0000,34.4980,35.6335,1075.5356
2152.0000,34.6263,35.9652,1076.0360
2153.0000,33.8612,35.0227,1076.5350
2154.0000,35.1925,36.2911,1077.0363
2155.0000,33.4320,34.6831,1077.5347
2156.0000,33.3015,34.5523,1078.0346
2157.0000,34.6687,35.9977,1078.5360
2158.0000,34.6134,36.0089,1079.0360
2159.0000,11.4744,11.9924,1079.5120
2160.0000,33.9873,35.3736,1080.0354
2161.0000,34.5929,35.9206,1080.5359
2162.0000,36.6781,38.0546,1081.0381
2163.0000,33.5497,34.8495,1081.5348
2164.0000,35.1261,36.5664,1082.0366
2165.0000,34.5860,35.9231,1082.5359
2166.0000,34.5036,35.6261,1083.0356
2167.0000,34.7439,35.6007,1083.5356
2168.0000,34.5886,35.9553,1084.0360
2169.0000,34.2800,35.3740,1084.5354
2170.0000,35.9569,37.3484,1085.0374
2171.0000,33.4539,34.9115,1085.5349
2172.0000,33.5390,34.7940,1086.0348
2173.0000,34.7058,36.0600,1086.5361
2174.0000,34.6184,35.9878,1087.0360
2175.0000,34.6562,35.9759,1087.5360
2176.0000,34.6411,35.9839,1088.0360
2177.0000,34.4677,35.5914,1088.5356
2178.0000,32.4976,33.5475,1089.0335
2179.0000,33.6532,34.9276,1089.5349
2180.0000,36.7146,38.8181,1090.0388
2181.0000,33.5481,34.8013,1090.5348
2182.0000,35.0962,36.4430,1091.0365
2183.0000,34.6134,35.9510,1091.5360
2184.0000,34.6076,35.9666,1092.0360
2185.0000,34.4522,35.5577,1092.5356
2186.0000,35.0760,36.4137,1093.0364
2187.0000,33.5190,34.7763,1093.5348
2188.0000,34.5672,36.1225,1094.0361
2189.0000,34.1119,35.4677,1094.5355
2190.0000,34.6809,36.0549,1095.0361
2191.0000,34.7093,36.2070,1095.5362
2192.0000,34.3822,35.5200,1096.0355
2193.0000,33.6208,34.6766,1096.5347
2194.0000,35.1302,36.2565,1097.0363
2195.0000,33.4225,34.6832,1097.5347
2196.0000,34.8459,36.1826,1098.0362
2197.0000,35.6047,36.7658,1098.5368
2198.0000,34.1292,35.2792,1099.0353
2199.0000,37.1733,38.4439,1099.5385
2200.0000,34.0852,35.3837,1100.0354
2201.0000,35.3261,36.7177,1100.5367
2202.0000,35.2999,37.1485,1101.0372
2203.0000,34.3744,36.7702,1101.5368
2204.0000,34.5756,35.9782,1102.0360
2205.0000,34.6569,36.0009,1102.5360
2206.0000,34.8612,36.2134,1103.0362
2207.0000,34.7755,36.1176,1103.5361
2208.0000,34.7296,36.0749,1104.0361
2209.0000,34.9821,36.0993,1104.5361
2210.0000,35.2265,37.0750,1105.0371
2211.0000,33.2629,34.5350,1105.5345
2212.0000,34.9045,36.7504,1106.0368
2213.0000,34.3049,35.6264,1106.5356
2214.0000,34.8226,36.1806,1107.0362
2215.0000,34.6236,35.9623,1107.5360
2216.0000,34.8280,36.1661,1108.0362
2217.0000,34.7495,36.0837,1108.5361
2218.0000,35.1873,37.0279,1109.0370
2219.0000,33.2483,34.3864,1109.5344
2220.0000,33.4597,34.7260,1110.0347
2221.0000,35.0519,36.1884,1110.5362
2222.0000,34.6695,36.0613,1111.0361
2223.0000,34.7106,36.5532,1111.5366
2224.0000,34.6427,36.4872,1112.0365
2225.0000,34.5590,35.6877,1112.5357
2226.0000,35.0939,36.4645,1113.0365
2227.0000,30.8666,32.4657,1113.5325
2228.0000,33.5584,35.1427,1114.0351
2229.0000,35.7022,36.8073,1114.5368
2230.0000,37.4724,38.9524,1115.0390
2231.0000,34.6010,35.9574,1115.5360
2232.0000,34.7886,36.1305,1116.0361
2233.0000,34.6000,35.9301,1116.5359
2234.0000,35.1189,36.2412,1117.0362
2235.0000,33.4322,34.6904,1117.5347
2236.0000,34.8076,36.1360,1118.0361
2237.0000,23.7793,25.1104,1118.5251
2238.0000,34.9377,36.0680,1119.0361
2239.0000,34.7671,36.1276,1119.5361
2240.0000,34.6276,35.9649,1120.0360
2241.0000,34.6517,36.0180,1120.5360
2242.0000,34.9191,35.9561,1121.0360
2243.0000,33.4901,34.5603,1121.5346
2244.0000,34.7643,36.1104,1122.0361
2245.0000,34.7418,35.8725,1122.5359
2246.0000,34.7198,36.0639,1123.0361
2247.0000,33.2627,34.2970,1123.5343
2248.0000,34.2731,35.6228,1124.0356
2249.0000,34.2679,35.4182,1124.5354
2250.0000,37.6047,38.8118,1125.0388
2251.0000,33.6277,34.8963,1125.5349
2252.0000,34.6858,36.0194,1126.0360
2253.0000,35.5032,36.6557,1126.5367
2254.0000,34.4276,36.2794,1127.0363
2255.0000,34.7094,36.0330,1127.5360
2256.0000,34.8097,36.1448,1128.0361
2257.0000,34.4838,35.4966,1128.5355
2258.0000,32.7218,33.5185,1129.0335
2259.0000,33.5291,34.5581,1129.5346
2260.0000,36.1627,38.0313,1130.0380
2261.0000,34.5448,35.5775,1130.5356
2262.0000,34.7406,36.0702,1131.0361
2263.0000,33.5051,34.5650,1131.5346
2264.0000,34.1138,35.1967,1132.0352
2265.0000,33.5566,34.6022,1132.5346
2266.0000,33.8292,35.0968,1133.0351
2267.0000,33.4307,34.4719,1133.5345
2268.0000,35.9934,37.4042,1134.0374
2269.0000,34.2417,35.2973,1134.5353
2270.0000,36.3161,37.7085,1135.0377
2271.0000,34.6838,36.0565,1135.5361
2272.0000,34.4912,35.8273,1136.0360
2273.0000,34.9000,36.0316,1136.5360
2274.0000,36.6868,38.6463,1137.0387
2275.0000,34.5567,35.8831,1137.5359
2276.0000,33.8719,35.1352,1138.0351
2277.0000,35.4742,36.6466,1138.5366
2278.0000,35.0067,36.3329,1139.0363
2279.0000,27.6447,28.0645,1139.5281
2280.0000,36.8546,40.2242,1140.0402
2281.0000,34.7467,35.5972,1140.5356
2282.0000,36.6141,37.9934,1141.0380
2283.0000,33.3812,34.6468,1141.5346
2284.0000,35.2590,37.1478,1142.0371
2285.0000,34.6114,35.8911,1142.5359
2286.0000,34.6795,36.0271,1143.0360
2287.0000,34.6407,35.9906,1143.5360
2288.0000,34.6901,36.0286,1144.0360
2289.0000,33.5961,34.9352,1144.5349
2290.0000,35.5514,37.4200,1145.0374
2291.0000,33.6062,34.6580,1145.5347
2292.0000,35.1438,36.4912,1146.0365
2293.0000,34.8867,36.0192,1146.5360
2294.0000,34.6525,35.9811,1147.0360
2295.0000,34.8223,35.9451,1147.5359
2296.0000,34.7797,36.6065,1148.0366
2297.0000,34.5763,35.9083,1148.5359
2298.0000,35.1607,36.4927,1149.0365
2299.0000,33.5491,34.8092,1149.5348
2300.0000,34.9424,36.2849,1150.0363
2301.0000,36.1039,37.4936,1150.5375
2302.0000,35.3018,36.6885,1151.0367
2303.0000,34.6761,36.0254,1151.5360
2304.0000,34.6157,35.9404,1152.0359
2305.0000,34.9522,36.0779,1152.5361
2306.0000,33.9003,35.1680,1153.0352
2307.0000,33.4922,34.7626,1153.5348
2308.0000,34.6826,36.0086,1154.0360
2309.0000,25.0018,25.4007,1154.5254
2310.0000,25.7778,27.7746,1155.0278
2311.0000,25.5558,26.9222,1155.5269
2312.0000,34.6779,36.0031,1156.0360
2313.0000,7.6708,7.9932,1156.5080
2314.0000,24.9653,25.4644,1157.0255
2315.0000,37.0221,38.9565,1157.5390
2316.0000,34.9706,36.3231,1158.0363
2317.0000,35.0640,36.1336,1158.5361
2318.0000,26.5791,27.8107,1159.0278
2319.0000,35.6020,37.5757,1159.5376
2320.0000,34.2314,35.5356,1160.0355
2321.0000,35.7804,37.2115,1160.5372
2322.0000,35.1879,36.5514,1161.0366
2323.0000,33.4897,34.7706,1161.5348
2324.0000,34.9272,36.7691,1162.0368
2325.0000,34.8375,36.1638,1162.5362
2326.0000,28.1814,28.4856,1163.0285
2327.0000,33.0414,33.3115,1163.5333
2328.0000,32.7266,33.3055,1164.0333
2329.0000,37.0526,38.3001,1164.5383
2330.0000,36.0065,37.3877,1165.0374
2331.0000,33.2874,34.5613,1165.5346
2332.0000,35.2187,36.5918,1166.0366
2333.0000,34.8069,35.9401,1166.5359
2334.0000,33.4767,34.7562,1167.0348
2335.0000,34.6242,35.9704,1167.5360
2336.0000,34.5822,35.6899,1168.0357
2337.0000,37.1097,38.3816,1168.5384
2338.0000,35.5635,37.5992,1169.0376
2339.0000,33.4147,34.6823,1169.5347
2340.0000,34.0230,35.2850,1170.0353
2341.0000,36.7704,38.1633,1170.5382
2342.0000,33.4316,34.7200,1171.0347
2343.0000,34.5517,35.5930,1171.5356
2344.0000,34.6510,35.7641,1172.0358
2345.0000,25.5580,26.1859,1172.5262
2346.0000,37.2925,39.2940,1173.0393
2347.0000,33.5661,34.7995,1173.5348
2348.0000,12.3436,13.6566,1174.0137
2349.0000,33.5925,35.4721,1174.5355
2350.0000,30.1275,31.1685,1175.0312
2351.0000,20.3512,22.4815,1175.5225
2352.0000,35.3552,38.1545,1176.0382
2353.0000,35.1631,36.2701,1176.5363
2354.0000,35.6082,37.5041,1177.0375
2355.0000,26.5094,27.5426,1177.5275
2356.0000,36.3277,37.7487,1178.0377
2357.0000,35.0623,36.2108,1178.5362
2358.0000,34.6500,36.0175,1179.0360
2359.0000,33.4543,34.5094,1179.5345
2360.0000,36.4095,38.7710,1180.0388
2361.0000,34.8452,36.1891,1180.5362
2362.0000,34.1989,35.4524,1181.0355
2363.0000,33.4082,34.4496,1181.5344
2364.0000,34.9384,36.2586,1182.0363
2365.0000,27.8353,28.4063,1182.5284
2366.0000,34.3244,36.0549,1183.0361
2367.0000,35.2486,36.7002,1183.5367
2368.0000,34.7200,36.0424,1184.0360
2369.0000,34.5693,35.8915,1184.5359
2370.0000,36.8697,38.0520,1185.0381
2371.0000,33.5091,34.7791,1185.5348
2372.0000,34.7565,36.0900,1186.0361
2373.0000,34.6424,35.9710,1186.5360
2374.0000,33.4074,34.6603,1187.0347
2375.0000,34.6921,36.0557,1187.5361
2376.0000,33.4943,34.7531,1188.0348
2377.0000,34.7702,36.1024,1188.5361
2378.0000,33.8865,35.1473,1189.0351
2379.0000,34.7358,36.1019,1189.5361
2380.0000,34.5992,35.7121,1190.0357
2381.0000,34.1774,35.2699,1190.5353
2382.0000,35.8552,37.5154,1191.0375
2383.0000,34.5562,35.9095,1191.5359
2384.0000,34.9618,36.3192,1192.0363
2385.0000,34.6078,35.7414,1192.5357
2386.0000,35.2881,36.6168,1193.0366
2387.0000,33.4053,34.6817,1193.5347
2388.0000,34.5475,35.8768,1194.0359
2389.0000,35.5141,36.7060,1194.5367
2390.0000,36.4028,38.3472,1195.0384
2391.0000,34.6329,35.9944,1195.5360
2392.0000,34.8928,36.0195,1196.0360
2393.0000,35.0010,36.3395,1196.5363
2394.0000,35.1979,36.3143,1197.0363
2395.0000,33.4207,34.4739,1197.5345
2396.0000,35.0557,36.3858,1198.0364
2397.0000,34.6507,36.0046,1198.5360
2398.0000,34.5771,36.4234,1199.0364
2399.0000,29.6803,30.0724,1199.5301
2400.0000,37.2543,39.1476,1200.0392
2401.0000,34.6591,36.0428,1200.5360
2402.0000,37.3171,38.8207,1201.0388
2403.0000,36.7062,37.8812,1201.5379
2404.0000,34.0751,35.3139,1202.0353
2405.0000,33.3172,34.3903,1202.5344
2406.0000,33.6541,34.4405,1203.0344
2407.0000,33.0899,34.3415,1203.5343
2408.0000,35.8212,37.1985,1204.0372
2409.0000,12.7627,14.7980,1204.5148
2410.0000,34.2192,36.3106,1205.0363
2411.0000,33.4298,34.6961,1205.5347
2412.0000,34.5258,35.8588,1206.0359
2413.0000,34.7033,35.8548,1206.5359
2414.0000,34.7374,36.6392,1207.0366
2415.0000,34.4828,35.8229,1207.5358
2416.0000,34.5778,35.9454,1208.0359
2417.0000,35.0673,36.3970,1208.5364
2418.0000,35.4126,37.2986,1209.0373
2419.0000,33.5247,34.7745,1209.5348
2420.0000,34.4308,35.8240,1210.0358
2421.0000,34.8768,36.2179,1210.5362
2422.0000,33.9952,35.0566,1211.0351
2423.0000,33.5868,35.0433,1211.5350
2424.0000,35.5091,37.3725,1212.0374
2425.0000,33.2485,34.5060,1212.5345
2426.0000,34.4226,35.6981,1213.0357
2427.0000,33.2228,34.4915,1213.5345
2428.0000,34.7788,36.1178,1214.0361
2429.0000,34.6312,35.9592,1214.5360
2430.0000,34.9264,36.2714,1215.0363
2431.0000,34.5689,35.9415,1215.5359
2432.0000,34.6149,35.9455,1216.0359
2433.0000,17.1399,17.6065,1216.5176
2434.0000,37.5309,38.9923,1217.0390
2435.0000,33.5101,34.8086,1217.5348
2436.0000,34.6827,36.0239,1218.0360
2437.0000,36.0104,37.1601,1218.5372
2438.0000,37.0067,38.9537,1219.0390
2439.0000,34.6124,35.6703,1219.5357
2440.0000,34.7244,36.0476,1220.0360
2441.0000,34.5526,35.6802,1220.5357
2442.0000,35.0455,36.1426,1221.0361
2443.0000,34.5173,35.8646,1221.5359
2444.0000,34.6927,35.7044,1222.0357
2445.0000,34.4825,34.8848,1222.5349
2446.0000,34.4343,36.1011,1223.0361
2447.0000,34.9285,36.3050,1223.5363
2448.0000,11.3080,13.7019,1224.0137
2449.0000,33.7878,35.5048,1224.5355
2450.0000,32.9897,33.7665,1225.0338
2451.0000,33.5220,34.8519,1225.5349
2452.0000,33.7076,34.9580,1226.0350
2453.0000,35.8540,37.2256,1226.5372
2454.0000,34.9735,36.8180,1227.0368
2455.0000,33.3418,34.6042,1227.5346
2456.0000,34.8159,36.1675,1228.0362
2457.0000,34.6208,35.7778,1228.5358
2458.0000,34.0579,35.3156,1229.0353
2459.0000,33.4041,34.6645,1229.5347
2460.0000,36.0675,38.0490,1230.0381
2461.0000,34.3756,35.7054,1230.5357
2462.0000,34.6061,36.4286,1231.0364
2463.0000,34.1278,35.4039,1231.5354
2464.0000,34.8762,36.2591,1232.0363
2465.0000,34.6963,35.8809,1232.5359
2466.0000,15.3912,16.0293,1233.0160
2467.0000,34.9227,36.2587,1233.5363
2468.0000,35.1743,36.2913,1234.0363
2469.0000,34.6340,35.0406,1234.5350
2470.0000,32.7779,33.8437,1235.0338
2471.0000,33.5393,35.0061,1235.5350
2472.0000,32.2650,33.3291,1236.0333
2473.0000,32.0612,33.2993,1236.5333
2474.0000,35.1869,36.5120,1237.0365
2475.0000,33.8433,35.3335,1237.5353
2476.0000,37.0105,38.2088,1238.0382
2477.0000,33.6320,34.9193,1238.5349
2478.0000,35.0943,36.4513,1239.0365
2479.0000,34.7183,36.0982,1239.5361
2480.0000,28.6362,29.7940,1240.0298
2481.0000,36.1571,37.9999,1240.5380
2482.0000,36.6200,38.5585,1241.0386
2483.0000,33.7009,34.9845,1241.5350
2484.0000,35.4687,36.8214,1242.0368
2485.0000,36.8262,38.2284,1242.5382
2486.0000,30.1666,30.7533,1243.0308
2487.0000,18.0976,20.3937,1243.5204
2488.0000,35.0404,37.2849,1244.0373
2489.0000,34.6552,36.0184,1244.5360
2490.0000,36.2366,37.2997,1245.0373
2491.0000,33.9757,35.2470,1245.5352
2492.0000,35.0541,36.4303,1246.0364
2493.0000,34.4423,35.7729,1246.5358
2494.0000,34.7302,36.0541,1247.0361
2495.0000,34.6584,35.9884,1247.5360
2496.0000,34.7440,36.0850,1248.0361
2497.0000,34.5817,35.9007,1248.5359
2498.0000,37.3820,39.4523,1249.0395
2499.0000,34.6775,36.0458,1249.5360
2500.0000,34.6750,36.0099,1250.0360
2501.0000,34.7528,35.8634,1250.5359
2502.0000,37.1155,39.2255,1251.0392
2503.0000,34.8114,36.1493,1251.5362
2504.0000,37.0938,38.6002,1252.0386
2505.0000,34.5382,35.8749,1252.5359
2506.0000,35.0620,36.3735,1253.0364
2507.0000,33.2884,34.5459,1253.5345
2508.0000,36.1109,37.3562,1254.0374
2509.0000,34.5142,35.6495,1254.5357
2510.0000,35.2830,36.6543,1255.0367
2511.0000,34.8471,35.8957,1255.5359
2512.0000,35.0055,36.3820,1256.0364
2513.0000,33.4309,34.7018,1256.5347
2514.0000,34.1761,35.4372,1257.0354
2515.0000,33.5693,34.8275,1257.5348
2516.0000,35.4819,36.8381,1258.0368
2517.0000,34.7033,36.1564,1258.5362
2518.0000,34.9574,36.2869,1259.0363
2519.0000,10.9404,11.1288,1259.5111
2520.0000,35.6934,37.5658,1260.0376
2521.0000,35.7415,37.1367,1260.5371
2522.0000,37.4012,38.8258,1261.0388
2523.0000,33.4750,34.7548,1261.5348
2524.0000,34.8399,36.1862,1262.0362
2525.0000,34.5955,35.9212,1262.5359
2526.0000,34.6414,35.9647,1263.0360
2527.0000,34.7051,36.0419,1263.5360
2528.0000,35.8748,37.3002,1264.0373
2529.0000,34.8357,36.1861,1264.5362
2530.0000,36.0341,37.1835,1265.0372
2531.0000,34.4368,35.7849,1265.5358
2532.0000,34.6194,35.9541,1266.0360
2533.0000,17.8458,18.6017,1266.5186
2534.0000,34.8269,36.6819,1267.0367
2535.0000,34.6856,36.0166,1267.5360
2536.0000,34.6725,36.0099,1268.0360
2537.0000,35.1545,36.5015,1268.5365
2538.0000,34.9355,36.2597,1269.0363
2539.0000,34.8075,36.1567,1269.5362
2540.0000,34.5917,35.9380,1270.0359
2541.0000,34.5607,35.8917,1270.5359
2542.0000,34.7319,35.8674,1271.0359
2543.0000,37.2961,38.5097,1271.5385
2544.0000,27.3890,28.7179,1272.0287
2545.0000,34.0750,35.5850,1272.5356
2546.0000,34.2949,35.5723,1273.0356
2547.0000,33.4143,34.6734,1273.5347
2548.0000,13.1060,14.9441,1274.0149
2549.0000,33.0848,35.1487,1274.5351
2550.0000,30.6396,32.7262,1275.0327
2551.0000,33.0150,34.3010,1275.5343
2552.0000,33.0092,34.2944,1276.0343
2553.0000,33.1114,34.3970,1276.5344
2554.0000,33.7222,35.4889,1277.0355
2555.0000,33.3398,34.5947,1277.5346
2556.0000,33.4246,34.6812,1278.0347
2557.0000,35.0168,36.3571,1278.5364
2558.0000,36.9255,39.0974,1279.0391
2559.0000,34.6689,36.0567,1279.5361
2560.0000,33.4410,34.6458,1280.0347
2561.0000,35.6002,37.3857,1280.5374
2562.0000,36.3156,37.7095,1281.0377
2563.0000,33.4511,34.7171,1281.5347
2564.0000,34.6718,36.5177,1282.0365
2565.0000,34.7454,36.0700,1282.5361
2566.0000,34.7976,36.1882,1283.0362
2567.0000,34.6563,36.0040,1283.5360
2568.0000,34.6437,35.9734,1284.0360
2569.0000,25.9344,26.2192,1284.5262
2570.0000,13.4529,13.8648,1285.0139
2571.0000,36.9478,38.2302,1285.5382
2572.0000,9.9282,10.7783,1286.0108
2573.0000,27.7722,29.0632,1286.5291
2574.0000,37.5282,39.4378,1287.0394
2575.0000,34.7792,36.1597,1287.5362
2576.0000,34.5254,36.3525,1288.0364
2577.0000,34.6120,35.9623,1288.5360
2578.0000,35.4025,36.7207,1289.0367
2579.0000,33.7448,35.1140,1289.5351
2580.0000,34.4047,36.2844,1290.0363
2581.0000,36.0503,37.2560,1290.5373
2582.0000,33.3280,34.5965,1291.0346
2583.0000,34.7089,36.0478,1291.5360
2584.0000,34.5520,35.8877,1292.0359
2585.0000,34.7179,35.5598,1292.5356
2586.0000,35.1115,36.4957,1293.0365
2587.0000,33.3967,34.4196,1293.5344
2588.0000,36.3091,38.2165,1294.0382
2589.0000,34.7339,35.8187,1294.5358
2590.0000,36.8496,39.0201,1295.0390
2591.0000,34.3966,35.0984,1295.5351
2592.0000,36.7529,38.1703,1296.0382
2593.0000,34.6691,35.7859,1296.5358
2594.0000,34.8546,36.1302,1297.0361
2595.0000,33.9543,35.3119,1297.5353
2596.0000,33.5791,34.8305,1298.0348
2597.0000,36.0903,37.3145,1298.5373
2598.0000,34.6148,35.9622,1299.0360
2599.0000,32.5468,33.7992,1299.5338
2600.0000,33.9277,35.1421,1300.0351
2601.0000,35.9808,37.3793,1300.5374
2602.0000,34.8277,36.7659,1301.0368
2603.0000,33.3208,34.5648,1301.5346
2604.0000,33.4874,34.7438,1302.0347
2605.0000,34.7562,35.8725,1302.5359
2606.0000,33.4082,34.6566,1303.0347
2607.0000,34.6682,36.1961,1303.5362
2608.0000,34.6110,35.9262,1304.0359
2609.0000,34.7102,35.7030,1304.5357
2610.0000,35.3251,36.6737,1305.0367
2611.0000,33.8080,34.8797,1305.5349
2612.0000,35.2394,36.5901,1306.0366
2613.0000,34.7269,35.8245,1306.5358
2614.0000,34.4433,35.7553,1307.0358
2615.0000,34.7812,36.1520,1307.5362
2616.0000,34.5941,35.9140,1308.0359
2617.0000,34.5249,35.8383,1308.5358
2618.0000,35.0000,36.3146,1309.0363
2619.0000,33.5051,34.7665,1309.5348
2620.0000,34.8063,36.1161,1310.0361
2621.0000,35.2850,36.4329,1310.5364
2622.0000,37.0582,38.5873,1311.0386
2623.0000,34.6149,36.0344,1311.5360
2624.0000,35.4855,36.8342,1312.0368
2625.0000,34.5671,36.0497,1312.5361
2626.0000,35.1394,36.4683,1313.0365
2627.0000,33.2712,34.5338,1313.5345
2628.0000,35.4710,36.6148,1314.0366
2629.0000,34.3345,37.5948,1314.5376
2630.0000,35.6578,37.5316,1315.0375
2631.0000,34.8347,36.1689,1315.5362
2632.0000,34.3227,35.4859,1316.0355
2633.0000,34.6958,35.8296,1316.5358
2634.0000,35.3725,37.2209,1317.0372
2635.0000,33.3600,34.6122,1317.5346
2636.0000,34.7347,36.5740,1318.0366
2637.0000,34.9164,36.0053,1318.5360
2638.0000,35.3385,36.7010,1319.0367
2639.0000,8.7915,9.1540,1319.5091
2640.0000,35.2616,37.2742,1320.0373
2641.0000,34.8416,35.9809,1320.5360
2642.0000,36.0074,37.1901,1321.0372
2643.0000,33.7198,34.7652,1321.5348
2644.0000,35.2805,36.7186,1322.0367
2645.0000,34.7680,35.8727,1322.5359
2646.0000,35.3689,36.6174,1323.0366
2647.0000,33.3231,34.6016,1323.5346
2648.0000,30.7319,31.7452,1324.0318
2649.0000,32.6348,33.9422,1324.5339
2650.0000,33.4226,34.5001,1325.0345
2651.0000,33.6179,34.6224,1325.5346
2652.0000,34.8883,36.2230,1326.0362
2653.0000,34.4231,35.4578,1326.5355
2654.0000,34.6396,35.9856,1327.0360
2655.0000,34.7843,36.1126,1327.5361
2656.0000,34.7639,36.0905,1328.0361
2657.0000,34.4133,35.4591,1328.5355
2658.0000,33.9666,34.7880,1329.0348
2659.0000,33.4194,34.6625,1329.5347
2660.0000,36.8719,38.2110,1330.0382
2661.0000,34.4366,35.4810,1330.5355
2662.0000,34.9552,36.3125,1331.0363
2663.0000,34.6956,36.0234,1331.5360
2664.0000,35.0634,36.1713,1332.0362
2665.0000,29.9452,30.7409,1332.5307
2666.0000,35.2070,36.5380,1333.0365
2667.0000,33.3370,34.6108,1333.5346
2668.0000,34.6698,36.0030,1334.0360
2669.0000,34.6280,35.7633,1334.5358
2670.0000,35.1741,36.5251,1335.0365
2671.0000,34.4026,35.7565,1335.5358
2672.0000,34.6459,35.9669,1336.0360
2673.0000,34.4959,35.5210,1336.5355
2674.0000,33.8936,34.6866,1337.0347
2675.0000,32.4419,33.5870,1337.5336
2676.0000,36.7485,38.7786,1338.0388
2677.0000,37.4889,38.9503,1338.5390
2678.0000,37.0795,39.3043,1339.0393
2679.0000,34.7466,36.1641,1339.5362
2680.0000,34.8096,36.1610,1340.0362
2681.0000,34.4915,35.5313,1340.5355
2682.0000,35.1294,35.9810,1341.0360
2683.0000,33.4696,34.7304,1341.5347
2684.0000,34.6864,36.5324,1342.0365
2685.0000,33.9211,34.9938,1342.5350
2686.0000,35.4159,36.8352,1343.0368
2687.0000,34.7344,36.3833,1343.5364
2688.0000,34.8025,36.1244,1344.0361
2689.0000,36.8047,38.1338,1344.5381
2690.0000,33.2684,34.3465,1345.0343
2691.0000,33.8939,35.1585,1345.5352
2692.0000,35.9434,37.3197,1346.0373
2693.0000,28.7275,29.7392,1346.5297
2694.0000,34.8796,36.0378,1347.0360
2695.0000,34.8299,36.3387,1347.5363
2696.0000,34.5997,35.9025,1348.0359
2697.0000,34.7324,35.8457,1348.5358
2698.0000,34.9301,36.1614,1349.0362
2699.0000,35.4144,36.7380,1349.5367
2700.0000,34.5059,35.1362,1350.0351
2701.0000,34.6866,36.0210,1350.5360
2702.0000,34.8418,36.1613,1351.0362
2703.0000,34.6452,35.7749,1351.5358
2704.0000,34.5488,35.8781,1352.0359
2705.0000,34.5953,35.9254,1352.5359
2706.0000,34.9086,35.9462,1353.0359
2707.0000,33.2391,34.5027,1353.5345
2708.0000,34.5480,36.4094,1354.0364
2709.0000,10.6810,12.8055,1354.5128
2710.0000,33.6843,35.7313,1355.0357
2711.0000,32.4684,33.7317,1355.5337
2712.0000,33.8536,35.6024,1356.0356
2713.0000,32.3487,33.6087,1356.5336
2714.0000,33.2258,34.5482,1357.0345
2715.0000,33.3367,34.5979,1357.5346
2716.0000,34.8582,36.1790,1358.0362
2717.0000,34.7869,36.1441,1358.5361
2718.0000,34.6595,35.9907,1359.0360
2719.0000,34.7177,36.0466,1359.5361
2720.0000,34.4075,35.5120,1360.0355
2721.0000,34.1089,35.1777,1360.5352
2722.0000,35.8865,37.2743,1361.0373
2723.0000,34.7853,36.1326,1361.5361
2724.0000,34.9633,36.2922,1362.0363
2725.0000,36.0494,37.3893,1362.5374
2726.0000,34.6952,36.0143,1363.0360
2727.0000,34.6580,36.0167,1363.5360
2728.0000,34.6167,35.7304,1364.0357
2729.0000,34.7589,36.1037,1364.5361
2730.0000,35.4564,36.5300,1365.0365
2731.0000,33.6001,34.9031,1365.5349
2732.0000,34.3044,35.3566,1366.0354
2733.0000,35.4309,36.8386,1366.5368
2734.0000,34.6305,36.1070,1367.0361
2735.0000,34.4811,35.6862,1367.5357
2736.0000,34.9348,36.1573,1368.0362
2737.0000,34.6411,36.0128,1368.5360
2738.0000,34.9421,36.2677,1369.0363
2739.0000,34.6827,36.0209,1369.5360
2740.0000,34.6171,35.9449,1370.0359
2741.0000,35.0575,36.3984,1370.5364
2742.0000,37.5155,39.8528,1371.0399
2743.0000,34.7511,36.0924,1371.5361
2744.0000,35.7214,37.1196,1372.0371
2745.0000,33.4493,34.7371,1372.5347
2746.0000,34.9510,36.2733,1373.0363
2747.0000,33.4873,34.5461,1373.5345
2748.0000,10.3590,12.0628,1374.0121
2749.0000,32.7941,34.8395,1374.5348
2750.0000,32.5243,33.5012,1375.0335
2751.0000,32.4847,33.5624,1375.5336
2752.0000,32.5666,33.8386,1376.0338
2753.0000,32.5487,33.8144,1376.5338
2754.0000,32.9141,34.1762,1377.0342
2755.0000,33.6545,34.9143,1377.5349
2756.0000,34.6825,36.0420,1378.0360
2757.0000,34.5880,35.9070,1378.5359
2758.0000,34.6252,36.4713,1379.0365
2759.0000,29.4437,30.4482,1379.5305
2760.0000,34.7587,36.5955,1380.0366
2761.0000,34.6247,35.9562,1380.5360
2762.0000,35.9934,37.3616,1381.0374
2763.0000,33.5935,34.8650,1381.5349
2764.0000,34.9286,36.7964,1382.0368
2765.0000,34.4411,35.7569,1382.5358
2766.0000,34.2627,35.5791,1383.0356
2767.0000,34.9076,36.2693,1383.5363
2768.0000,35.2867,36.6575,1384.0367
2769.0000,37.0883,38.3926,1384.5384
2770.0000,29.3546,30.6460,1385.0306
2771.0000,34.6541,35.7879,1385.5358
2772.0000,34.6762,36.0271,1386.0360
2773.0000,34.6713,35.7783,1386.5358
2774.0000,34.6053,35.9370,1387.0359
2775.0000,34.5998,35.7059,1387.5357
2776.0000,34.5927,35.9501,1388.0360
2777.0000,34.7189,36.0411,1388.5360
2778.0000,34.9833,36.3424,1389.0363
2779.0000,34.6413,36.0084,1389.5360
2780.0000,33.5604,34.8149,1390.0348
2781.0000,35.0584,36.3896,1390.5364
2782.0000,35.2093,36.5799,1391.0366
2783.0000,35.0536,36.2029,1391.5362
2784.0000,34.6724,35.8081,1392.0358
2785.0000,34.8424,36.1705,1392.5362
2786.0000,35.0795,36.4130,1393.0364
2787.0000,33.3462,34.3704,1393.5344
2788.0000,34.7056,36.0642,1394.0361
2789.0000,34.6913,35.8178,1394.5358
2790.0000,34.0537,35.3281,1395.0353
2791.0000,35.6131,36.7553,1395.5368
2792.0000,34.7895,36.1552,1396.0362
2793.0000,34.6158,35.9353,1396.5359
2794.0000,34.9096,36.2397,1397.0362
2795.0000,33.2437,34.2943,1397.5343
2796.0000,34.6956,35.7971,1398.0358
2797.0000,34.5456,35.8929,1398.5359
2798.0000,35.8728,37.2633,1399.0373
2799.0000,35.1858,36.5539,1399.5366
2800.0000,34.7485,36.0818,1400.0361
2801.0000,34.7153,35.8166,1400.5358
2802.0000,35.1189,36.4343,1401.0364
2803.0000,34.5110,35.8305,1401.5358
2804.0000,26.5094,27.1246,1402.0271
2805.0000,36.9462,38.6711,1402.5387
2806.0000,34.6339,35.7376,1403.0357
2807.0000,33.7295,34.8178,1403.5348
2808.0000,34.7641,35.8743,1404.0359
2809.0000,26.4189,26.7436,1404.5268
2810.0000,35.2410,36.4317,1405.0364
2811.0000,33.8974,34.6922,1405.5347
2812.0000,33.8510,34.8904,1406.0349
2813.0000,35.3150,36.6694,1406.5367
2814.0000,34.6253,35.7319,1407.0357
2815.0000,34.6182,35.9525,1407.5360
2816.0000,34.5632,35.7217,1408.0357
2817.0000,34.5000,35.6084,1408.5356
2818.0000,34.9954,36.1422,1409.0361
2819.0000,34.6333,35.9652,1409.5360
2820.0000,34.8979,36.0137,1410.0360
2821.0000,36.8179,37.9308,1410.5379
2822.0000,33.7089,34.9880,1411.0350
2823.0000,35.5372,36.7074,1411.5367
2824.0000,34.6125,35.9416,1412.0359
2825.0000,34.6644,35.7743,1412.5358
2826.0000,34.9553,36.7954,1413.0368
2827.0000,33.3933,34.6429,1413.5346
2828.0000,34.5916,35.7128,1414.0357
2829.0000,34.6706,36.0030,1414.5360
2830.0000,34.6727,35.9994,1415.0360
2831.0000,37.2137,38.8438,1415.5389
2832.0000,32.4611,34.0938,1416.0341
2833.0000,36.3960,37.6274,1416.5376
2834.0000,35.0896,36.4278,1417.0364
2835.0000,33.5511,34.8268,1417.5348
2836.0000,34.7464,36.1187,1418.0361
2837.0000,34.7524,36.0944,1418.5361
2838.0000,34.5569,35.9060,1419.0359
2839.0000,34.7220,35.8431,1419.5358
2840.0000,34.7366,36.0940,1420.0361
2841.0000,34.4648,35.7832,1420.5358
2842.0000,35.0219,36.3532,1421.0364
2843.0000,33.2743,34.5400,1421.5345
2844.0000,34.7417,36.0971,1422.0361
2845.0000,34.6247,35.9388,1422.5359
2846.0000,34.8944,36.7414,1423.0367
2847.0000,34.4275,35.5430,1423.5355
2848.0000,34.2279,35.3733,1424.0354
2849.0000,34.6761,36.0128,1424.5360
2850.0000,35.1429,36.4836,1425.0365
2851.0000,35.6755,37.0485,1425.5371
2852.0000,35.9802,37.2102,1426.0372
2853.0000,33.6604,34.0288,1426.5340
2854.0000,36.0334,37.9525,1427.0380
2855.0000,33.3214,34.5661,1427.5346
2856.0000,34.8864,36.2236,1428.0362
2857.0000,33.4135,34.6621,1428.5347
2858.0000,34.9301,36.2682,1429.0363
2859.0000,33.8580,35.1222,1429.5351
2860.0000,34.9351,36.2743,1430.0363
2861.0000,37.0707,38.2375,1430.5382
2862.0000,36.7145,38.9102,1431.0389
2863.0000,33.3821,34.4410,1431.5344
2864.0000,35.9423,37.3138,1432.0373
2865.0000,33.5231,34.7946,1432.5348
2866.0000,34.9165,36.2651,1433.0363
2867.0000,33.2828,34.5398,1433.5345
2868.0000,34.7343,36.0927,1434.0361
2869.0000,34.6839,36.0070,1434.5360
2870.0000,34.7588,36.0842,1435.0361
2871.0000,36.4330,37.8222,1435.5378
2872.0000,34.6770,35.8170,1436.0358
2873.0000,33.5695,34.8104,1436.5348
2874.0000,35.3602,36.7109,1437.0367
2875.0000,33.4456,34.6979,1437.5347
2876.0000,34.7359,36.0687,1438.0361
2877.0000,34.6726,35.7810,1438.5358
2878.0000,34.8340,36.1688,1439.0362
2879.0000,29.7982,30.2684,1439.5303
2880.0000,35.5685,38.0803,1440.0381
2881.0000,34.3268,35.4717,1440.5355
2882.0000,36.6780,38.0854,1441.0381
2883.0000,35.0514,36.4477,1441.5364
2884.0000,33.6766,34.9541,1442.0350
2885.0000,35.0227,36.3637,1442.5364
2886.0000,34.5717,35.9038,1443.0359
2887.0000,34.5723,35.9022,1443.5359
2888.0000,34.6372,35.9569,1444.0360
2889.0000,33.2255,34.3368,1444.5343
2890.0000,34.4745,35.7630,1445.0358
2891.0000,36.6227,38.1063,1445.5381
2892.0000,34.6610,36.5089,1446.0365
2893.0000,34.7723,35.9424,1446.5359
2894.0000,34.8478,36.1948,1447.0362
2895.0000,34.5669,35.5902,1447.5356
2896.0000,34.6947,36.0540,1448.0361
2897.0000,34.8311,36.1705,1448.5362
2898.0000,34.9288,36.0382,1449.0360
2899.0000,33.4515,34.7359,1449.5347
2900.0000,35.5647,37.4391,1450.0374
2901.0000,34.6508,35.9885,1450.5360
2902.0000,35.5384,36.6972,1451.0367
2903.0000,34.7738,36.1115,1451.5361
2904.0000,34.8809,36.2208,1452.0362
2905.0000,34.8989,36.0411,1452.5360
2906.0000,35.2907,36.4083,1453.0364
2907.0000,33.6638,34.9253,1453.5349
2908.0000,34.6189,35.9418,1454.0359
2909.0000,34.6231,35.7652,1454.5358
2910.0000,34.7073,35.8113,1455.0358
2911.0000,35.3280,37.2050,1455.5372
2912.0000,34.7005,36.0338,1456.0360
2913.0000,34.4489,35.6771,1456.5357
2914.0000,34.9907,36.0463,1457.0360
2915.0000,33.5830,35.0339,1457.5350
2916.0000,34.9908,36.3553,1458.0364
2917.0000,34.9707,36.3146,1458.5363
2918.0000,36.4328,36.8528,1459.0370
2919.0000,32.5580,33.5484,1459.5335
2920.0000,35.1410,37.0058,1460.0370
2921.0000,34.6820,35.8101,1460.5358
2922.0000,35.3868,36.5254,1461.0365
2923.0000,33.4711,34.7265,1461.5347
2924.0000,34.7472,36.5932,1462.0366
2925.0000,34.6125,35.7185,1462.5357
2926.0000,34.6247,35.8732,1463.0359
2927.0000,34.7784,36.1227,1463.5361
2928.0000,34.7654,36.0980,1464.0361
2929.0000,34.4982,35.8357,1464.5358
2930.0000,35.0936,36.1380,1465.0361
2931.0000,33.7270,34.7816,1465.5348
2932.0000,34.7376,36.0651,1466.0361
2933.0000,34.7827,36.1202,1466.5361
2934.0000,34.5320,35.6552,1467.0357
2935.0000,34.7069,36.0587,1467.5361
2936.0000,27.6208,28.4052,1468.0284
2937.0000,33.5098,34.7619,1468.5348
2938.0000,34.5276,35.9191,1469.0359
2939.0000,33.2272,34.4004,1469.5344
2940.0000,34.9511,36.3415,1470.0363
2941.0000,34.6376,35.9654,1470.5360
2942.0000,34.5648,35.6011,1471.0356
2943.0000,33.6632,34.7218,1471.5347
2944.0000,33.2822,34.3320,1472.0343
2945.0000,33.6698,34.9085,1472.5349
2946.0000,36.5538,38.4656,1473.0385
2947.0000,33.5031,34.7584,1473.5348
2948.0000,10.7097,12.4797,1474.0125
2949.0000,32.6892,34.7142,1474.5347
2950.0000,32.6570,33.7368,1475.0337
2951.0000,32.3543,33.4274,1475.5334
2952.0000,32.6637,33.2720,1476.0333
2953.0000,34.5378,36.0452,1476.5361
2954.0000,32.8537,34.6315,1477.0346
2955.0000,34.6124,35.9434,1477.5359
2956.0000,34.9302,36.2558,1478.0363
2957.0000,34.7134,36.0457,1478.5360
2958.0000,35.0463,36.3986,1479.0364
2959.0000,33.4683,34.7261,1479.5347
2960.0000,34.7013,35.8707,1480.0359
2961.0000,34.8431,36.1917,1480.5362
2962.0000,35.2021,36.5263,1481.0365
2963.0000,33.4148,34.6718,1481.5347
2964.0000,34.6942,36.0900,1482.0361
2965.0000,34.5919,35.9225,1482.5359
2966.0000,34.0661,35.1219,1483.0351
2967.0000,36.5581,37.7887,1483.5378
2968.0000,34.7086,35.8512,1484.0359
2969.0000,34.6658,35.9906,1484.5360
2970.0000,35.6951,37.0253,1485.0370
2971.0000,34.5159,36.0499,1485.5360
2972.0000,35.2127,37.0676,1486.0371
2973.0000,34.8972,36.2845,1486.5363
2974.0000,34.9301,36.2550,1487.0363
2975.0000,33.7598,35.0214,1487.5350
2976.0000,34.7181,35.8567,1488.0359
2977.0000,34.8313,36.1608,1488.5362
2978.0000,35.3578,36.6787,1489.0367
2979.0000,33.6237,34.8837,1489.5349
2980.0000,34.9436,36.3019,1490.0363
2981.0000,34.7713,35.8962,1490.5359
2982.0000,31.3688,32.4563,1491.0325
2983.0000,35.3826,36.7442,1491.5367
2984.0000,34.9076,36.2647,1492.0363
2985.0000,34.7069,36.0294,1492.5360
2986.0000,34.9372,36.2564,1493.0363
2987.0000,33.4450,34.7118,1493.5347
2988.0000,34.7377,36.0589,1494.0361
2989.0000,35.3399,36.5322,1494.5365
2990.0000,34.8303,35.9530,1495.0360
2991.0000,33.7485,34.7952,1495.5348
2992.0000,34.6276,36.2769,1496.0363
2993.0000,34.9202,36.2456,1496.5362
2994.0000,36.2587,38.1326,1497.0381
2995.0000,33.7323,34.7972,1497.5348
2996.0000,36.1779,38.0629,1498.0381
2997.0000,34.5991,35.9294,1498.5359
2998.0000,34.6423,35.9591,1499.0360
2999.0000,14.1314,14.9036,1499.5149
3000.0000,34.7810,35.9856,1500.0360
3001.0000,34.7341,36.0718,1500.5361
3002.0000,36.5472,37.7215,1501.0377
3003.0000,33.9702,35.2742,1501.5353
3004.0000,35.5676,37.4503,1502.0375
3005.0000,34.9814,36.3177,1502.5363
3006.0000,34.8488,36.2059,1503.0362
3007.0000,33.5619,34.8269,1503.5348
3008.0000,33.4825,34.7435,1504.0347
3009.0000,34.5142,35.7603,1504.5358
3010.0000,32.8611,34.1503,1505.0342
3011.0000,37.1923,39.4115,1505.5394
3012.0000,34.5079,35.8407,1506.0358
3013.0000,34.7209,35.1113,1506.5351
3014.0000,34.8064,36.1329,1507.0361
3015.0000,34.6460,35.9893,1507.5360
3016.0000,34.7769,36.1099,1508.0361
3017.0000,34.5258,35.6613,1508.5357
3018.0000,35.0841,36.4050,1509.0364
3019.0000,33.7347,34.7931,1509.5348
3020.0000,34.8978,36.0342,1510.0360
3021.0000,35.0839,35.4701,1510.5355
3022.0000,34.2114,36.6543,1511.0367
3023.0000,33.6430,34.9016,1511.5349
3024.0000,34.8257,35.9371,1512.0359
3025.0000,34.7775,35.9308,1512.5359
3026.0000,35.0760,36.4558,1513.0365
3027.0000,30.0820,30.6016,1513.5306
3028.0000,37.0900,39.8226,1514.0398
3029.0000,35.0965,36.4442,1514.5364
3030.0000,34.9937,36.3236,1515.0363
3031.0000,34.8391,36.1876,1515.5362
3032.0000,34.8914,36.7333,1516.0367
3033.0000,33.4836,34.7346,1516.5347
3034.0000,32.6512,33.9193,1517.0339
3035.0000,33.6989,35.1695,1517.5352
3036.0000,34.7927,36.1331,1518.0361
3037.0000,34.3601,35.7140,1518.5357
3038.0000,36.5662,37.8224,1519.0378
3039.0000,24.7149,26.4841,1519.5265
3040.0000,34.6066,35.7143,1520.0357
3041.0000,34.8158,36.1744,1520.5362
3042.0000,35.5795,37.4229,1521.0374
3043.0000,33.6465,34.9089,1521.5349
3044.0000,34.7557,36.6024,1522.0366
3045.0000,34.7362,36.0607,1522.5361
3046.0000,34.8092,36.1744,1523.0362
3047.0000,34.7488,36.0840,1523.5361
3048.0000,10.6439,12.3533,1524.0124
3049.0000,36.9324,37.3473,1524.5374
3050.0000,37.5291,38.7902,1525.0388
3051.0000,33.9568,35.0320,1525.5350
3052.0000,33.7905,34.8303,1526.0348
3053.0000,33.5202,34.5686,1526.5346
3054.0000,33.4627,34.7039,1527.0347
3055.0000,35.7174,37.0802,1527.5371
3056.0000,34.5104,35.8401,1528.0358
3057.0000,34.7649,35.8613,1528.5359
3058.0000,34.9751,36.3146,1529.0363
3059.0000,33.5188,34.6861,1529.5347
3060.0000,35.3195,35.7198,1530.0357
3061.0000,33.5025,34.7481,1530.5347
3062.0000,36.0591,37.9464,1531.0380
3063.0000,34.7063,36.0439,1531.5360
3064.0000,34.8431,36.1678,1532.0362
3065.0000,33.5720,34.8092,1532.5348
3066.0000,35.3391,37.1719,1533.0372
3067.0000,33.4017,34.6764,1533.5347
3068.0000,33.6624,34.9279,1534.0349
3069.0000,34.9443,36.2849,1534.5363
3070.0000,34.6201,35.9618,1535.0360
3071.0000,34.8129,36.1521,1535.5362
3072.0000,34.6101,35.9429,1536.0359
3073.0000,32.4065,33.4231,1536.5334
3074.0000,37.2209,38.6841,1537.0387
3075.0000,33.6155,34.8804,1537.5349
3076.0000,35.2530,36.6056,1538.0366
3077.0000,34.6956,36.0173,1538.5360
3078.0000,34.7858,36.1260,1539.0361
3079.0000,34.7904,36.1647,1539.5362
3080.0000,34.5813,35.9144,1540.0359
3081.0000,34.6997,36.0480,1540.5360
3082.0000,35.3468,36.7217,1541.0367
3083.0000,33.5319,34.7870,1541.5348
3084.0000,33.7297,34.9952,1542.0350
3085.0000,34.8385,36.1807,1542.5362
3086.0000,34.7218,36.0469,1543.0360
3087.0000,34.5365,35.6460,1543.5356
3088.0000,34.7394,36.0677,1544.0361
3089.0000,34.7279,36.0476,1544.5360
3090.0000,35.0138,36.1199,1545.0361
3091.0000,35.6691,37.0374,1545.5370
3092.0000,34.5623,35.9151,1546.0359
3093.0000,35.1311,36.2712,1546.5363
3094.0000,34.6355,36.0340,1547.0360
3095.0000,34.7071,36.0193,1547.5360
3096.0000,34.6152,35.9794,1548.0360
3097.0000,34.5578,35.8759,1548.5359
3098.0000,34.8245,35.9240,1549.0359
3099.0000,34.6420,35.9912,1549.5360
3100.0000,34.6846,36.0075,1550.0360
3101.0000,34.6215,35.7223,1550.5357
3102.0000,37.3233,38.6609,1551.0387
3103.0000,34.7730,36.2962,1551.5363
3104.0000,35.7474,37.6370,1552.0376
3105.0000,34.9097,36.2230,1552.5362
3106.0000,35.1916,36.3164,1553.0363
3107.0000,33.4216,34.6715,1553.5347
3108.0000,34.8372,36.1824,1554.0362
3109.0000,34.7233,36.0632,1554.5361
3110.0000,34.7685,36.1558,1555.0362
3111.0000,33.5862,34.8498,1555.5348
3112.0000,34.9684,36.3504,1556.0364
3113.0000,34.9105,36.2456,1556.5362
3114.0000,35.5331,36.6830,1557.0367
3115.0000,33.7595,35.0253,1557.5350
3116.0000,35.1954,36.3218,1558.0363
3117.0000,34.6642,35.9769,1558.5360
3118.0000,34.7091,36.0416,1559.0360
3119.0000,25.2891,26.2535,1559.5263
3120.0000,35.3025,37.1626,1560.0372
3121.0000,33.4223,34.6770,1560.5347
3122.0000,36.6541,37.8227,1561.0378
3123.0000,33.5497,34.8369,1561.5348
3124.0000,35.7807,37.1566,1562.0372
3125.0000,34.5715,35.8906,1562.5359
3126.0000,34.8029,35.9127,1563.0359
3127.0000,34.6656,35.9823,1563.5360
3128.0000,34.8039,36.1192,1564.0361
3129.0000,34.6171,35.9306,1564.5359
3130.0000,34.8923,36.2757,1565.0363
3131.0000,34.4467,35.7418,1565.5357
3132.0000,35.1471,36.5463,1566.0365
3133.0000,34.4609,35.8066,1566.5358
3134.0000,34.4336,35.7749,1567.0358
3135.0000,36.4373,37.5485,1567.5376
3136.0000,34.7290,36.0912,1568.0361
3137.0000,34.7230,36.0539,1568.5361
3138.0000,35.1685,36.5034,1569.0365
3139.0000,33.5970,34.8752,1569.5349
3140.0000,34.9869,36.3717,1570.0364
3141.0000,33.3843,34.6388,1570.5346
3142.0000,35.4723,36.8165,1571.0368
3143.0000,34.8051,36.1238,1571.5361
3144.0000,37.1906,38.4930,1572.0385
3145.0000,34.9666,36.2983,1572.5363
3146.0000,35.0028,36.3926,1573.0364
3147.0000,33.4603,34.7061,1573.5347
3148.0000,10.7045,12.5065,1574.0125
3149.0000,33.0714,34.7017,1574.5347
3150.0000,32.5455,33.6145,1575.0336
3151.0000,31.6243,32.8249,1575.5328
3152.0000,32.1607,33.3926,1576.0334
3153.0000,31.2287,32.4172,1576.5324
3154.0000,35.6265,36.8027,1577.0368
3155.0000,34.7198,36.0723,1577.5361
3156.0000,34.9097,36.2386,1578.0362
3157.0000,34.9894,36.3423,1578.5363
3158.0000,37.3696,39.5919,1579.0396
3159.0000,34.6981,36.0662,1579.5361
3160.0000,34.9333,36.2714,1580.0363
3161.0000,33.8101,35.0717,1580.5351
3162.0000,35.0561,36.4316,1581.0364
3163.0000,33.6121,34.8662,1581.5349
3164.0000,34.8374,36.1927,1582.0362
3165.0000,34.8605,35.9628,1582.5360
3166.0000,33.5570,34.5859,1583.0346
3167.0000,33.5779,34.3755,1583.5344
3168.0000,34.8437,36.0026,1584.0360
3169.0000,34.9345,35.7874,1584.5358
3170.0000,35.8148,37.1674,1585.0372
3171.0000,34.2929,35.3813,1585.5354
3172.0000,35.1931,36.3444,1586.0363
3173.0000,34.7949,36.1617,1586.5362
3174.0000,34.8862,36.2409,1587.0362
3175.0000,34.9054,36.2911,1587.5363
3176.0000,34.8199,36.6460,1588.0366
3177.0000,34.8942,36.0324,1588.5360
3178.0000,35.6576,37.0140,1589.0370
3179.0000,34.7509,36.1452,1589.5361
3180.0000,34.8411,36.0034,1590.0360
3181.0000,34.8045,36.1298,1590.5361
3182.0000,33.7900,35.0567,1591.0351
3183.0000,34.8706,36.2006,1591.5362
3184.0000,33.5406,34.6386,1592.0346
3185.0000,21.9538,23.2817,1592.5233
3186.0000,35.3264,36.5021,1593.0365
3187.0000,33.5388,34.8021,1593.5348
3188.0000,34.9580,36.1071,1594.0361
3189.0000,34.6376,35.7699,1594.5358
3190.0000,34.9136,36.0289,1595.0360
3191.0000,34.5347,35.6111,1595.5356
3192.0000,35.1864,36.5622,1596.0366
3193.0000,34.6891,36.0104,1596.5360
3194.0000,35.2846,36.5283,1597.0365
3195.0000,34.4257,35.7211,1597.5357
3196.0000,36.0590,37.2402,1598.0372
3197.0000,33.3996,34.6582,1598.5347
3198.0000,34.4978,35.8246,1599.0358
3199.0000,34.7835,36.1580,1599.5362
3200.0000,34.5544,36.3904,1600.0364
3201.0000,34.7970,36.1087,1600.5361
3202.0000,35.1848,36.5146,1601.0365
3203.0000,33.4677,34.7430,1601.5347
3204.0000,34.7941,36.1201,1602.0361
3205.0000,35.7622,37.3674,1602.5374
3206.0000,34.6095,36.4542,1603.0365
3207.0000,33.4620,34.7376,1603.5347
3208.0000,34.7579,36.5843,1604.0366
3209.0000,34.5884,35.9261,1604.5359
3210.0000,35.3335,36.6642,1605.0367
3211.0000,36.9036,38.3672,1605.5384
3212.0000,34.5874,36.4392,1606.0364
3213.0000,34.6624,35.7774,1606.5358
3214.0000,35.1403,36.4746,1607.0365
3215.0000,34.7593,36.1404,1607.5361
3216.0000,34.8205,36.1901,1608.0362
3217.0000,34.5507,35.8823,1608.5359
3218.0000,35.2112,36.5395,1609.0365
3219.0000,34.7541,36.1494,1609.5361
3220.0000,34.7384,36.5944,1610.0366
3221.0000,34.6919,35.7951,1610.5358
3222.0000,37.4676,39.5801,1611.0396
3223.0000,34.6789,36.0606,1611.5361
3224.0000,35.1431,36.4942,1612.0365
3225.0000,34.6133,35.9397,1612.5359
3226.0000,35.3103,36.6399,1613.0366
3227.0000,33.4530,34.4906,1613.5345
3228.0000,34.8658,36.1895,1614.0362
3229.0000,34.7271,36.0686,1614.5361
3230.0000,34.6372,35.9623,1615.0360
3231.0000,35.0657,36.4834,1615.5365
3232.0000,34.7415,36.0733,1616.0361
3233.0000,34.6062,35.9721,1616.5360
3234.0000,35.9507,37.2798,1617.0373
3235.0000,33.7514,35.0195,1617.5350
3236.0000,34.8785,36.2052,1618.0362
3237.0000,34.6538,36.0188,1618.5360
3238.0000,34.0489,35.3696,1619.0354
3239.0000,26.7233,27.3670,1619.5274
3240.0000,33.7871,35.3392,1620.0353
3241.0000,36.8032,38.2482,1620.5383
3242.0000,37.2747,38.6710,1621.0387
3243.0000,33.7128,34.9935,1621.5350
3244.0000,35.3364,37.1937,1622.0372
3245.0000,34.6117,35.9684,1622.5360
3246.0000,34.9406,36.2740,1623.0363
3247.0000,33.5876,34.8400,1623.5348
3248.0000,13.1208,14.8809,1624.0149
3249.0000,33.1449,35.2691,1624.5353
3250.0000,33.7273,34.7910,1625.0348
3251.0000,34.2913,35.5785,1625.5356
3252.0000,35.1065,36.4641,1626.0365
3253.0000,34.7750,36.1358,1626.5361
3254.0000,34.7330,36.0601,1627.0361
3255.0000,34.6911,36.0220,1627.5360
3256.0000,34.6633,35.9845,1628.0360
3257.0000,34.7289,35.8670,1628.5359
3258.0000,35.4445,36.7719,1629.0368
3259.0000,33.7590,34.8290,1629.5348
3260.0000,34.9729,36.8198,1630.0368
3261.0000,34.9357,35.9534,1630.5360
3262.0000,35.8425,37.2183,1631.0372
3263.0000,34.6000,35.7280,1631.5357
3264.0000,34.4952,35.8256,1632.0358
3265.0000,34.4375,35.5593,1632.5356
3266.0000,35.1904,36.5148,1633.0365
3267.0000,33.2641,34.3252,1633.5343
3268.0000,34.6614,36.5067,1634.0365
3269.0000,34.5004,35.8394,1634.5358
3270.0000,34.7701,36.0999,1635.0361
3271.0000,35.3040,36.6662,1635.5367
3272.0000,36.4947,38.4827,1636.0385
3273.0000,34.6935,36.0304,1636.5360
3274.0000,34.5385,35.6112,1637.0356
3275.0000,22.0150,23.7070,1637.5237
3276.0000,34.9609,36.2866,1638.0363
3277.0000,36.9366,37.9402,1638.5379
3278.0000,37.3534,38.7874,1639.0388
3279.0000,34.8847,36.0388,1639.5360
3280.0000,34.4903,36.3111,1640.0363
3281.0000,34.8847,36.2154,1640.5362
3282.0000,25.7615,26.3948,1641.0264
3283.0000,36.6704,38.6485,1641.5387
3284.0000,28.8430,30.2227,1642.0302
3285.0000,33.5783,34.6455,1642.5346
3286.0000,34.7992,36.6422,1643.0366
3287.0000,34.6705,35.7885,1643.5358
3288.0000,34.6626,35.9852,1644.0360
3289.0000,36.5720,37.8958,1644.5379
3290.0000,37.4040,39.7615,1645.0398
3291.0000,34.1162,35.4683,1645.5355
3292.0000,35.6287,36.7723,1646.0368
3293.0000,34.8531,35.9857,1646.5360
3294.0000,33.6044,34.6868,1647.0347
3295.0000,33.6790,34.9367,1647.5349
3296.0000,35.9535,37.3239,1648.0373
3297.0000,34.6068,35.9494,1648.5360
3298.0000,35.0861,36.4123,1649.0364
3299.0000,36.3265,37.7233,1649.5377
3300.0000,34.5816,35.9563,1650.0360
3301.0000,33.5868,34.8629,1650.5349
3302.0000,35.8071,37.1641,1651.0372
3303.0000,35.3656,36.6210,1651.5366
3304.0000,34.6440,35.9787,1652.0360
3305.0000,34.8192,36.1590,1652.5362
3306.0000,33.5387,34.8029,1653.0348
3307.0000,33.6158,34.8769,1653.5349
3308.0000,33.3820,34.1648,1654.0342
3309.0000,13.4127,14.4996,1654.5145
3310.0000,33.1063,34.9860,1655.0350
3311.0000,33.6950,35.0058,1655.5350
3312.0000,33.0065,33.8342,1656.0338
3313.0000,32.9278,34.2340,1656.5342
3314.0000,18.8323,19.3447,1657.0193
3315.0000,27.4879,28.7466,1657.5287
3316.0000,34.8154,36.6967,1658.0367
3317.0000,34.7911,35.9308,1658.5359
3318.0000,35.1003,36.4613,1659.0365
3319.0000,34.8254,35.8833,1659.5359
3320.0000,34.8102,36.6414,1660.0366
3321.0000,34.6826,35.8219,1660.5358
3322.0000,33.8498,35.1114,1661.0351
3323.0000,33.2592,34.5071,1661.5345
3324.0000,34.7323,36.6271,1662.0366
3325.0000,33.3704,34.6457,1662.5346
3326.0000,34.7501,36.0977,1663.0361
3327.0000,34.6584,36.0216,1663.5360
3328.0000,34.6672,35.9957,1664.0360
3329.0000,34.6714,36.0033,1664.5360
3330.0000,34.8962,36.2338,1665.0362
3331.0000,34.6085,35.7043,1665.5357
3332.0000,35.2850,36.4395,1666.0364
3333.0000,34.7269,36.0533,1666.5361
3334.0000,34.9549,36.3034,1667.0363
3335.0000,34.8091,36.1292,1667.5361
3336.0000,34.6821,36.0184,1668.0360
3337.0000,34.6613,35.9758,1668.5360
3338.0000,34.8175,36.1475,1669.0361
3339.0000,33.0020,34.0057,1669.5340
3340.0000,34.6338,36.4820,1670.0365
3341.0000,34.8219,35.9265,1670.5359
3342.0000,34.1250,35.8137,1671.0358
3343.0000,34.8356,35.9571,1671.5360
3344.0000,35.0916,36.1742,1672.0362
3345.0000,34.6812,36.0171,1672.5360
3346.0000,34.8736,36.1988,1673.0362
3347.0000,33.5882,34.8643,1673.5349
3348.0000,9.5405,11.1747,1674.0112
3349.0000,32.7007,34.2675,1674.5343
3350.0000,32.4606,33.5235,1675.0335
3351.0000,31.5363,32.6163,1675.5326
3352.0000,31.2685,32.4609,1676.0325
3353.0000,32.7998,34.0441,1676.5340
3354.0000,33.0732,34.3445,1677.0343
3355.0000,33.6274,34.8993,1677.5349
3356.0000,36.8705,38.0609,1678.0381
3357.0000,34.7463,36.0765,1678.5361
3358.0000,34.7743,36.6124,1679.0366
3359.0000,15.4622,16.2750,1679.5163
3360.0000,34.7359,36.0909,1680.0361
3361.0000,34.6928,36.1290,1680.5361
3362.0000,35.4386,36.7876,1681.0368
3363.0000,33.7764,35.0281,1681.5350
3364.0000,37.0525,38.4799,1682.0385
3365.0000,34.8839,36.2358,1682.5362
3366.0000,34.7239,36.0368,1683.0360
3367.0000,33.4810,34.7179,1683.5347
3368.0000,34.8647,36.1884,1684.0362
3369.0000,34.6308,35.9894,1684.5360
3370.0000,33.8142,35.0626,1685.0351
3371.0000,35.4672,37.5025,1685.5375
3372.0000,34.6584,36.4945,1686.0365
3373.0000,34.6104,35.9229,1686.5359
3374.0000,34.6664,36.0132,1687.0360
3375.0000,34.9881,36.3078,1687.5363
3376.0000,34.6028,35.9223,1688.0359
3377.0000,34.7470,36.0625,1688.5361
3378.0000,34.9081,36.2686,1689.0363
3379.0000,33.6573,34.8345,1689.5348
3380.0000,34.6273,36.4671,1690.0365
3381.0000,34.6552,35.9859,1690.5360
3382.0000,34.6969,36.0196,1691.0360
3383.0000,34.7040,36.0167,1691.5360
3384.0000,34.6225,35.9494,1692.0360
3385.0000,34.6801,35.9896,1692.5360
3386.0000,35.1065,36.4483,1693.0364
3387.0000,33.3613,34.6102,1693.5346
3388.0000,34.7010,36.0219,1694.0360
3389.0000,34.5398,35.8541,1694.5359
3390.0000,34.5994,35.9318,1695.0359
3391.0000,34.7306,35.8462,1695.5358
3392.0000,33.3492,34.6006,1696.0346
3393.0000,34.6531,35.8317,1696.5358
3394.0000,34.9178,36.2486,1697.0362
3395.0000,34.6757,36.0159,1697.5360
3396.0000,34.7419,36.0686,1698.0361
3397.0000,36.7896,37.9983,1698.5380
3398.0000,36.5130,38.8143,1699.0388
3399.0000,34.7013,36.0830,1699.5361
3400.0000,34.7911,36.6329,1700.0366
3401.0000,34.3668,35.6011,1700.5356
3402.0000,35.1720,37.0100,1701.0370
3403.0000,33.4548,34.7080,1701.5347
3404.0000,34.8802,36.2046,1702.0362
3405.0000,34.6167,35.6513,1702.5357
3406.0000,34.6429,35.9190,1703.0359
3407.0000,34.7603,35.9175,1703.5359
3408.0000,33.5312,34.7866,1704.0348
3409.0000,34.6385,35.9596,1704.5360
3410.0000,35.0686,36.4068,1705.0364
3411.0000,36.1526,36.4960,1705.5365
3412.0000,37.1576,39.3768,1706.0394
3413.0000,34.6488,35.7636,1706.5358
3414.0000,34.6116,35.9351,1707.0359
3415.0000,34.7885,36.1166,1707.5361
3416.0000,34.6989,36.0186,1708.0360
3417.0000,34.7138,36.0292,1708.5360
3418.0000,35.1063,36.4269,1709.0364
3419.0000,33.5429,34.8028,1709.5348
3420.0000,34.7559,36.5971,1710.0366
3421.0000,35.0507,36.3594,1710.5364
3422.0000,34.7219,36.0362,1711.0360
3423.0000,34.7165,36.0400,1711.5360
3424.0000,34.7187,36.0444,1712.0360
3425.0000,34.6946,36.0118,1712.5360
3426.0000,34.7834,36.1032,1713.0361
3427.0000,33.4128,34.6766,1713.5347
3428.0000,34.6471,35.9611,1714.0360
3429.0000,34.6711,35.9808,1714.5360
3430.0000,33.2362,34.4848,1715.0345
3431.0000,34.8646,36.1875,1715.5362
3432.0000,34.6295,36.4636,1716.0365
3433.0000,34.6302,35.9510,1716.5360
3434.0000,34.8402,36.1701,1717.0362
3435.0000,33.2718,34.4687,1717.5345
3436.0000,34.9195,36.0876,1718.0361
3437.0000,34.5151,35.8365,1718.5358
3438.0000,34.9178,36.0401,1719.0360
3439.0000,34.7012,36.0166,1719.5360
3440.0000,34.7136,36.0378,1720.0360
3441.0000,35.0364,36.3507,1720.5364
3442.0000,35.1734,36.4985,1721.0365
3443.0000,33.6011,34.8635,1721.5349
3444.0000,35.2894,36.6557,1722.0367
3445.0000,34.7356,35.8345,1722.5358
3446.0000,37.4482,38.7215,1723.0387
3447.0000,34.7614,35.6126,1723.5356
3448.0000,9.1724,10.5510,1724.0105
3449.0000,31.6663,33.1424,1724.5331
3450.0000,32.6882,33.9448,1725.0339
3451.0000,34.0540,35.3461,1725.5353
3452.0000,35.2170,36.6083,1726.0366
3453.0000,34.8997,36.2557,1726.5363
3454.0000,34.6635,36.0233,1727.0360
3455.0000,33.8213,35.1054,1727.5351
3456.0000,35.3429,36.7038,1728.0367
3457.0000,34.8860,36.2082,1728.5362
3458.0000,33.6954,34.9484,1729.0349
3459.0000,34.7477,36.0978,1729.5361
3460.0000,34.6929,36.5415,1730.0365
3461.0000,34.5687,35.6829,1730.5357
3462.0000,37.2198,39.1873,1731.0392
3463.0000,33.3364,34.6222,1731.5346
3464.0000,35.5653,36.7105,1732.0367
3465.0000,34.7574,36.0800,1732.5361
3466.0000,33.8876,35.1402,1733.0351
3467.0000,33.5466,34.8245,1733.5348
3468.0000,34.8700,36.0098,1734.0360
3469.0000,34.8435,35.1642,1734.5352
3470.0000,34.6545,35.9724,1735.0360
3471.0000,35.1890,35.5269,1735.5355
3472.0000,34.6249,36.0110,1736.0360
3473.0000,33.3983,34.6693,1736.5347
3474.0000,34.8875,36.2054,1737.0362
3475.0000,35.0781,36.4171,1737.5364
3476.0000,34.5361,35.8558,1738.0359
3477.0000,34.4762,35.8083,1738.5358
3478.0000,33.4165,34.6754,1739.0347
3479.0000,21.3456,21.9201,1739.5219
3480.0000,34.8212,36.6886,1740.0367
3481.0000,34.7225,36.0592,1740.5361
3482.0000,36.1293,37.5116,1741.0375
3483.0000,33.5816,34.8703,1741.5349
3484.0000,35.0358,36.3764,1742.0364
3485.0000,34.6514,36.0093,1742.5360
3486.0000,34.7395,36.5780,1743.0366
3487.0000,34.6637,35.8045,1743.5358
3488.0000,34.8474,36.1773,1744.0362
3489.0000,34.7030,36.0442,1744.5360
3490.0000,34.8110,36.2122,1745.0362
3491.0000,26.5652,27.3997,1745.5274
3492.0000,34.9375,36.2854,1746.0363
3493.0000,21.7314,22.8226,1746.5228
3494.0000,37.1006,39.2956,1747.0393
3495.0000,34.4749,35.4959,1747.5355
3496.0000,34.9484,36.2953,1748.0363
3497.0000,34.5283,35.8725,1748.5359
3498.0000,35.2407,36.5623,1749.0366
3499.0000,33.7039,34.7454,1749.5347
3500.0000,34.8059,36.6510,1750.0367
3501.0000,34.7814,36.1118,1750.5361
3502.0000,34.8751,36.2260,1751.0362
3503.0000,34.6934,35.0962,1751.5351
3504.0000,34.8040,36.1501,1752.0362
3505.0000,34.6093,35.7549,1752.5358
3506.0000,35.0861,36.4148,1753.0364
3507.0000,33.5340,34.3318,1753.5343
3508.0000,34.7355,36.5745,1754.0366
3509.0000,34.6347,35.9702,1754.5360
3510.0000,34.7617,36.1080,1755.0361
3511.0000,33.8342,34.9433,1755.5349
3512.0000,34.6536,35.9928,1756.0360
3513.0000,35.9740,37.0756,1756.5371
3514.0000,35.4168,37.2692,1757.0373
3515.0000,26.6257,27.1078,1757.5271
3516.0000,33.6678,35.4123,1758.0354
3517.0000,34.8175,36.1495,1758.5362
3518.0000,36.3531,37.7745,1759.0378
3519.0000,34.8752,36.0250,1759.5360
3520.0000,27.1896,28.5372,1760.0285
3521.0000,34.7465,35.8728,1760.5359
3522.0000,35.0601,36.3933,1761.0364
3523.0000,33.7094,34.8134,1761.5348
3524.0000,34.6824,35.8063,1762.0358
3525.0000,34.6178,35.9493,1762.5360
3526.0000,34.8031,35.9986,1763.0360
3527.0000,34.6700,36.0232,1763.5360
3528.0000,34.9017,36.2678,1764.0363
3529.0000,34.7716,36.1041,1764.5361
3530.0000,37.2536,38.7481,1765.0388
3531.0000,34.3475,35.3803,1765.5354
3532.0000,34.4821,35.5795,1766.0356
3533.0000,33.3256,33.5804,1766.5336
3534.0000,35.9620,37.2281,1767.0372
3535.0000,35.2539,36.6149,1767.5366
3536.0000,33.4734,34.7338,1768.0347
3537.0000,33.4006,34.6592,1768.5347
3538.0000,34.9334,36.2625,1769.0363
3539.0000,33.9641,35.2339,1769.5352
3540.0000,33.4402,34.5125,1770.0345
3541.0000,35.0505,36.1657,1770.5362
3542.0000,36.2958,37.6604,1771.0377
3543.0000,34.7758,36.1111,1771.5361
3544.0000,33.4993,34.7511,1772.0347
3545.0000,28.6163,29.9054,1772.5299
3546.0000,13.3160,16.0133,1773.0160
3547.0000,33.5297,34.5727,1773.5346
3548.0000,12.1077,13.6266,1774.0136
3549.0000,32.9830,35.2153,1774.5352
3550.0000,33.0829,34.1462,1775.0341
3551.0000,33.0428,34.2575,1775.5343
3552.0000,19.1583,21.1301,1776.0211
3553.0000,34.6082,36.8589,1776.5370
3554.0000,35.3110,36.1696,1777.0362
3555.0000,36.7288,37.1515,1777.5372
3556.0000,37.1875,39.6324,1778.0396
3557.0000,34.7008,36.0140,1778.5360
3558.0000,34.7081,36.0187,1779.0360
3559.0000,33.4478,34.5128,1779.5345
3560.0000,35.9304,37.2857,1780.0373
3561.0000,34.6212,35.6853,1780.5357
3562.0000,35.0936,36.4059,1781.0364
3563.0000,33.4922,34.5338,1781.5345
3564.0000,34.8073,36.1330,1782.0361
3565.0000,34.7594,36.1100,1782.5361
3566.0000,35.5240,37.4152,1783.0374
3567.0000,34.4491,35.5821,1783.5356
3568.0000,34.6077,35.9358,1784.0359
3569.0000,34.6574,35.9828,1784.5360
3570.0000,34.9659,36.2851,1785.0363
3571.0000,35.4039,36.5494,1785.5366
3572.0000,36.9479,38.4010,1786.0384
3573.0000,34.6794,36.0524,1786.5361
3574.0000,34.8914,36.1009,1787.0361
3575.0000,34.9293,35.9609,1787.5360
3576.0000,34.6882,35.8596,1788.0359
3577.0000,34.4033,35.4930,1788.5355
3578.0000,34.9301,36.2627,1789.0363
3579.0000,33.4789,34.2681,1789.5343
3580.0000,33.5466,34.8079,1790.0348
3581.0000,35.1698,36.5110,1790.5365
3582.0000,31.8514,32.6620,1791.0327
3583.0000,34.9694,35.3177,1791.5353
3584.0000,35.1763,36.3078,1792.0363
3585.0000,34.7512,36.0866,1792.5361
3586.0000,33.7170,34.7501,1793.0347
3587.0000,33.6488,33.9590,1793.5340
3588.0000,35.1331,36.2942,1794.0363
3589.0000,36.4924,37.8863,1794.5379
3590.0000,34.8030,35.9164,1795.0359
3591.0000,35.8585,37.0129,1795.5370
3592.0000,37.2264,39.3202,1796.0393
3593.0000,33.3707,34.4660,1796.5345
3594.0000,34.2711,35.5357,1797.0355
3595.0000,34.1697,35.2059,1797.5352
3596.0000,36.0577,37.4578,1798.0375
3597.0000,34.4070,35.5284,1798.5355
3598.0000,33.5094,34.7711,1799.0348
3599.0000,28.1000,28.4573,1799.5285
3600.0000,33.7557,35.3164,1800.0353
3601.0000,35.7424,37.0800,1800.5371
3602.0000,36.0948,37.5285,1801.0375
3603.0000,29.8260,30.4276,1801.5304
3604.0000,37.0849,38.3669,1802.0384
3605.0000,33.9873,35.2059,1802.5352
3606.0000,37.1219,38.3814,1803.0384
3607.0000,35.2851,36.4174,1803.5364
3608.0000,33.4476,34.7061,1804.0347
3609.0000,10.8946,12.7864,1804.5128
3610.0000,33.0932,35.0478,1805.0350
3611.0000,34.1157,35.3263,1805.5353
3612.0000,34.0721,35.3769,1806.0354
3613.0000,35.8459,37.2156,1806.5372
3614.0000,34.6341,35.9796,1807.0360
3615.0000,35.2421,36.3689,1807.5364
3616.0000,33.7344,34.9995,1808.0350
3617.0000,34.7951,36.1202,1808.5361
3618.0000,34.8492,36.2091,1809.0362
3619.0000,35.3995,37.2524,1809.5373
3620.0000,34.9736,36.3500,1810.0364
3621.0000,34.6285,35.9420,1810.5359
3622.0000,36.8964,38.3103,1811.0383
3623.0000,33.9314,34.3260,1811.5343
3624.0000,35.5001,37.6592,1812.0377
3625.0000,34.4034,35.7377,1812.5357
3626.0000,33.7516,35.0169,1813.0350
3627.0000,36.5331,37.8983,1813.5379
3628.0000,33.6133,34.8878,1814.0349
3629.0000,35.3978,36.7576,1814.5368
3630.0000,34.5627,35.9392,1815.0359
3631.0000,34.9165,36.2569,1815.5363
3632.0000,33.8451,35.1147,1816.0351
3633.0000,27.0756,27.6276,1816.5276
3634.0000,37.4031,40.5512,1817.0406
3635.0000,33.6883,34.9440,1817.5349
3636.0000,33.4441,34.6960,1818.0347
3637.0000,35.9509,37.1204,1818.5371
3638.0000,37.1485,39.3030,1819.0393
3639.0000,34.7386,36.6024,1819.5366
3640.0000,33.7546,35.0115,1820.0350
3641.0000,35.0401,36.3771,1820.5364
3642.0000,35.4296,37.2737,1821.0373
3643.0000,34.0288,35.0874,1821.5351
3644.0000,35.9143,37.2355,1822.0372
3645.0000,34.6547,35.9802,1822.5360
3646.0000,34.5760,36.4128,1823.0364
3647.0000,34.7211,36.0440,1823.5360
3648.0000,19.0106,20.5502,1824.0205
3649.0000,34.7559,37.0225,1824.5370
3650.0000,35.1315,36.2065,1825.0362
3651.0000,33.4628,34.6124,1825.5346
3652.0000,34.4257,35.7161,1826.0357
3653.0000,35.5658,36.7065,1826.5367
3654.0000,34.4409,35.7819,1827.0358
3655.0000,34.8376,36.1649,1827.5362
3656.0000,34.6722,36.5170,1828.0365
3657.0000,34.6650,35.9888,1828.5360
3658.0000,35.2501,36.5865,1829.0366
3659.0000,34.7293,36.1070,1829.5361
3660.0000,34.6152,35.9925,1830.0362
3661.0000,34.8633,35.9620,1830.5360
3662.0000,35.5478,36.6880,1831.0367
3663.0000,33.4279,34.4673,1831.5345
3664.0000,33.8946,34.9416,1832.0349
3665.0000,33.7823,34.8047,1832.5348
3666.0000,14.7856,14.9622,1833.0150
3667.0000,34.9692,36.3315,1833.5363
3668.0000,35.2251,36.0206,1834.0360
3669.0000,34.5990,35.8702,1834.5359
3670.0000,18.6270,19.6747,1835.0197
3671.0000,36.4373,38.4608,1835.5385
3672.0000,36.1881,37.5590,1836.0376
3673.0000,34.8710,35.9799,1836.5360
3674.0000,33.8336,35.0857,1837.0351
3675.0000,33.2983,34.5484,1837.5345
3676.0000,28.7467,29.7835,1838.0298
3677.0000,36.8736,38.0556,1838.5381
3678.0000,35.2204,36.6868,1839.0367
3679.0000,34.6099,35.9423,1839.5359
3680.0000,34.6272,35.7387,1840.0357
3681.0000,36.2494,37.6278,1840.5376
3682.0000,36.4816,37.6997,1841.0377
3683.0000,33.8556,34.9245,1841.5349
3684.0000,35.5651,36.6899,1842.0367
3685.0000,34.6809,36.0612,1842.5361
3686.0000,35.0558,36.1383,1843.0361
3687.0000,18.4655,20.2939,1843.5203
3688.0000,35.5239,38.3324,1844.0383
3689.0000,34.4746,35.8013,1844.5358
3690.0000,35.1319,36.4932,1845.0365
3691.0000,33.5574,34.8320,1845.5348
3692.0000,35.3048,36.7041,1846.0367
3693.0000,34.5776,35.6798,1846.5357
3694.0000,36.2222,37.7793,1847.0378
3695.0000,34.7334,36.0662,1847.5361
3696.0000,34.9075,36.2391,1848.0362
3697.0000,34.6089,35.9681,1848.5360
3698.0000,37.4292,38.9749,1849.0390
3699.0000,33.3714,34.6355,1849.5346
3700.0000,34.6158,35.9948,1850.0360
3701.0000,35.0062,36.1177,1850.5361
3702.0000,34.2924,35.5274,1851.0355
3703.0000,34.8250,35.9726,1851.5360
3704.0000,34.4912,35.8242,1852.0358
3705.0000,33.8032,34.9439,1852.5349
3706.0000,35.1063,36.4401,1853.0364
3707.0000,33.5734,34.8398,1853.5348
3708.0000,33.6105,34.8733,1854.0349
3709.0000,34.8086,35.9158,1854.5359
3710.0000,34.7340,36.0858,1855.0361
3711.0000,34.6523,35.9750,1855.5360
3712.0000,35.1113,36.5210,1856.0365
3713.0000,34.4491,35.5686,1856.5356
3714.0000,35.0307,36.3685,1857.0364
3715.0000,33.3388,34.5780,1857.5346
3716.0000,35.5092,36.6585,1858.0367
3717.0000,34.7289,36.0675,1858.5361
3718.0000,34.7741,35.8839,1859.0359
3719.0000,36.7996,38.2420,1859.5383
3720.0000,34.5684,36.4282,1860.0364
3721.0000,34.7756,35.8832,1860.5359
3722.0000,37.0433,39.0970,1861.0391
3723.0000,33.3884,34.4520,1861.5344
3724.0000,37.2126,38.7205,1862.0387
3725.0000,34.6767,36.0180,1862.5360
3726.0000,34.7658,36.1362,1863.0361
3727.0000,33.4508,34.7033,1863.5347
3728.0000,34.8368,36.1684,1864.0362
3729.0000,33.4182,34.4545,1864.5345
3730.0000,35.0184,36.0463,1865.0360
3731.0000,33.2994,34.3598,1865.5344
3732.0000,35.3248,37.1814,1866.0372
3733.0000,33.3841,34.4001,1866.5344
3734.0000,34.6612,36.0129,1867.0360
3735.0000,33.6995,34.9634,1867.5350
3736.0000,34.6782,35.9953,1868.0360
3737.0000,34.5946,35.6310,1868.5356
3738.0000,34.9953,36.0062,1869.0360
3739.0000,33.6256,34.6959,1869.5347
3740.0000,33.7256,34.9778,1870.0350
3741.0000,33.6307,34.8860,1870.5349
3742.0000,36.6829,38.5823,1871.0386
3743.0000,35.5030,36.8112,1871.5368
3744.0000,33.9524,35.0482,1872.0350
3745.0000,33.5767,34.6580,1872.5347
3746.0000,36.2238,37.0279,1873.0370
3747.0000,33.5435,34.6174,1873.5346
3748.0000,9.5685,10.9162,1874.0109
3749.0000,32.4955,34.5172,1874.5345
3750.0000,31.2469,32.2555,1875.0323
3751.0000,33.0081,34.2806,1875.5343
3752.0000,31.9235,33.1956,1876.0332
3753.0000,32.9589,33.7979,1876.5338
3754.0000,32.9281,33.7531,1877.0338
3755.0000,33.4228,34.8832,1877.5349
3756.0000,34.7513,36.0743,1878.0361
3757.0000,34.7536,35.8717,1878.5359
3758.0000,37.3024,39.3170,1879.0393
3759.0000,34.7477,35.8677,1879.5359
3760.0000,34.8313,36.1519,1880.0362
3761.0000,34.7466,36.0782,1880.5361
3762.0000,35.0616,36.3875,1881.0364
3763.0000,33.6406,34.9031,1881.5349
3764.0000,34.7375,36.0565,1882.0361
3765.0000,34.6059,35.9301,1882.5359
3766.0000,35.5057,36.6903,1883.0367
3767.0000,33.4031,34.6848,1883.5347
3768.0000,34.8961,36.2314,1884.0362
3769.0000,34.5529,35.8806,1884.5359
3770.0000,37.3374,38.7842,1885.0388
3771.0000,33.5325,34.8100,1885.5348
3772.0000,36.2842,37.6519,1886.0377
3773.0000,34.8841,35.9976,1886.5360
3774.0000,34.7610,36.0953,1887.0361
3775.0000,34.6191,35.9641,1887.5360
3776.0000,34.7519,36.0716,1888.0361
3777.0000,34.5997,35.9272,1888.5359
3778.0000,34.7452,36.0781,1889.0361
3779.0000,33.4836,33.7989,1889.5338
3780.0000,34.8105,36.1734,1890.0362
3781.0000,34.6445,35.9569,1890.5360
3782.0000,36.0111,37.2028,1891.0372
3783.0000,33.8440,35.1166,1891.5351
3784.0000,34.9121,36.7617,1892.0368
3785.0000,34.4394,35.7749,1892.5358
3786.0000,35.1627,36.4838,1893.0365
3787.0000,32.2214,33.2514,1893.5333
3788.0000,36.6947,37.9107,1894.0379
3789.0000,34.6887,35.0978,1894.5351
3790.0000,34.8267,36.1674,1895.0362
3791.0000,34.6231,35.9530,1895.5360
3792.0000,34.9375,36.7920,1896.0368
3793.0000,34.5923,35.9581,1896.5360
3794.0000,35.2509,36.5949,1897.0366
3795.0000,33.4948,34.7705,1897.5348
3796.0000,37.6601,38.9068,1898.0389
3797.0000,34.4642,35.8000,1898.5358
3798.0000,33.9045,35.1775,1899.0352
3799.0000,34.7247,36.0984,1899.5361
3800.0000,34.7089,36.0583,1900.0361
3801.0000,34.6709,35.8363,1900.5358
3802.0000,35.1346,35.9936,1901.0360
3803.0000,32.7776,33.7961,1901.5338
3804.0000,35.6737,37.8844,1902.0379
3805.0000,34.6945,36.0292,1902.5360
3806.0000,34.6824,36.0262,1903.0360
3807.0000,34.6736,35.9979,1903.5360
3808.0000,34.6504,35.9746,1904.0360
3809.0000,34.6969,36.0251,1904.5360
3810.0000,35.0480,36.3714,1905.0364
3811.0000,34.8224,36.1579,1905.5362
3812.0000,34.8109,36.1966,1906.0362
3813.0000,34.6496,36.0046,1906.5360
3814.0000,34.6740,35.9998,1907.0360
3815.0000,37.4972,38.6951,1907.5387
3816.0000,35.2532,37.3324,1908.0373
3817.0000,34.8006,36.1163,1908.5361
3818.0000,35.1348,36.4753,1909.0365
3819.0000,33.5439,34.5953,1909.5346
3820.0000,34.8744,36.7165,1910.0367
3821.0000,32.2721,33.2361,1910.5332
3822.0000,37.1134,39.2179,1911.0392
3823.0000,34.8266,36.1766,1911.5362
3824.0000,32.1419,33.2417,1912.0332
3825.0000,37.0467,38.3016,1912.5383
3826.0000,37.0399,38.4768,1913.0385
3827.0000,33.6320,34.9154,1913.5349
3828.0000,35.3060,36.6719,1914.0367
3829.0000,34.5553,36.1182,1914.5361
3830.0000,34.6615,36.0062,1915.0360
3831.0000,35.6232,36.7144,1915.5367
3832.0000,36.7434,38.1706,1916.0382
3833.0000,34.6554,35.8016,1916.5358
3834.0000,35.1756,36.4969,1917.0365
3835.0000,33.3393,34.5915,1917.5346
3836.0000,34.6776,36.0431,1918.0360
3837.0000,34.9966,36.3261,1918.5363
3838.0000,34.7094,36.0444,1919.0360
3839.0000,26.4847,27.3001,1919.5273
3840.0000,34.9547,36.1139,1920.0361
3841.0000,25.7826,26.0188,1920.5260
3842.0000,38.0432,39.4891,1921.0395
3843.0000,32.6595,33.9611,1921.5340
3844.0000,35.4041,37.2633,1922.0373
3845.0000,34.7428,36.0707,1922.5361
3846.0000,34.8883,36.2113,1923.0362
3847.0000,34.5145,35.6352,1923.5356
3848.0000,24.9770,26.0793,1924.0261
3849.0000,18.9290,20.8580,1924.5209
3850.0000,35.5650,37.5920,1925.0376
3851.0000,34.5573,35.6430,1925.5356
3852.0000,30.5000,31.7781,1926.0318
3853.0000,34.4727,35.5922,1926.5356
3854.0000,34.7660,36.0967,1927.0361
3855.0000,34.7538,35.5987,1927.5356
3856.0000,34.8997,36.0373,1928.0360
3857.0000,34.6707,35.9996,1928.5360
3858.0000,35.0715,36.3967,1929.0364
3859.0000,33.7341,35.1731,1929.5352
3860.0000,34.7933,36.1143,1930.0361
3861.0000,34.4198,35.7435,1930.5357
3862.0000,29.5802,30.1428,1931.0301
3863.0000,33.6106,35.3444,1931.5353
3864.0000,36.3030,37.5432,1932.0375
3865.0000,34.7068,36.0535,1932.5361
3866.0000,35.2271,36.3658,1933.0364
3867.0000,33.2852,34.5496,1933.5345
3868.0000,34.9541,36.2852,1934.0363
3869.0000,34.7016,36.0362,1934.5360
3870.0000,35.0000,36.4386,1935.0364
3871.0000,34.3380,35.4850,1935.5355
3872.0000,23.3386,24.6418,1936.0246
3873.0000,24.7542,25.8141,1936.5258
3874.0000,25.7413,26.9867,1937.0270
3875.0000,33.3013,34.5404,1937.5345
3876.0000,34.3374,35.6624,1938.0357
3877.0000,34.8941,35.9726,1938.5360
3878.0000,36.9624,39.1449,1939.0392
3879.0000,33.4069,34.6675,1939.5347
3880.0000,34.6563,35.9775,1940.0360
3881.0000,24.2962,25.6177,1940.5256
3882.0000,36.9345,38.9637,1941.0390
3883.0000,33.4126,34.6904,1941.5347
3884.0000,34.8206,36.1562,1942.0362
3885.0000,34.6624,35.7661,1942.5358
3886.0000,34.6591,35.9908,1943.0360
3887.0000,34.4654,35.7846,1943.5358
3888.0000,34.6069,35.9211,1944.0359
3889.0000,37.2614,38.6262,1944.5386
3890.0000,35.5776,37.4382,1945.0374
3891.0000,33.3911,34.8396,1945.5348
3892.0000,36.2926,37.6593,1946.0377
3893.0000,34.1710,35.5488,1946.5356
3894.0000,30.8559,31.6740,1947.0317
3895.0000,32.1836,33.4593,1947.5335
3896.0000,31.8853,33.1252,1948.0331
3897.0000,32.0692,33.3198,1948.5333
3898.0000,34.7321,36.0417,1949.0361
3899.0000,35.1565,36.5337,1949.5365
3900.0000,33.5341,34.5742,1950.0346
3901.0000,34.5707,35.9068,1950.5359
3902.0000,35.4101,36.6192,1951.0366
3903.0000,34.6565,36.0018,1951.5360
3904.0000,34.7519,35.8772,1952.0359
3905.0000,34.6089,35.9396,1952.5359
3906.0000,35.1414,36.5364,1953.0365
3907.0000,33.3070,34.5680,1953.5346
3908.0000,34.8167,36.1735,1954.0362
3909.0000,12.3063,14.4090,1954.5144
3910.0000,33.9162,36.0552,1955.0361
3911.0000,33.0668,34.3434,1955.5343
3912.0000,32.1884,33.2910,1956.0333
3913.0000,34.8980,36.3470,1956.5364
3914.0000,33.7048,35.0431,1957.0350
3915.0000,33.3366,34.6044,1957.5346
3916.0000,34.6790,35.9979,1958.0360
3917.0000,28.7934,29.4408,1958.5294
3918.0000,36.9760,39.2626,1959.0393
3919.0000,34.7489,36.0796,1959.5361
3920.0000,33.6572,34.9084,1960.0349
3921.0000,34.7694,36.0983,1960.5361
3922.0000,33.8552,35.1058,1961.0351
3923.0000,34.8142,36.1420,1961.5361
3924.0000,34.9084,36.2525,1962.0363
3925.0000,34.5971,35.9230,1962.5359
3926.0000,34.7312,36.1023,1963.0361
3927.0000,34.7011,36.0285,1963.5360
3928.0000,34.9239,36.2386,1964.0362
3929.0000,34.7201,35.7448,1964.5357
3930.0000,37.5160,38.9305,1965.0389
3931.0000,33.9727,35.0430,1965.5350
3932.0000,35.6614,37.1113,1966.0371
3933.0000,34.6896,35.8205,1966.5358
3934.0000,34.9357,36.2923,1967.0363
3935.0000,34.6514,35.9786,1967.5360
3936.0000,34.8316,36.6686,1968.0367
3937.0000,33.8265,34.8922,1968.5349
3938.0000,36.5363,37.9569,1969.0380
3939.0000,33.8994,34.9714,1969.5350
3940.0000,35.8555,37.7324,1970.0377
3941.0000,33.3562,34.4146,1970.5344
3942.0000,36.9875,39.1147,1971.0391
3943.0000,33.2965,34.5678,1971.5346
3944.0000,35.1406,36.2116,1972.0362
3945.0000,36.0471,37.4197,1972.5374
3946.0000,37.3527,38.5898,1973.0386
3947.0000,34.0929,35.2091,1973.5352
3948.0000,33.6361,34.6898,1974.0347
3949.0000,11.7034,13.5438,1974.5135
3950.0000,33.8436,35.7645,1975.0358
3951.0000,32.7063,33.7432,1975.5337
3952.0000,32.7272,33.7844,1976.0338
3953.0000,31.6335,32.8440,1976.5328
3954.0000,34.4054,35.8311,1977.0358
3955.0000,33.3546,34.6134,1977.5346
3956.0000,34.8733,36.2479,1978.0363
3957.0000,34.6837,35.7683,1978.5358
3958.0000,34.6429,35.7614,1979.0358
3959.0000,16.0849,16.5009,1979.5165
3960.0000,35.9454,38.0447,1980.0380
3961.0000,34.5453,35.9084,1980.5359
3962.0000,37.4127,38.8093,1981.0388
3963.0000,33.6152,34.8685,1981.5349
3964.0000,35.8931,37.7729,1982.0378
3965.0000,34.6797,36.0025,1982.5360
3966.0000,34.9401,36.7771,1983.0368
3967.0000,34.6958,36.0194,1983.5360
3968.0000,34.5609,35.8753,1984.0359
3969.0000,34.6720,35.9987,1984.5360
3970.0000,34.9685,36.2910,1985.0363
3971.0000,33.2378,34.4936,1985.5345
3972.0000,35.6249,37.5017,1986.0375
3973.0000,34.9052,36.0154,1986.5360
3974.0000,34.6896,35.7762,1987.0358
3975.0000,34.6655,35.9891,1987.5360
3976.0000,34.6590,36.0066,1988.0360
3977.0000,34.5757,35.9061,1988.5359
3978.0000,29.5265,29.9021,1989.0299
3979.0000,33.4336,35.2408,1989.5352
3980.0000,36.1637,38.0952,1990.0381
3981.0000,34.6221,35.7401,1990.5357
3982.0000,36.3197,37.7143,1991.0377
3983.0000,34.8197,36.1538,1991.5362
3984.0000,34.8890,36.2195,1992.0362
3985.0000,34.7013,36.0312,1992.5360
3986.0000,35.1611,36.4842,1993.0365
3987.0000,36.0881,37.2254,1993.5372
3988.0000,34.5995,35.7559,1994.0358
3989.0000,34.6130,35.7778,1994.5358
3990.0000,33.6357,34.9040,1995.0349
3991.0000,34.7240,36.2151,1995.5362
3992.0000,35.7902,37.6988,1996.0377
3993.0000,34.8000,35.9336,1996.5359
3994.0000,35.3147,36.6468,1997.0366
3995.0000,33.8383,35.0531,1997.5351
3996.0000,34.9295,36.7828,1998.0368
3997.0000,34.6859,36.0289,1998.5360
3998.0000,37.4444,39.0478,1999.0391
3999.0000,34.8755,36.2302,1999.5362
4000.0000,34.8923,36.2179,2000.0362
4001.0000,34.7774,36.1091,2000.5361
4002.0000,35.4860,36.6147,2001.0366
4003.0000,27.5844,28.8404,2001.5288
4004.0000,37.3379,38.6201,2002.0386
4005.0000,37.0157,38.2417,2002.5382
4006.0000,34.0744,35.1395,2003.0351
4007.0000,34.1342,35.3270,2003.5353
4008.0000,34.8005,36.6669,2004.0367
4009.0000,34.7176,36.0442,2004.5360
4010.0000,36.8779,38.7837,2005.0388
4011.0000,33.3839,34.6624,2005.5347
4012.0000,36.6806,38.0772,2006.0381
4013.0000,34.6951,35.8456,2006.5358
4014.0000,34.8493,36.1851,2007.0362
4015.0000,36.4906,37.7779,2007.5378
4016.0000,36.7009,38.6222,2008.0386
4017.0000,34.6468,35.7816,2008.5358
4018.0000,33.9158,35.1628,2009.0352
4019.0000,33.4547,34.7090,2009.5347
4020.0000,35.3523,36.7029,2010.0367
4021.0000,34.6710,35.8310,2010.5358
4022.0000,34.7753,36.0888,2011.0361
4023.0000,34.6038,35.9770,2011.5360
4024.0000,36.8251,38.7353,2012.0387
4025.0000,34.7075,36.0308,2012.5360
4026.0000,35.0916,36.4134,2013.0364
4027.0000,33.4392,34.4871,2013.5345
4028.0000,34.8574,36.2087,2014.0362
4029.0000,34.5859,35.9231,2014.5359
4030.0000,34.7654,36.0779,2015.0361
4031.0000,34.7164,36.0386,2015.5360
4032.0000,35.5304,36.8633,2016.0370
4033.0000,34.5561,35.8817,2016.5359
4034.0000,35.0986,36.4094,2017.0364
4035.0000,33.3881,34.6347,2017.5346
4036.0000,34.2001,35.3230,2018.0353
4037.0000,33.4229,34.6930,2018.5347
4038.0000,37.5618,39.1854,2019.0392
4039.0000,34.8828,36.2731,2019.5363
4040.0000,34.7961,36.1565,2020.0362
4041.0000,33.3326,34.6028,2020.5346
4042.0000,34.9942,36.3281,2021.0363
4043.0000,33.3929,34.6633,2021.5347
4044.0000,34.7552,35.8718,2022.0359
4045.0000,34.6606,35.9920,2022.5360
4046.0000,34.4977,35.5388,2023.0355
4047.0000,34.6709,36.0486,2023.5361
4048.0000,12.8062,14.1224,2024.0141
4049.0000,33.0520,35.1243,2024.5351
4050.0000,33.5462,34.3581,2025.0344
4051.0000,33.5181,34.7862,2025.5348
4052.0000,35.7671,37.1314,2026.0371
4053.0000,34.5050,35.8444,2026.5358
4054.0000,34.8055,36.1926,2027.0362
4055.0000,34.7427,36.0916,2027.5361
4056.0000,35.4099,36.7500,2028.0368
4057.0000,33.5736,34.8332,2028.5348
4058.0000,35.6794,37.0113,2029.0370
4059.0000,33.7430,34.9979,2029.5350
4060.0000,34.9543,36.8042,2030.0368
4061.0000,34.6469,36.0177,2030.5360
4062.0000,37.1455,38.4092,2031.0384
4063.0000,33.4310,34.7002,2031.5347
4064.0000,35.7432,37.1421,2032.0371
4065.0000,34.6146,35.9350,2032.5359
4066.0000,35.0346,36.3726,2033.0364
4067.0000,33.3436,34.5941,2033.5346
4068.0000,33.6988,34.9458,2034.0349
4069.0000,34.8230,36.1529,2034.5362
4070.0000,34.8114,36.0103,2035.0360
4071.0000,34.5873,35.9039,2035.5359
4072.0000,34.5422,35.8077,2036.0358
4073.0000,34.7192,36.0515,2036.5361
4074.0000,35.2218,36.5495,2037.0366
4075.0000,34.5506,35.8673,2037.5359
4076.0000,35.0772,36.4170,2038.0364
4077.0000,34.3151,35.5962,2038.5356
4078.0000,34.6942,36.5259,2039.0365
4079.0000,31.0299,31.6035,2039.5316
4080.0000,36.1380,38.8918,2040.0389
4081.0000,34.8309,36.1591,2040.5362
4082.0000,37.0177,39.1476,2041.0392
4083.0000,34.6313,36.4651,2041.5365
4084.0000,34.6485,35.9757,2042.0360
4085.0000,34.9793,36.3188,2042.5363
4086.0000,34.6553,36.0191,2043.0360
4087.0000,34.6270,36.1209,2043.5361
4088.0000,34.4648,35.7947,2044.0358
4089.0000,34.6533,35.8138,2044.5358
4090.0000,35.1246,36.4777,2045.0365
4091.0000,33.3414,34.7674,2045.5348
4092.0000,35.4199,36.6063,2046.0366
4093.0000,16.2500,16.5390,2046.5165
4094.0000,34.8328,36.0401,2047.0360
4095.0000,34.8143,36.6483,2047.5366
4096.0000,34.5893,35.9094,2048.0359
4097.0000,34.5989,35.7435,2048.5357
4098.0000,35.0056,36.3668,2049.0364
4099.0000,33.4493,34.8941,2049.5349
4100.0000,34.7355,36.1319,2050.0361
4101.0000,34.4888,35.8105,2050.5358
4102.0000,35.5959,36.6649,2051.0367
4103.0000,34.7338,36.2338,2051.5362
4104.0000,34.7651,36.0814,2052.0361
4105.0000,34.8120,36.1560,2052.5362
4106.0000,37.4555,39.3126,2053.0393
4107.0000,33.3503,34.8070,2053.5348
4108.0000,34.5835,35.9046,2054.0359
4109.0000,34.6060,35.9233,2054.5359
4110.0000,34.6757,36.0307,2055.0360
4111.0000,34.5766,35.8615,2055.5359
4112.0000,34.5918,34.8734,2056.0349
4113.0000,33.6433,34.7431,2056.5347
4114.0000,34.2691,35.3413,2057.0353
4115.0000,33.5114,34.7728,2057.5348
4116.0000,36.1360,37.6161,2058.0376
4117.0000,35.6102,36.7494,2058.5368
4118.0000,37.0616,39.2518,2059.0393
4119.0000,34.5622,35.8983,2059.5359
4120.0000,34.7474,36.6009,2060.0366
4121.0000,34.5082,35.8319,2060.5358
4122.0000,35.5075,37.3509,2061.0374
4123.0000,33.5638,34.5887,2061.5346
4124.0000,34.9379,36.2512,2062.0366
4125.0000,34.5622,35.6849,2062.5357
4126.0000,34.6227,35.7488,2063.0357
4127.0000,34.7646,35.8664,2063.5359
4128.0000,34.8619,36.1867,2064.0362
4129.0000,34.4942,35.6005,2064.5356
4130.0000,35.1292,36.4984,2065.0365
4131.0000,33.3628,34.3980,2065.5344
4132.0000,31.1788,32.2640,2066.0323
4133.0000,34.8859,35.9905,2066.5360
4134.0000,34.6891,36.5060,2067.0365
4135.0000,33.7657,35.0353,2067.5350
4136.0000,35.4958,37.3676,2068.0374
4137.0000,34.6377,35.9611,2068.5360
4138.0000,35.3411,36.7200,2069.0367
4139.0000,33.3506,34.6053,2069.5346
4140.0000,34.9302,36.7784,2070.0368
4141.0000,34.6917,36.0175,2070.5360
4142.0000,34.7526,36.0885,2071.0361
4143.0000,34.9541,36.2823,2071.5363
4144.0000,34.5645,35.8849,2072.0359
4145.0000,34.7270,36.0583,2072.5361
4146.0000,35.2164,37.0423,2073.0370
4147.0000,33.2635,34.5146,2073.5345
4148.0000,11.6588,12.9471,2074.0129
4149.0000,33.2634,35.3268,2074.5353
4150.0000,32.9523,34.0310,2075.0340
4151.0000,33.0395,34.0985,2075.5341
4152.0000,34.5136,35.7905,2076.0358
4153.0000,34.6608,35.7921,2076.5358
4154.0000,33.5551,34.7999,2077.0348
4155.0000,33.7557,35.0268,2077.5350
4156.0000,34.8870,36.2211,2078.0362
4157.0000,34.6467,35.9743,2078.5360
4158.0000,35.8018,36.5432,2079.0365
4159.0000,36.8862,38.3439,2079.5384
4160.0000,35.3952,37.2662,2080.0373
4161.0000,34.7927,35.8996,2080.5359
4162.0000,34.9443,36.2707,2081.0363
4163.0000,33.6062,34.9210,2081.5349
4164.0000,33.5565,34.8049,2082.0348
4165.0000,34.9381,36.2694,2082.5363
4166.0000,34.6369,36.4680,2083.0365
4167.0000,34.7097,36.0441,2083.5360
4168.0000,34.8286,36.1497,2084.0362
4169.0000,34.5842,35.6894,2084.5357
4170.0000,34.9578,36.3127,2085.0363
4171.0000,33.3237,34.5942,2085.5346
4172.0000,35.6182,36.7688,2086.0368
4173.0000,35.3636,36.5138,2086.5365
4174.0000,34.7746,36.6247,2087.0366
4175.0000,34.6068,35.9378,2087.5359
4176.0000,33.7553,34.8240,2088.0348
4177.0000,34.7061,36.0330,2088.5360
4178.0000,33.9255,35.1864,2089.0352
4179.0000,33.5641,34.8382,2089.5348
4180.0000,35.7424,37.1797,2090.0372
4181.0000,34.8390,36.1820,2090.5362
4182.0000,36.3363,38.4830,2091.0385
4183.0000,35.9526,36.3680,2091.5364
4184.0000,34.9143,36.7719,2092.0368
4185.0000,35.5912,36.7100,2092.5367
4186.0000,34.9678,36.3246,2093.0363
4187.0000,33.4666,34.5126,2093.5345
4188.0000,34.6820,35.7691,2094.0358
4189.0000,37.3424,38.7239,2094.5387
4190.0000,34.7413,36.6337,2095.0366
4191.0000,34.0613,35.4698,2095.5355
4192.0000,34.1964,35.0526,2096.0351
4193.0000,34.7322,36.0171,2096.5360
4194.0000,36.2344,38.3549,2097.0384
4195.0000,33.7125,34.9749,2097.5350
4196.0000,35.1259,36.4632,2098.0365
4197.0000,34.8547,36.1781,2098.5362
4198.0000,34.8334,36.7301,2099.0367
4199.0000,18.2220,18.6419,2099.5186
4200.0000,35.5458,36.6855,2100.0367
4201.0000,34.6917,36.0287,2100.5360
4202.0000,35.3234,36.6629,2101.0367
4203.0000,33.7738,35.0470,2101.5350
4204.0000,35.8432,37.2354,2102.0372
4205.0000,34.6112,35.9300,2102.5359
4206.0000,34.8182,36.1458,2103.0361
4207.0000,34.6644,35.9997,2103.5360
4208.0000,34.7754,36.0986,2104.0361
4209.0000,10.5234,12.5455,2104.5125
4210.0000,33.0642,35.6154,2105.0356
4211.0000,33.5433,34.7911,2105.5348
4212.0000,35.1229,36.4621,2106.0365
4213.0000,34.9498,36.1100,2106.5361
4214.0000,33.4182,34.4631,2107.0345
4215.0000,34.7448,36.0632,2107.5361
4216.0000,34.7771,36.1273,2108.0361
4217.0000,34.6847,36.0372,2108.5360
4218.0000,34.8905,36.2116,2109.0362
4219.0000,33.3466,34.6101,2109.5346
4220.0000,33.6157,34.8985,2110.0349
4221.0000,34.7406,36.0628,2110.5361
4222.0000,35.3387,36.6990,2111.0367
4223.0000,34.7339,36.0879,2111.5361
4224.0000,33.6707,34.7266,2112.0347
4225.0000,34.7743,36.1138,2112.5361
4226.0000,35.1528,36.4821,2113.0365
4227.0000,33.6344,34.6935,2113.5347
4228.0000,34.8317,36.1818,2114.0362
4229.0000,34.8341,35.9473,2114.5359
4230.0000,34.7972,36.1316,2115.0361
4231.0000,34.6383,36.0066,2115.5360
4232.0000,34.8064,36.1270,2116.0361
4233.0000,34.8162,36.1725,2116.5362
4234.0000,35.4281,37.2719,2117.0373
4235.0000,33.3515,34.6019,2117.5346
4236.0000,34.5699,35.8899,2118.0359
4237.0000,34.6623,35.9971,2118.5360
4238.0000,35.9766,37.3724,2119.0374
4239.0000,35.1562,36.5852,2119.5366
4240.0000,34.5472,35.8746,2120.0359
4241.0000,26.3677,26.9232,2120.5269
4242.0000,37.1592,40.4792,2121.0405
4243.0000,33.2357,34.5194,2121.5345
4244.0000,34.6830,36.0087,2122.0360
4245.0000,34.7685,36.0927,2122.5361
4246.0000,33.4650,34.7142,2123.0347
4247.0000,34.7803,36.1111,2123.5361
4248.0000,34.5963,35.6443,2124.0356
4249.0000,36.4970,37.6181,2124.5376
4250.0000,37.1490,38.6204,2125.0386
4251.0000,33.5068,34.7433,2125.5347
4252.0000,35.6764,36.8308,2126.0368
4253.0000,34.7899,36.1168,2126.5361
4254.0000,34.6840,35.9964,2127.0360
4255.0000,34.4785,35.8353,2127.5358
4256.0000,34.5192,35.6415,2128.0356
4257.0000,34.6881,35.7639,2128.5358
4258.0000,33.9913,35.0281,2129.0350
4259.0000,33.5107,34.5477,2129.5345
4260.0000,33.7494,34.7964,2130.0348
4261.0000,35.1979,36.5451,2130.5365
4262.0000,35.7238,37.0933,2131.0371
4263.0000,34.8051,36.1921,2131.5362
4264.0000,34.6820,35.7686,2132.0358
4265.0000,34.5936,35.7083,2132.5357
4266.0000,35.0941,36.4696,2133.0365
4267.0000,33.5115,34.7570,2133.5348
4268.0000,34.6562,35.5083,2134.0355
4269.0000,34.7292,36.0611,2134.5361
4270.0000,34.8086,36.6508,2135.0367
4271.0000,34.7219,35.8623,2135.5359
4272.0000,34.7853,35.9617,2136.0360
4273.0000,33.6334,34.9007,2136.5349
4274.0000,35.1694,36.5098,2137.0365
4275.0000,33.3243,34.5938,2137.5346
4276.0000,34.8311,35.6792,2138.0357
4277.0000,34.7386,35.1275,2138.5351
4278.0000,34.6724,35.9988,2139.0360
4279.0000,34.0808,35.2347,2139.5352
4280.0000,36.8321,37.9193,2140.0379
4281.0000,34.8161,36.2203,2140.5362
4282.0000,35.2892,36.6115,2141.0366
4283.0000,33.4848,34.7560,2141.5348
4284.0000,34.8042,35.1145,2142.0351
4285.0000,34.4346,35.7595,2142.5358
4286.0000,34.6382,35.9591,2143.0360
4287.0000,34.6271,35.9850,2143.5360
4288.0000,34.6201,35.7491,2144.0357
4289.0000,34.7203,36.0499,2144.5360
4290.0000,35.0402,36.3559,2145.0364
4291.0000,33.7612,35.0213,2145.5350
4292.0000,34.8563,35.9890,2146.0360
4293.0000,34.8925,36.2215,2146.5362
4294.0000,34.5614,35.9193,2147.0359
4295.0000,34.7111,36.0504,2147.5361
4296.0000,35.0899,36.4095,2148.0364
4297.0000,33.5446,34.7941,2148.5348
4298.0000,34.8973,36.2145,2149.0362
4299.0000,34.1888,35.2643,2149.5353
4300.0000,33.3969,34.4340,2150.0344
4301.0000,33.3793,34.4343,2150.5344
4302.0000,37.0373,38.3579,2151.0384
4303.0000,33.3713,34.4101,2151.5344
4304.0000,33.8418,34.9019,2152.0349
4305.0000,34.5044,35.5924,2152.5356
4306.0000,34.2011,35.0014,2153.0350
4307.0000,33.3402,34.5992,2153.5346
4308.0000,36.1417,36.5000,2154.0365
4309.0000,34.7569,35.8839,2154.5359
4310.0000,34.7167,36.5719,2155.0366
4311.0000,33.2944,34.5644,2155.5346
4312.0000,34.5951,35.6081,2156.0356
4313.0000,34.6558,35.9787,2156.5360
4314.0000,34.9704,36.2963,2157.0363
4315.0000,33.3964,34.4460,2157.5344
4316.0000,35.1286,36.2718,2158.0363
4317.0000,33.4067,34.4702,2158.5345
4318.0000,33.4183,34.4737,2159.0345
4319.0000,13.6053,14.0502,2159.5140
4320.0000,36.8885,37.3120,2160.0373
4321.0000,34.6283,35.9552,2160.5360
4322.0000,37.2713,38.4445,2161.0385
4323.0000,33.5060,34.9991,2161.5350
4324.0000,35.3228,36.3728,2162.0364
4325.0000,34.6239,35.7388,2162.5357
4326.0000,34.6837,35.7834,2163.0358
4327.0000,34.6208,35.9499,2163.5359
4328.0000,34.7893,35.8888,2164.0359
4329.0000,34.5549,35.8595,2164.5359
4330.0000,35.3715,36.4295,2165.0364
4331.0000,33.5922,34.8600,2165.5349
4332.0000,34.8158,35.6628,2166.0357
4333.0000,34.8477,35.2546,2166.5353
4334.0000,34.7614,36.1277,2167.0361
4335.0000,34.9101,36.2671,2167.5363
4336.0000,34.7681,35.6146,2168.0356
4337.0000,34.6133,35.7430,2168.5357
4338.0000,35.2889,36.6540,2169.0367
4339.0000,11.6000,13.3061,2169.5133
4340.0000,33.5037,35.2023,2170.0352
4341.0000,31.8252,32.8049,2170.5328
4342.0000,34.4561,35.7683,2171.0358
4343.0000,33.1569,34.4270,2171.5344
4344.0000,33.1035,34.1715,2172.0342
4345.0000,32.0084,33.2065,2172.5332
4346.0000,33.6566,34.9707,2173.0350
4347.0000,33.3988,34.6824,2173.5347
4348.0000,33.6257,34.4060,2174.0344
4349.0000,35.0229,36.3414,2174.5363
4350.0000,34.6716,36.0316,2175.0360
4351.0000,34.6139,35.9469,2175.5359
4352.0000,35.0117,35.3578,2176.0354
4353.0000,33.7274,34.9874,2176.5350
4354.0000,35.4371,37.2767,2177.0373
4355.0000,33.3802,34.8357,2177.5348
4356.0000,33.7395,34.0108,2178.0340
4357.0000,36.6390,37.6978,2178.5377
4358.0000,36.9674,39.1201,2179.0391
4359.0000,34.5994,35.9417,2179.5359
4360.0000,34.8717,35.7096,2180.0357
4361.0000,34.7237,36.0990,2180.5361
4362.0000,34.9668,36.7982,2181.0368
4363.0000,34.7030,35.8812,2181.5359
4364.0000,34.6340,35.9546,2182.0360
4365.0000,34.7089,36.0400,2182.5360
4366.0000,34.8187,36.1764,2183.0362
4367.0000,34.8241,36.1424,2183.5361
4368.0000,33.3729,34.4068,2184.0344
4369.0000,34.7464,36.0724,2184.5361
4370.0000,35.0192,36.3735,2185.0364
4371.0000,34.7011,36.0311,2185.5360
4372.0000,34.8977,36.2094,2186.0362
4373.0000,33.7605,35.0217,2186.5350
4374.0000,34.7610,36.6159,2187.0366
4375.0000,34.6180,36.2071,2187.5362
4376.0000,34.7779,36.3274,2188.0363
4377.0000,33.9714,35.2417,2188.5352
4378.0000,35.4277,37.2752,2189.0373
4379.0000,33.4234,34.6916,2189.5347
4380.0000,36.2782,37.6696,2190.0377
4381.0000,34.7205,36.0540,2190.5361
4382.0000,34.1512,34.7061,2191.0347
4383.0000,11.8334,12.5809,2191.5126
4384.0000,28.1979,29.3416,2192.0293
4385.0000,33.9151,35.1812,2192.5352
4386.0000,35.1847,36.5367,2193.0365
4387.0000,33.5352,34.8012,2193.5348
4388.0000,35.0682,36.4318,2194.0364
4389.0000,33.6902,34.9422,2194.5349
4390.0000,34.5915,35.9811,2195.0360
4391.0000,34.6403,35.9658,2195.5360
4392.0000,34.3767,35.7151,2196.0357
4393.0000,34.4053,35.7405,2196.5357
4394.0000,35.4938,36.6218,2197.0366
4395.0000,33.5212,34.5647,2197.5346
4396.0000,35.0062,36.3403,2198.0363
4397.0000,33.8116,35.0657,2198.5351
4398.0000,34.7782,36.6208,2199.0366
4399.0000,34.7690,36.0925,2199.5361
4400.0000,37.2939,38.7846,2200.0388
4401.0000,33.7436,35.0198,2200.5350
4402.0000,35.0948,36.4466,2201.0364
4403.0000,36.0947,37.2226,2201.5372
4404.0000,33.7534,35.0351,2202.0350
4405.0000,33.7362,35.0226,2202.5350
4406.0000,35.2354,36.6300,2203.0366
4407.0000,34.6390,35.9865,2203.5360
4408.0000,34.9466,36.2919,2204.0363
4409.0000,34.5516,35.9144,2204.5359
4410.0000,33.8844,35.1397,2205.0351
4411.0000,33.3720,34.6251,2205.5346
4412.0000,34.8154,36.1402,2206.0361
4413.0000,33.4968,34.7498,2206.5347
4414.0000,33.5258,34.7806,2207.0348
4415.0000,33.2520,34.4977,2207.5345
4416.0000,35.2057,36.5460,2208.0365
4417.0000,34.7870,36.1399,2208.5361
4418.0000,33.6176,34.8756,2209.0349
4419.0000,33.5566,34.8177,2209.5348
4420.0000,36.3430,38.2608,2210.0383
4421.0000,34.8664,36.0045,2210.5360
4422.0000,37.0576,39.1151,2211.0391
4423.0000,34.6543,35.9933,2211.5360
4424.0000,35.0061,36.3351,2212.0363
4425.0000,33.8022,34.4677,2212.5345
4426.0000,35.2762,36.3030,2213.0363
4427.0000,33.3773,34.6395,2213.5346
4428.0000,34.6632,36.0083,2214.0360
4429.0000,34.0957,35.4592,2214.5355
4430.0000,34.7767,36.1533,2215.0362
4431.0000,34.5876,35.9330,2215.5359
4432.0000,35.1132,36.4530,2216.0365
4433.0000,33.9761,35.2449,2216.5352
4434.0000,33.6119,34.8621,2217.0349
4435.0000,33.1504,34.4069,2217.5344
4436.0000,36.3042,37.5917,2218.0376
4437.0000,33.6491,33.9623,2218.5340
4438.0000,34.6915,36.0534,2219.0361
4439.0000,29.7853,30.1924,2219.5302
4440.0000,36.4093,38.4021,2220.0384
4441.0000,31.7742,32.8074,2220.5328
4442.0000,37.7121,39.1673,2221.0392
4443.0000,33.6212,34.8918,2221.5349
4444.0000,35.3669,36.5408,2222.0365
4445.0000,33.5562,34.8304,2222.5348
4446.0000,33.6790,34.9384,2223.0349
4447.0000,34.6836,36.0048,2223.5360
4448.0000,27.1670,27.9989,2224.0280
4449.0000,8.4347,10.6896,2224.5107
4450.0000,33.3507,35.4185,2225.0354
4451.0000,33.1950,34.4534,2225.5345
4452.0000,35.0832,35.9399,2226.0359
4453.0000,35.0501,35.4418,2226.5354
4454.0000,37.1077,38.4617,2227.0385
4455.0000,34.7951,35.9105,2227.5359
4456.0000,35.3111,36.4430,2228.0364
4457.0000,33.7414,35.0113,2228.5350
4458.0000,35.2358,37.0998,2229.0371
4459.0000,35.2878,36.5784,2229.5366
4460.0000,35.0256,36.3838,2230.0364
4461.0000,33.6644,34.9278,2230.5349
4462.0000,34.7474,36.0699,2231.0361
4463.0000,35.8214,37.1848,2231.5372
4464.0000,34.7269,35.8512,2232.0359
4465.0000,33.4555,34.2247,2232.5342
4466.0000,34.9602,36.1200,2233.0361
4467.0000,33.1744,34.2631,2233.5343
4468.0000,34.6032,35.9439,2234.0359
4469.0000,33.2823,34.3769,2234.5344
4470.0000,33.5299,34.5638,2235.0346
4471.0000,34.8552,36.1948,2235.5362
4472.0000,34.9062,36.2328,2236.0362
4473.0000,34.0383,35.3115,2236.5353
4474.0000,35.1936,36.5691,2237.0366
4475.0000,34.7777,36.6288,2237.5366
4476.0000,34.9202,36.7727,2238.0368
4477.0000,33.4924,34.7493,2238.5347
4478.0000,36.9870,39.1779,2239.0392
4479.0000,33.3872,34.6501,2239.5346
4480.0000,35.0193,36.3586,2240.0364
4481.0000,33.6819,34.9243,2240.5349
4482.0000,32.9006,33.9715,2241.0340
4483.0000,33.6431,34.9212,2241.5349
4484.0000,33.7564,34.8309,2242.0348
4485.0000,35.4747,36.6218,2242.5366
4486.0000,34.6963,36.0225,2243.0360
4487.0000,35.3650,36.4991,2243.5365
4488.0000,34.7946,36.1460,2244.0361
4489.0000,36.5909,38.0395,2244.5380
4490.0000,36.1529,37.3992,2245.0374
4491.0000,33.4545,34.7240,2245.5347
4492.0000,35.3204,36.6792,2246.0367
4493.0000,33.8700,34.9296,2246.5349
4494.0000,35.5792,37.4582,2247.0375
4495.0000,34.7330,36.1044,2247.5361
4496.0000,34.8161,36.1362,2248.0361
4497.0000,34.8309,35.6795,2248.5357
4498.0000,35.3097,37.1522,2249.0372
4499.0000,33.5664,34.6945,2249.5347
4500.0000,36.2603,37.7830,2250.0378
4501.0000,34.6540,35.9951,2250.5360
4502.0000,26.9051,27.2251,2251.0272
4503.0000,8.8960,9.2258,2251.5092
4504.0000,34.4085,35.9072,2252.0359
4505.0000,34.6101,35.8735,2252.5359
4506.0000,35.4281,37.2660,2253.0373
4507.0000,33.4368,34.7011,2253.5347
4508.0000,34.7662,36.1071,2254.0361
4509.0000,10.5811,12.6319,2254.5126
4510.0000,32.7434,34.7725,2255.0348
4511.0000,14.4924,15.0196,2255.5150
4512.0000,34.1508,36.0354,2256.0360
4513.0000,33.0416,34.3221,2256.5343
4514.0000,32.9162,34.1789,2257.0342
4515.0000,33.6147,34.3884,2257.5344
4516.0000,35.0332,36.3879,2258.0364
4517.0000,34.8704,35.9856,2258.5360
4518.0000,34.7338,36.0631,2259.0361
4519.0000,34.6298,35.9677,2259.5360
4520.0000,37.1434,38.3575,2260.0384
4521.0000,36.7336,37.8984,2260.5379
4522.0000,34.5803,35.9318,2261.0359
4523.0000,34.4163,35.2144,2261.5352
4524.0000,36.0563,38.1104,2262.0381
4525.0000,33.6414,34.9128,2262.5349
4526.0000,34.8115,36.1414,2263.0361
4527.0000,34.5909,35.7363,2263.5357
4528.0000,34.6503,35.9886,2264.0360
4529.0000,34.4425,35.7548,2264.5358
4530.0000,35.0059,36.3514,2265.0364
4531.0000,33.4479,34.4945,2265.5345
4532.0000,34.2847,35.7581,2266.0358
4533.0000,30.6823,31.8175,2266.5318
4534.0000,34.7585,36.6045,2267.0366
4535.0000,34.7210,36.0973,2267.5361
4536.0000,34.6824,35.9999,2268.0360
4537.0000,34.7091,36.0568,2268.5361
4538.0000,34.9207,36.2361,2269.0362
4539.0000,33.3161,34.5672,2269.5346
4540.0000,35.2730,36.6343,2270.0366
4541.0000,34.7214,36.0444,2270.5360
4542.0000,37.1819,39.1387,2271.0391
4543.0000,34.7084,35.8185,2271.5358
4544.0000,34.8164,36.1373,2272.0361
4545.0000,34.7528,35.8451,2272.5358
4546.0000,36.5699,37.9616,2273.0380
4547.0000,33.4329,34.4980,2273.5345
4548.0000,9.2391,10.5962,2274.0106
4549.0000,32.0553,34.0001,2274.5340
4550.0000,33.1585,34.2517,2275.0343
4551.0000,32.4674,33.5475,2275.5335
4552.0000,34.3756,35.5261,2276.0355
4553.0000,34.6962,35.8119,2276.5358
4554.0000,34.9307,36.2510,2277.0362
4555.0000,33.6323,34.8907,2277.5349
4556.0000,34.6552,35.9713,2278.0360
4557.0000,34.8086,36.1242,2278.5361
4558.0000,34.5525,35.6736,2279.0357
4559.0000,18.2769,18.7287,2279.5187
4560.0000,35.8411,37.2195,2280.0372
4561.0000,34.7008,36.0411,2280.5360
4562.0000,37.1652,38.5735,2281.0386
4563.0000,35.3044,36.6654,2281.5367
4564.0000,35.1359,36.4929,2282.0365
4565.0000,34.6732,35.9977,2282.5360
4566.0000,34.7850,36.0981,2283.0361
4567.0000,34.6660,35.7887,2283.5358
4568.0000,34.7221,35.8207,2284.0358
4569.0000,34.5098,35.8276,2284.5358
4570.0000,34.8634,35.9512,2285.0360
4571.0000,33.6967,34.9986,2285.5350
4572.0000,34.8281,35.9129,2286.0359
4573.0000,34.8080,36.1858,2286.5362
4574.0000,34.7325,35.8844,2287.0359
4575.0000,34.5253,35.6729,2287.5357
4576.0000,34.9495,36.0662,2288.0361
4577.0000,34.7025,36.0739,2288.5361
4578.0000,34.9797,36.8387,2289.0368
4579.0000,33.4099,34.5792,2289.5346
4580.0000,34.6663,35.9820,2290.0360
4581.0000,34.7234,36.0505,2290.5360
4582.0000,35.1386,36.5318,2291.0365
4583.0000,35.1094,36.1450,2291.5361
4584.0000,34.7902,36.1085,2292.0361
4585.0000,34.6628,35.7594,2292.5358
4586.0000,34.9924,36.3118,2293.0363
4587.0000,33.5379,34.5685,2293.5346
4588.0000,34.6881,36.0082,2294.0360
4589.0000,34.6789,36.0078,2294.5360
4590.0000,34.5517,35.8708,2295.0359
4591.0000,34.8207,36.1710,2295.5362
4592.0000,34.1239,35.4673,2296.0355
4593.0000,34.7657,36.1078,2296.5361
4594.0000,35.3416,36.6641,2297.0367
4595.0000,33.7066,34.7485,2297.5347
4596.0000,34.6688,35.9871,2298.0360
4597.0000,35.5452,36.5983,2298.5366
4598.0000,36.9314,38.1216,2299.0381
4599.0000,34.6945,36.3421,2299.5363
4600.0000,36.6410,38.0949,2300.0381
4601.0000,34.7518,36.1489,2300.5361
4602.0000,35.0756,36.3976,2301.0364
4603.0000,33.5440,34.5935,2301.5346
4604.0000,33.5166,34.7179,2302.0347
4605.0000,34.8014,35.8994,2302.5359
4606.0000,34.8770,35.9884,2303.0360
4607.0000,34.6544,35.9773,2303.5360
4608.0000,33.5632,34.3513,2304.0343
4609.0000,34.9058,36.2773,2304.5363
4610.0000,36.2341,37.4086,2305.0374
4611.0000,33.5052,34.7925,2305.5348
4612.0000,34.8477,36.2164,2306.0362
4613.0000,34.9279,36.0382,2306.5360
4614.0000,35.0597,36.3861,2307.0364
4615.0000,33.6498,34.9151,2307.5349
4616.0000,34.8448,36.1763,2308.0362
4617.0000,33.4757,34.7564,2308.5348
4618.0000,35.1696,36.5332,2309.0365
4619.0000,33.3909,34.6643,2309.5347
4620.0000,34.6135,36.4632,2310.0365
4621.0000,33.5212,34.5583,2310.5346
4622.0000,34.8503,35.9661,2311.0360
4623.0000,33.4231,34.2069,2311.5342
4624.0000,34.6396,35.7529,2312.0358
4625.0000,34.5771,35.9086,2312.5359
4626.0000,34.0940,35.2164,2313.0352
4627.0000,33.5856,34.8706,2313.5349
4628.0000,35.3514,36.7246,2314.0367
4629.0000,34.6096,35.7249,2314.5357
4630.0000,34.7325,36.0982,2315.0361
4631.0000,34.6605,35.9855,2315.5360
4632.0000,34.8308,35.9360,2316.0359
4633.0000,35.0737,36.4104,2316.5364
4634.0000,34.8925,36.0199,2317.0360
4635.0000,33.7330,34.7818,2317.5348
4636.0000,34.9326,36.3060,2318.0363
4637.0000,34.6798,36.0004,2318.5360
4638.0000,34.6825,36.0135,2319.0360
4639.0000,34.6460,35.9685,2319.5360
4640.0000,34.7321,36.5768,2320.0366
4641.0000,35.2467,36.5297,2320.5365
4642.0000,33.7832,34.7778,2321.0348
4643.0000,33.4524,34.4992,2321.5345
4644.0000,35.1418,36.5373,2322.0365
4645.0000,34.8527,36.1765,2322.5362
4646.0000,34.6726,36.5145,2323.0365
4647.0000,34.4773,35.5856,2323.5356
4648.0000,34.1563,34.4633,2324.0345
4649.0000,34.9206,36.2989,2324.5363
4650.0000,33.5337,34.7989,2325.0348
4651.0000,33.4020,34.6505,2325.5346
4652.0000,34.9128,36.0202,2326.0360
4653.0000,34.8978,35.2962,2326.5353
4654.0000,34.6333,35.9569,2327.0360
4655.0000,34.6595,35.9800,2327.5360
4656.0000,34.6738,36.0132,2328.0360
4657.0000,34.8133,36.1328,2328.5361
4658.0000,34.9085,36.7409,2329.0367
4659.0000,33.3560,34.5979,2329.5346
4660.0000,34.9018,36.2280,2330.0362
4661.0000,35.0439,36.3868,2330.5364
4662.0000,35.3397,37.1323,2331.0371
4663.0000,34.5933,35.9176,2331.5359
4664.0000,34.8086,36.1215,2332.0361
4665.0000,34.7622,36.0769,2332.5361
4666.0000,33.8516,35.1216,2333.0351
4667.0000,33.2817,34.5257,2333.5345
4668.0000,34.3521,35.5063,2334.0355
4669.0000,34.5279,35.8526,2334.5359
4670.0000,34.7601,36.6008,2335.0366
4671.0000,34.6678,35.9904,2335.5360
4672.0000,34.8399,36.1531,2336.0362
4673.0000,35.0805,36.4323,2336.5364
4674.0000,33.7375,34.9849,2337.0350
4675.0000,33.5255,34.7674,2337.5348
4676.0000,34.7552,35.9272,2338.0359
4677.0000,34.7364,36.0572,2338.5361
4678.0000,34.9756,36.3330,2339.0363
4679.0000,29.8077,30.2137,2339.5302
4680.0000,36.2956,39.5015,2340.0395
4681.0000,30.4744,31.8314,2340.5318
4682.0000,30.9975,32.3575,2341.0324
4683.0000,33.9024,35.1928,2341.5352
4684.0000,35.9341,37.8196,2342.0378
4685.0000,34.7092,35.8100,2342.5358
4686.0000,35.0334,36.3935,2343.0364
4687.0000,34.6698,35.9899,2343.5360
4688.0000,34.6897,36.0047,2344.0360
4689.0000,34.6430,35.9646,2344.5360
4690.0000,34.9726,36.3049,2345.0363
4691.0000,30.9989,31.6610,2345.5317
4692.0000,28.2481,28.5615,2346.0286
4693.0000,17.4646,17.8209,2346.5178
4694.0000,37.4920,39.5535,2347.0396
4695.0000,34.8276,36.1598,2347.5362
4696.0000,34.7307,36.0667,2348.0361
4697.0000,34.6566,35.9858,2348.5360
4698.0000,34.9217,36.2577,2349.0363
4699.0000,34.7725,36.2771,2349.5363
4700.0000,34.6930,35.8005,2350.0358
4701.0000,34.8920,36.2402,2350.5362
4702.0000,35.3664,36.7492,2351.0368
4703.0000,35.5301,36.5851,2351.5366
4704.0000,36.1276,37.2924,2352.0373
4705.0000,35.1031,36.4665,2352.5365
4706.0000,34.9560,36.2706,2353.0363
4707.0000,34.6769,36.0012,2353.5360
4708.0000,34.6958,36.0291,2354.0360
4709.0000,34.6932,35.8023,2354.5358
4710.0000,34.7352,36.5856,2355.0366
4711.0000,34.6976,35.8035,2355.5358
4712.0000,34.9387,36.0614,2356.0361
4713.0000,35.5884,36.7029,2356.5367
4714.0000,33.5144,34.5659,2357.0346
4715.0000,33.4571,34.7256,2357.5347
4716.0000,35.2604,36.6164,2358.0366
4717.0000,34.6282,35.9506,2358.5360
4718.0000,37.2145,39.3894,2359.0394
4719.0000,36.5847,37.6392,2359.5376
4720.0000,37.2878,38.7530,2360.0388
4721.0000,34.7301,36.0704,2360.5361
4722.0000,35.2853,35.6949,2361.0357
4723.0000,33.7464,35.0189,2361.5350
4724.0000,34.1202,35.2895,2362.0353
4725.0000,34.8239,35.9271,2362.5359
4726.0000,34.9460,36.0813,2363.0361
4727.0000,33.5685,34.8199,2363.5348
4728.0000,33.4368,34.7149,2364.0347
4729.0000,34.8006,36.1276,2364.5361
4730.0000,36.1312,37.3558,2365.0374
4731.0000,34.7859,36.1339,2365.5361
4732.0000,34.8135,36.1622,2366.0362
4733.0000,33.7257,34.4615,2366.5345
4734.0000,35.1724,36.5294,2367.0365
4735.0000,34.1114,35.4387,2367.5354
4736.0000,34.7345,36.0727,2368.0361
4737.0000,34.4882,35.8372,2368.5358
4738.0000,34.8235,35.9588,2369.0360
4739.0000,33.5757,34.8426,2369.5348
4740.0000,34.7904,36.6445,2370.0366
4741.0000,34.8433,36.1723,2370.5362
4742.0000,35.4457,36.6966,2371.0367
4743.0000,33.3355,34.6024,2371.5346
4744.0000,34.7302,36.0824,2372.0361
4745.0000,30.8584,31.9049,2372.5319
4746.0000,37.6632,39.9581,2373.0400
4747.0000,33.3555,34.6183,2373.5346
4748.0000,24.3258,25.4121,2374.0254
4749.0000,12.0203,13.1039,2374.5131
4750.0000,33.8792,36.0685,2375.0361
4751.0000,33.0667,34.3814,2375.5344
4752.0000,32.9499,34.2376,2376.0342
4753.0000,31.9591,33.1488,2376.5331
4754.0000,24.3582,26.0943,2377.0261
4755.0000,36.1038,37.9312,2377.5379
4756.0000,35.2055,36.3933,2378.0364
4757.0000,35.3754,36.5301,2378.5365
4758.0000,34.4777,35.8039,2379.0358
4759.0000,34.7137,36.0332,2379.5360
4760.0000,34.8068,36.1503,2380.0362
4761.0000,34.9938,36.1803,2380.5362
4762.0000,37.8032,39.4305,2381.0394
4763.0000,33.6194,34.8950,2381.5349
4764.0000,34.8355,36.1819,2382.0362
4765.0000,34.9327,36.2613,2382.5363
4766.0000,36.3531,38.3981,2383.0384
4767.0000,34.6452,35.9776,2383.5360
4768.0000,34.7147,36.0381,2384.0360
4769.0000,34.6158,35.9298,2384.5359
4770.0000,35.0708,36.4321,2385.0364
4771.0000,33.5077,34.7641,2385.5348
4772.0000,34.6071,35.9400,2386.0359
4773.0000,28.7073,29.6786,2386.5297
4774.0000,33.3488,34.9931,2387.0350
4775.0000,35.1406,36.2774,2387.5363
4776.0000,34.5981,35.9199,2388.0359
4777.0000,34.6060,35.7260,2388.5357
4778.0000,35.3903,37.2169,2389.0372
4779.0000,33.2491,34.4985,2389.5345
4780.0000,34.7787,36.6229,2390.0366
4781.0000,35.3262,36.6862,2390.5367
4782.0000,37.1820,39.2603,2391.0393
4783.0000,34.7688,35.9066,2391.5359
4784.0000,34.8136,36.1416,2392.0361
4785.0000,35.2533,36.6360,2392.5366
4786.0000,35.2362,36.6011,2393.0366
4787.0000,33.3230,34.5778,2393.5346
4788.0000,34.8890,36.2154,2394.0362
4789.0000,18.3701,19.1222,2394.5191
4790.0000,18.6588,19.7007,2395.0197
4791.0000,25.4802,25.7836,2395.5258
4792.0000,32.0155,32.8589,2396.0330
4793.0000,32.6716,33.7666,2396.5338
4794.0000,34.9925,36.2483,2397.0363
4795.0000,37.2749,38.3875,2397.5384
4796.0000,37.7549,39.0665,2398.0391
4797.0000,35.4433,36.7646,2398.5368
4798.0000,35.0284,36.3222,2399.0363
4799.0000,15.4772,15.8584,2399.5159
4800.0000,36.3359,37.4755,2400.0375
4801.0000,36.8754,38.3629,2400.5384
4802.0000,34.6365,35.8853,2401.0359
4803.0000,27.7201,28.3767,2401.5284
4804.0000,27.9254,28.6663,2402.0287
4805.0000,20.7845,21.0281,2402.5210
4806.0000,32.8575,33.6672,2403.0337
4807.0000,37.6844,38.9213,2403.5389
4808.0000,36.8759,38.1164,2404.0381
4809.0000,11.7847,13.0166,2404.5130
4810.0000,35.7889,37.3658,2405.0374
4811.0000,37.8475,39.6342,2405.5396
4812.0000,32.8723,34.0039,2406.0340
4813.0000,36.1850,37.7502,2406.5378
4814.0000,36.3977,37.6247,2407.0376
4815.0000,37.2348,38.4097,2407.5384
4816.0000,37.5116,38.8413,2408.0389
4817.0000,34.2259,35.3514,2408.5354
4818.0000,34.2892,35.4014,2409.0354
4819.0000,35.5913,36.8323,2409.5368
4820.0000,37.5944,38.8795,2410.0389
4821.0000,33.0547,34.1268,2410.5341
4822.0000,36.9906,39.4284,2411.0394
4823.0000,34.8318,36.1597,2411.5362
4824.0000,34.8112,36.1248,2412.0361
4825.0000,34.6388,35.7734,2412.5358
4826.0000,34.1415,34.9136,2413.0349
4827.0000,33.3123,34.5616,2413.5346
4828.0000,34.7421,36.0965,2414.0361
4829.0000,33.5906,34.8673,2414.5349
4830.0000,34.7055,36.0257,2415.0360
4831.0000,34.7415,36.2494,2415.5362
4832.0000,35.3464,36.6941,2416.0367
4833.0000,35.0381,36.3627,2416.5364
4834.0000,34.3697,35.6261,2417.0356
4835.0000,33.5180,34.7961,2417.5348
4836.0000,35.1187,36.4575,2418.0365
4837.0000,35.2753,36.3619,2418.5364
4838.0000,36.8431,39.0721,2419.0391
4839.0000,33.3529,34.6036,2419.5346
4840.0000,35.1334,36.4785,2420.0365
4841.0000,34.6784,35.7566,2420.5358
4842.0000,36.1263,37.4630,2421.0375
4843.0000,33.4085,34.6684,2421.5347
4844.0000,34.9125,36.7541,2422.0368
4845.0000,35.1260,36.4290,2422.5364
4846.0000,34.6567,35.8124,2423.0358
4847.0000,33.3895,34.6375,2423.5346
4848.0000,26.0517,27.1698,2424.0272
4849.0000,35.8081,37.5155,2424.5375
4850.0000,35.3618,36.6702,2425.0367
4851.0000,33.6549,34.9217,2425.5349
4852.0000,33.3809,34.4205,2426.0344
4853.0000,34.6879,36.0164,2426.5360
4854.0000,36.1609,38.0535,2427.0381
4855.0000,34.6404,35.7782,2427.5358
4856.0000,34.4771,35.7711,2428.0358
4857.0000,34.5984,35.9164,2428.5359
4858.0000,35.2753,36.5870,2429.0366
4859.0000,36.2868,37.4828,2429.5375
4860.0000,35.3219,37.3691,2430.0374
4861.0000,34.8286,36.1299,2430.5361
4862.0000,35.3339,37.1753,2431.0372
4863.0000,34.8053,35.9293,2431.5359
4864.0000,34.8440,36.1688,2432.0362
4865.0000,34.6866,35.9968,2432.5360
4866.0000,25.7124,26.4297,2433.0264
4867.0000,36.6789,38.5014,2433.5385
4868.0000,36.7224,38.6323,2434.0386
4869.0000,33.7347,35.0194,2434.5350
4870.0000,33.5511,34.7218,2435.0347
4871.0000,36.2701,37.6710,2435.5377
4872.0000,35.6300,36.8056,2436.0368
4873.0000,34.8003,36.1156,2436.5361
4874.0000,35.1091,36.4221,2437.0364
4875.0000,33.6205,35.0218,2437.5350
4876.0000,35.4519,36.7905,2438.0368
4877.0000,34.2448,35.5240,2438.5355
4878.0000,35.1566,36.4403,2439.0364
4879.0000,34.4930,35.8108,2439.5358
4880.0000,34.5533,35.8683,2440.0359
4881.0000,36.2902,37.6443,2440.5377
4882.0000,33.1131,33.4398,2441.0334
4883.0000,34.9177,36.0379,2441.5360
4884.0000,36.2916,37.5537,2442.0376
4885.0000,34.2305,35.3517,2442.5354
4886.0000,35.2190,36.4408,2443.0364
4887.0000,13.1848,15.1570,2443.5152
4888.0000,35.5595,37.1424,2444.0372
4889.0000,35.2326,36.4018,2444.5364
4890.0000,35.5243,36.7168,2445.0367
4891.0000,37.2083,38.4431,2445.5385
4892.0000,34.7900,35.9951,2446.0360
4893.0000,36.5532,37.7334,2446.5377
4894.0000,36.7058,37.8931,2447.0379
4895.0000,34.2707,35.3459,2447.5353
4896.0000,35.0903,36.2141,2448.0362
4897.0000,35.2593,36.3435,2448.5363
4898.0000,36.5314,37.7008,2449.0377
4899.0000,36.3201,37.4758,2449.5375
4900.0000,37.0304,38.2396,2450.0382
4901.0000,37.8231,38.9943,2450.5390
4902.0000,14.5200,15.0101,2451.0150
4903.0000,33.2198,34.3883,2451.5344
4904.0000,33.9189,35.1213,2452.0351
4905.0000,34.2791,35.4459,2452.5355
4906.0000,26.1692,26.6862,2453.0267
4907.0000,25.9274,26.7740,2453.5268
4908.0000,36.9088,38.3506,2454.0384
4909.0000,36.6926,38.0898,2454.5381
4910.0000,35.9362,37.3342,2455.0373
4911.0000,33.5383,34.8208,2455.5348
4912.0000,35.1562,37.0074,2456.0370
4913.0000,34.4197,35.7347,2456.5357
4914.0000,37.5306,39.4775,2457.0395
4915.0000,34.6258,35.9956,2457.5360
4916.0000,34.7467,36.0680,2458.0361
4917.0000,34.7718,36.0811,2458.5361
4918.0000,34.5936,35.9555,2459.0360
4919.0000,23.7054,24.3941,2459.5244
4920.0000,35.7909,37.1958,2460.0372
4921.0000,33.3025,34.5528,2460.5346
4922.0000,36.8312,38.2095,2461.0382
4923.0000,33.6515,35.0474,2461.5350
4924.0000,34.8843,36.2192,2462.0362
4925.0000,34.6016,35.6499,2462.5356
4926.0000,34.6890,36.0019,2463.0360
4927.0000,34.6659,35.9890,2463.5360
4928.0000,34.6024,35.9248,2464.0359
4929.0000,34.8036,35.9181,2464.5359
4930.0000,35.2321,36.6337,2465.0366
4931.0000,33.4398,34.4952,2465.5345
4932.0000,36.9711,38.2202,2466.0382
4933.0000,34.6374,35.9637,2466.5360
4934.0000,35.1930,36.5405,2467.0365
4935.0000,34.9416,36.2883,2467.5363
4936.0000,34.6709,36.0281,2468.0360
4937.0000,34.4905,35.8184,2468.5358
4938.0000,35.3093,36.6410,2469.0366
4939.0000,34.1386,34.9858,2469.5350
4940.0000,33.6384,34.8576,2470.0349
4941.0000,34.9339,36.0277,2470.5360
4942.0000,34.5107,35.6883,2471.0357
4943.0000,32.8978,33.9641,2471.5340
4944.0000,37.1580,38.3579,2472.0384
4945.0000,34.6867,35.8111,2472.5358
4946.0000,35.2017,36.3015,2473.0363
4947.0000,33.4796,34.7366,2473.5347
4948.0000,11.7280,12.7069,2474.0127
4949.0000,33.5596,35.1586,2474.5352
4950.0000,33.6875,35.3660,2475.0354
4951.0000,33.2570,34.5785,2475.5346
4952.0000,33.2643,34.5468,2476.0345
4953.0000,33.1519,34.4317,2476.5344
4954.0000,33.6886,34.9793,2477.0350
4955.0000,33.5487,34.8176,2477.5348
4956.0000,33.4095,34.6670,2478.0347
4957.0000,34.6986,36.0163,2478.5360
4958.0000,36.9837,38.2021,2479.0382
4959.0000,34.0227,35.0683,2479.5351
4960.0000,34.0242,35.0642,2480.0351
4961.0000,34.7312,35.7814,2480.5358
4962.0000,36.4148,37.7386,2481.0377
4963.0000,33.5993,34.8740,2481.5349
4964.0000,34.8482,36.7017,2482.0367
4965.0000,34.7331,35.8345,2482.5358
4966.0000,34.6397,35.9687,2483.0360
4967.0000,33.1771,34.4430,2483.5344
4968.0000,33.1680,34.4232,2484.0344
4969.0000,34.7257,36.0437,2484.5360
4970.0000,36.9952,38.1702,2485.0382
4971.0000,34.9345,36.0980,2485.5361
4972.0000,34.7963,36.1527,2486.0362
4973.0000,34.7675,36.0852,2486.5361
4974.0000,34.9655,36.2887,2487.0363
4975.0000,34.5523,35.8729,2487.5359
4976.0000,34.7269,36.1042,2488.0361
4977.0000,34.6708,35.7898,2488.5358
4978.0000,34.9653,36.3048,2489.0363
4979.0000,33.2155,34.4892,2489.5345
4980.0000,36.5036,38.4619,2490.0385
4981.0000,34.4389,35.7810,2490.5358
4982.0000,35.4471,36.5148,2491.0365
4983.0000,35.0748,36.4324,2491.5364
4984.0000,33.3276,34.3536,2492.0344
4985.0000,34.7235,36.0445,2492.5360
4986.0000,35.3292,37.1686,2493.0372
4987.0000,33.2219,34.4735,2493.5345
4988.0000,34.7504,36.0853,2494.0361
4989.0000,34.9344,36.0227,2494.5360
4990.0000,34.6708,35.9961,2495.0360
4991.0000,34.6039,35.9246,2495.5359
4992.0000,36.9264,39.0818,2496.0391
4993.0000,33.7758,35.0482,2496.5350
4994.0000,35.9943,37.3429,2497.0373
4995.0000,34.5753,35.8779,2497.5359
4996.0000,33.6304,34.9102,2498.0349
4997.0000,35.2544,36.6252,2498.5366
4998.0000,34.4807,35.8116,2499.0358
4999.0000,34.5771,35.9026,2499.5359
5000.0000,34.7073,36.5641,2500.0366
5001.0000,34.6370,35.9475,2500.5359
5002.0000,34.6352,35.3967,2501.0354
5003.0000,36.0629,37.2752,2501.5373
5004.0000,34.7356,36.6057,2502.0366
5005.0000,34.4835,35.7959,2502.5358
5006.0000,34.9323,36.2653,2503.0363
5007.0000,34.5476,35.8709,2503.5359
5008.0000,34.7573,36.0859,2504.0361
5009.0000,34.7763,36.0977,2504.5361
5010.0000,35.4159,37.2467,2505.0372
5011.0000,33.3539,34.6172,2505.5346
5012.0000,34.9032,36.2463,2506.0362
5013.0000,34.8537,36.2119,2506.5362
5014.0000,34.6941,36.5291,2507.0365
5015.0000,34.6716,35.7736,2507.5358
5016.0000,35.0248,36.3530,2508.0364
5017.0000,34.7302,36.0492,2508.5360
5018.0000,35.1183,36.4592,2509.0365
5019.0000,33.2639,34.5186,2509.5345
5020.0000,34.8037,36.5653,2510.0366
5021.0000,34.5805,35.8931,2510.5359
5022.0000,38.3949,39.6122,2511.0396
5023.0000,35.0059,36.1423,2511.5361
5024.0000,34.8623,35.9643,2512.0360
5025.0000,34.7349,35.8506,2512.5359
5026.0000,34.1913,35.4466,2513.0354
5027.0000,33.5612,34.5868,2513.5346
5028.0000,34.8761,36.2190,2514.0362
5029.0000,34.9494,35.3431,2514.5353
5030.0000,34.6494,36.4694,2515.0365
5031.0000,34.7951,35.9109,2515.5359
5032.0000,37.0991,38.5246,2516.0385
5033.0000,34.9353,36.1032,2516.5361
5034.0000,35.5203,36.8513,2517.0370
5035.0000,33.4574,34.7098,2517.5347
5036.0000,34.7047,35.8077,2518.0358
5037.0000,34.9432,35.3335,2518.5353
5038.0000,34.6265,35.9822,2519.0360
5039.0000,29.9777,30.6164,2519.5306
5040.0000,36.5839,39.5560,2520.0396
5041.0000,34.8590,36.1686,2520.5362
5042.0000,37.9877,39.2308,2521.0392
5043.0000,34.5658,35.8880,2521.5359
5044.0000,35.4290,36.8386,2522.0368
5045.0000,30.8890,32.1296,2522.5321
5046.0000,33.5347,35.0286,2523.0350
5047.0000,33.6652,34.9014,2523.5349
5048.0000,33.7260,34.7594,2524.0348
5049.0000,11.0871,13.3375,2524.5133
5050.0000,33.9337,36.0827,2525.0361
5051.0000,33.5000,34.5181,2525.5345
5052.0000,35.3871,36.7490,2526.0367
5053.0000,34.6445,35.9685,2526.5360
5054.0000,35.1489,36.4732,2527.0365
5055.0000,34.6519,35.9713,2527.5360
5056.0000,33.4965,34.7452,2528.0347
5057.0000,34.5059,35.8158,2528.5358
5058.0000,35.2893,36.6132,2529.0366
5059.0000,33.2203,34.4743,2529.5345
5060.0000,34.7115,36.0370,2530.0360
5061.0000,34.6071,35.9208,2530.5359
5062.0000,35.2728,36.6127,2531.0366
5063.0000,34.5959,35.9140,2531.5359
5064.0000,34.7794,36.1045,2532.0361
5065.0000,37.1668,38.4138,2532.5384
5066.0000,35.0755,36.0957,2533.0361
5067.0000,33.5940,34.8615,2533.5349
5068.0000,34.6748,36.0112,2534.0360
5069.0000,34.8497,35.9743,2534.5360
5070.0000,34.7528,36.5767,2535.0366
5071.0000,34.7549,36.0760,2535.5361
5072.0000,33.5304,34.5919,2536.0346
5073.0000,33.4908,34.7376,2536.5347
5074.0000,34.0621,35.3356,2537.0353
5075.0000,33.4392,34.5101,2537.5345
5076.0000,33.2997,34.5617,2538.0346
5077.0000,35.5096,35.9356,2538.5359
5078.0000,34.2833,35.4455,2539.0354
5079.0000,34.0022,35.4490,2539.5354
5080.0000,33.5453,34.8044,2540.0348
5081.0000,35.8388,37.2717,2540.5373
5082.0000,33.9003,35.1617,2541.0352
5083.0000,33.5117,34.7656,2541.5348
5084.0000,34.6482,36.0244,2542.0360
5085.0000,34.8770,35.9770,2542.5360
5086.0000,33.3737,34.6380,2543.0346
5087.0000,34.7628,35.9862,2543.5360
5088.0000,33.6034,34.8515,2544.0349
5089.0000,32.6134,33.6843,2544.5337
5090.0000,35.1947,36.3417,2545.0363
5091.0000,33.1606,33.9533,2545.5340
5092.0000,34.7581,36.1168,2546.0361
5093.0000,27.2317,27.6324,2546.5276
5094.0000,36.7676,38.5304,2547.0385
5095.0000,34.7726,36.1890,2547.5362
5096.0000,34.7985,36.1319,2548.0361
5097.0000,34.6985,35.7463,2548.5357
5098.0000,36.5258,37.5651,2549.0376
5099.0000,33.5531,34.7609,2549.5348
5100.0000,35.7262,37.1441,2550.0371
5101.0000,35.4464,36.7938,2550.5368
5102.0000,25.5062,26.0410,2551.0260
5103.0000,33.6616,34.9235,2551.5349
5104.0000,33.8236,35.1230,2552.0351
5105.0000,36.3202,37.5324,2552.5375
5106.0000,29.6965,30.8931,2553.0309
5107.0000,33.5681,34.8577,2553.5349
5108.0000,33.7085,34.9995,2554.0350
5109.0000,10.7207,12.8089,2554.5128
5110.0000,32.9114,34.8284,2555.0348
5111.0000,32.7695,34.0737,2555.5341
5112.0000,32.6882,34.0260,2556.0340
5113.0000,32.5286,33.7939,2556.5338
5114.0000,34.8518,36.0514,2557.0361
5115.0000,33.4763,34.7602,2557.5348
5116.0000,33.8147,35.0820,2558.0351
5117.0000,34.0041,35.2947,2558.5353
5118.0000,36.6010,37.9284,2559.0379
5119.0000,34.6619,35.9930,2559.5360
5120.0000,34.7415,36.5908,2560.0366
5121.0000,34.5855,35.6099,2560.5356
5122.0000,35.1719,36.3183,2561.0363
5123.0000,19.0449,20.0855,2561.5201
5124.0000,29.9780,31.8098,2562.0318
5125.0000,34.6908,35.8214,2562.5358
5126.0000,34.6659,35.9919,2563.0360
5127.0000,34.6243,35.9536,2563.5360
5128.0000,34.7228,36.0437,2564.0360
5129.0000,34.6267,35.9455,2564.5359
5130.0000,35.6175,37.4398,2565.0374
5131.0000,33.3318,34.7125,2565.5347
5132.0000,33.2692,34.5255,2566.0345
5133.0000,34.7939,35.9042,2566.5359
5134.0000,34.6068,35.7454,2567.0358
5135.0000,36.3261,37.5746,2567.5376
5136.0000,34.9021,36.0167,2568.0360
5137.0000,34.6300,35.9611,2568.5360
5138.0000,34.9389,36.2592,2569.0363
5139.0000,33.2402,34.5131,2569.5345
5140.0000,31.5731,33.2323,2570.0332
5141.0000,34.7053,36.0390,2570.5360
5142.0000,37.0393,38.4718,2571.0385
5143.0000,35.4636,36.5901,2571.5366
5144.0000,35.0825,36.2221,2572.0362
5145.0000,36.0686,37.1240,2572.5371
5146.0000,35.3488,36.6980,2573.0367
5147.0000,33.3902,34.6491,2573.5346
5148.0000,28.8438,29.9163,2574.0299
5149.0000,33.5770,34.8711,2574.5349
5150.0000,35.3181,36.6933,2575.0367
5151.0000,33.3813,34.6444,2575.5346
5152.0000,34.7581,36.0820,2576.0361
5153.0000,34.5925,35.9309,2576.5359
5154.0000,34.4831,35.5402,2577.0355
5155.0000,34.7653,35.9150,2577.5359
5156.0000,34.4694,36.3016,2578.0363
5157.0000,33.4572,34.7086,2578.5347
5158.0000,34.7585,36.0849,2579.0361
5159.0000,15.1731,15.3727,2579.5154
5160.0000,33.9662,35.4394,2580.0354
5161.0000,33.3227,34.5711,2580.5346
5162.0000,36.9500,38.3444,2581.0383
5163.0000,31.0534,31.6147,2581.5316
5164.0000,33.7248,34.8962,2582.0349
5165.0000,32.4316,33.7032,2582.5337
5166.0000,32.3702,33.2070,2583.0332
5167.0000,34.0055,35.4418,2583.5354
5168.0000,32.1115,33.4012,2584.0334
5169.0000,32.0435,33.2938,2584.5333
5170.0000,32.4956,33.7387,2585.0337
5171.0000,33.6637,34.9353,2585.5349
5172.0000,34.6772,36.0123,2586.0360
5173.0000,37.1793,37.6776,2586.5377
5174.0000,37.3955,38.9727,2587.0390
5175.0000,33.5896,34.8477,2587.5348
5176.0000,33.8363,35.0918,2588.0351
5177.0000,34.9694,36.3203,2588.5363
5178.0000,35.3879,37.2054,2589.0372
5179.0000,33.3632,34.6233,2589.5346
5180.0000,34.8556,36.2627,2590.0363
5181.0000,34.8118,35.9124,2590.5359
5182.0000,35.0678,36.4070,2591.0364
5183.0000,36.6707,37.8897,2591.5379
5184.0000,34.5591,35.8973,2592.0359
5185.0000,34.6967,36.0265,2592.5360
5186.0000,35.3270,37.1434,2593.0371
5187.0000,33.2664,34.5242,2593.5345
5188.0000,34.9174,36.2354,2594.0362
5189.0000,35.5227,36.7424,2594.5367
5190.0000,34.6402,35.8153,2595.0358
5191.0000,34.7168,36.0687,2595.5361
5192.0000,34.5761,35.9006,2596.0359
5193.0000,35.5531,36.6923,2596.5367
5194.0000,35.1859,36.5140,2597.0365
5195.0000,34.6207,35.9683,2597.5360
5196.0000,34.9836,36.8114,2598.0368
5197.0000,34.6480,35.7554,2598.5358
5198.0000,37.2703,39.4679,2599.0395
5199.0000,34.4135,36.2621,2599.5363
5200.0000,34.5309,35.9405,2600.0359
5201.0000,34.5772,35.9290,2600.5359
5202.0000,35.0403,36.1472,2601.0361
5203.0000,35.1985,36.5730,2601.5366
5204.0000,35.4480,37.3265,2602.0373
5205.0000,34.7717,35.8939,2602.5359
5206.0000,33.5448,34.8224,2603.0348
5207.0000,34.2952,35.6476,2603.5356
5208.0000,33.4280,34.6841,2604.0347
5209.0000,34.6190,35.9435,2604.5359
5210.0000,36.9236,38.0692,2605.0381
5211.0000,36.8907,38.3401,2605.5383
5212.0000,34.8809,36.2437,2606.0362
5213.0000,34.8038,35.2030,2606.5352
5214.0000,34.9769,36.2962,2607.0363
5215.0000,34.6182,35.9765,2607.5360
5216.0000,34.6338,35.6723,2608.0357
5217.0000,34.6752,36.0057,2608.5360
5218.0000,35.0710,36.1878,2609.0362
5219.0000,33.3901,34.6467,2609.5346
5220.0000,34.8989,35.9660,2610.0360
5221.0000,33.5659,34.8394,2610.5348
5222.0000,34.6009,35.9418,2611.0359
5223.0000,35.9036,37.2765,2611.5373
5224.0000,36.1980,37.5827,2612.0376
5225.0000,34.6031,35.7307,2612.5357
5226.0000,35.4214,36.4215,2613.0364
5227.0000,33.6649,34.9573,2613.5350
5228.0000,33.9891,35.2575,2614.0353
5229.0000,33.3136,34.5825,2614.5346
5230.0000,36.2699,37.4406,2615.0374
5231.0000,34.4961,35.8333,2615.5358
5232.0000,34.7334,36.0626,2616.0361
5233.0000,34.6515,35.9742,2616.5360
5234.0000,35.2694,36.5980,2617.0366
5235.0000,33.4693,34.7423,2617.5347
5236.0000,34.6804,36.0079,2618.0360
5237.0000,34.6120,35.9515,2618.5360
5238.0000,34.3008,35.3894,2619.0354
5239.0000,34.6252,35.4847,2619.5355
5240.0000,34.3232,36.1351,2620.0361
5241.0000,34.2815,35.5864,2620.5356
5242.0000,35.2500,36.2672,2621.0363
5243.0000,33.4681,34.7236,2621.5347
5244.0000,35.1541,35.8965,2622.0359
5245.0000,34.2903,35.4134,2622.5354
5246.0000,34.9141,36.2512,2623.0363
5247.0000,34.6082,35.7218,2623.5357
5248.0000,29.0891,30.1780,2624.0302
5249.0000,9.9430,11.6617,2624.5117
5250.0000,33.0672,34.6729,2625.0347
5251.0000,33.5845,34.8488,2625.5348
5252.0000,33.3366,34.5947,2626.0346
5253.0000,35.3318,36.4828,2626.5365
5254.0000,34.7727,36.1480,2627.0361
5255.0000,34.0306,35.1402,2627.5351
5256.0000,36.8180,39.0949,2628.0391
5257.0000,34.6418,35.8003,2628.5358
5258.0000,34.9425,36.2800,2629.0363
5259.0000,33.4895,34.7545,2629.5348
5260.0000,34.7992,36.1379,2630.0361
5261.0000,34.5832,35.7022,2630.5357
5262.0000,37.2435,38.7018,2631.0387
5263.0000,35.1063,36.4777,2631.5365
5264.0000,35.8474,37.1985,2632.0372
5265.0000,33.6506,34.6941,2632.5347
5266.0000,34.2241,35.2759,2633.0353
5267.0000,33.5279,34.5894,2633.5346
5268.0000,33.3488,34.3863,2634.0344
5269.0000,35.9867,37.2167,2634.5372
5270.0000,34.5709,35.9401,2635.0359
5271.0000,34.8499,36.1798,2635.5362
5272.0000,34.8918,36.2320,2636.0362
5273.0000,34.6471,35.5066,2636.5355
5274.0000,34.2222,35.3792,2637.0354
5275.0000,36.8184,37.3548,2637.5374
5276.0000,34.8284,36.2118,2638.0362
5277.0000,34.5736,35.5967,2638.5356
5278.0000,34.7904,36.1392,2639.0361
5279.0000,19.5245,19.9841,2639.5200
5280.0000,34.8158,36.1883,2640.0362
5281.0000,34.7473,35.5966,2640.5356
5282.0000,36.0997,37.3215,2641.0373
5283.0000,33.9315,35.0443,2641.5350
5284.0000,36.0194,37.9139,2642.0379
5285.0000,34.8642,35.8623,2642.5359
5286.0000,35.0760,36.4486,2643.0364
5287.0000,34.6066,35.9282,2643.5359
5288.0000,34.6339,35.9623,2644.0360
5289.0000,34.2573,35.3282,2644.5353
5290.0000,35.0173,36.3505,2645.0364
5291.0000,33.2463,34.2930,2645.5343
5292.0000,34.8900,36.2056,2646.0362
5293.0000,36.1172,36.5316,2646.5365
5294.0000,35.9139,37.1546,2647.0372
5295.0000,33.9283,34.9737,2647.5350
5296.0000,33.5875,34.6355,2648.0346
5297.0000,33.6912,34.8803,2648.5349
5298.0000,36.0922,37.9661,2649.0380
5299.0000,33.5286,34.7880,2649.5348
5300.0000,34.6484,35.9690,2650.0360
5301.0000,34.9591,36.0611,2650.5361
5302.0000,34.7826,36.2742,2651.0363
5303.0000,33.9079,34.9696,2651.5350
5304.0000,35.0487,36.1958,2652.0362
5305.0000,35.1737,36.2744,2652.5363
5306.0000,35.6369,36.7686,2653.0368
5307.0000,34.6430,35.7098,2653.5357
5308.0000,33.9920,35.0755,2654.0351
5309.0000,34.3665,35.4282,2654.5354
5310.0000,33.9451,35.1439,2655.0351
5311.0000,34.9994,36.3726,2655.5364
5312.0000,34.4276,35.7600,2656.0358
5313.0000,36.4508,37.6186,2656.5376
5314.0000,34.1337,35.1801,2657.0352
5315.0000,33.5007,34.7457,2657.5347
5316.0000,35.0934,36.4408,2658.0364
5317.0000,35.3128,36.3651,2658.5364
5318.0000,37.1997,38.6095,2659.0386
5319.0000,34.5553,35.9368,2659.5359
5320.0000,34.6023,35.9152,2660.0359
5321.0000,34.1935,35.1768,2660.5352
5322.0000,35.2743,37.2543,2661.0373
5323.0000,33.3035,34.5598,2661.5346
5324.0000,34.8197,35.9254,2662.0359
5325.0000,34.5568,35.8897,2662.5359
5326.0000,34.6077,35.9304,2663.0359
5327.0000,34.7787,36.3147,2663.5363
5328.0000,33.4818,34.7397,2664.0347
5329.0000,34.9664,35.2977,2664.5353
5330.0000,35.1469,36.4640,2665.0365
5331.0000,33.4281,34.8836,2665.5349
5332.0000,34.8116,36.6351,2666.0366
5333.0000,34.5295,35.6224,2666.5356
5334.0000,34.8671,36.5209,2667.0365
5335.0000,34.6167,35.6637,2667.5357
5336.0000,34.5426,35.6053,2668.0356
5337.0000,34.9902,35.3061,2668.5353
5338.0000,35.1084,36.4266,2669.0364
5339.0000,33.4442,34.6964,2669.5347
5340.0000,32.0059,33.2246,2670.0332
5341.0000,34.6903,34.9928,2670.5350
5342.0000,34.4371,35.7536,2671.0358
5343.0000,34.7298,36.0499,2671.5360
5344.0000,34.5723,36.3923,2672.0364
5345.0000,34.8504,35.1679,2672.5352
5346.0000,35.7169,37.5574,2673.0376
5347.0000,33.9561,35.2142,2673.5352
5348.0000,34.2712,35.3983,2674.0354
5349.0000,12.0690,13.4887,2674.5135
5350.0000,34.4401,36.6536,2675.0367
5351.0000,35.3591,36.7123,2675.5367
5352.0000,35.1181,36.4627,2676.0365
5353.0000,34.7319,35.7910,2676.5358
5354.0000,34.0507,35.1860,2677.0352
5355.0000,34.8228,36.1500,2677.5361
5356.0000,34.6795,36.0352,2678.0360
5357.0000,35.1187,36.4470,2678.5364
5358.0000,34.7206,36.0644,2679.0361
5359.0000,33.2950,34.5504,2679.5345
5360.0000,34.4566,35.7693,2680.0358
5361.0000,34.7616,35.8650,2680.5359
5362.0000,35.3319,37.1770,2681.0372
5363.0000,33.7617,34.8104,2681.5348
5364.0000,35.5787,36.7594,2682.0368
5365.0000,35.6591,36.7154,2682.5367
5366.0000,34.9316,37.1322,2683.0371
5367.0000,33.4530,34.5035,2683.5345
5368.0000,34.8675,36.1811,2684.0362
5369.0000,36.3978,37.7214,2684.5377
5370.0000,35.2983,36.6500,2685.0366
5371.0000,33.3198,34.5610,2685.5346
5372.0000,33.4943,34.7397,2686.0347
5373.0000,31.2983,32.6451,2686.5326
5374.0000,33.4882,35.3184,2687.0353
5375.0000,34.6669,35.8202,2687.5358
5376.0000,34.3476,35.6629,2688.0357
5377.0000,34.8453,36.1708,2688.5362
5378.0000,33.9103,35.1550,2689.0352
5379.0000,33.3097,34.5836,2689.5346
5380.0000,34.7656,36.0910,2690.0361
5381.0000,34.8751,36.2055,2690.5362
5382.0000,37.1092,38.3449,2691.0384
5383.0000,34.6865,36.0398,2691.5360
5384.0000,35.6702,37.0257,2692.0370
5385.0000,35.2710,36.3506,2692.5364
5386.0000,35.4594,37.3339,2693.0373
5387.0000,33.3612,34.6335,2693.5346
5388.0000,34.1395,35.2720,2694.0353
5389.0000,36.7049,37.8659,2694.5379
5390.0000,35.0205,37.1814,2695.0372
5391.0000,34.5217,35.9201,2695.5359
5392.0000,35.0897,36.2328,2696.0362
5393.0000,33.6689,34.9540,2696.5350
5394.0000,34.7596,36.0415,2697.0360
5395.0000,37.0145,38.4552,2697.5385
5396.0000,34.9993,36.8525,2698.0370
5397.0000,34.6118,35.7155,2698.5357
5398.0000,33.7428,35.0411,2699.0350
5399.0000,9.6924,9.8493,2699.5098
5400.0000,35.0352,36.1581,2700.0362
5401.0000,34.7942,35.8991,2700.5359
5402.0000,35.4278,36.7577,2701.0368
5403.0000,33.1451,34.1990,2701.5342
5404.0000,36.1684,37.3537,2702.0374
5405.0000,34.8479,36.0400,2702.5360
5406.0000,31.5690,32.6133,2703.0326
5407.0000,37.0258,38.4962,2703.5385
5408.0000,34.7970,36.1262,2704.0361
5409.0000,34.5783,35.9435,2704.5359
5410.0000,11.8963,14.6654,2705.0147
5411.0000,34.5001,36.7435,2705.5367
5412.0000,34.6092,35.8919,2706.0359
5413.0000,27.2346,28.4250,2706.5284
5414.0000,36.8596,38.2976,2707.0383
5415.0000,33.6408,34.9411,2707.5349
5416.0000,35.0325,36.3824,2708.0364
5417.0000,34.9513,36.0680,2708.5361
5418.0000,33.8219,35.0729,2709.0351
5419.0000,33.3354,34.5945,2709.5346
5420.0000,34.6276,35.7481,2710.0357
5421.0000,34.9416,36.2912,2710.5363
5422.0000,35.3369,36.4680,2711.0365
5423.0000,33.5710,34.8514,2711.5348
5424.0000,35.3471,36.4842,2712.0365
5425.0000,36.8784,38.0529,2712.5381
5426.0000,35.0908,36.2071,2713.0362
5427.0000,33.3099,34.5730,2713.5346
5428.0000,34.7015,36.0296,2714.0360
5429.0000,34.6943,36.0233,2714.5360
5430.0000,34.6405,35.9610,2715.0360
5431.0000,34.6133,35.9591,2715.5360
5432.0000,34.5060,35.8284,2716.0358
5433.0000,35.0905,36.3248,2716.5363
5434.0000,35.7173,37.5475,2717.0375
5435.0000,34.6821,36.0805,2717.5361
5436.0000,33.6288,34.8702,2718.0349
5437.0000,35.8014,37.3860,2718.5374
5438.0000,36.9420,38.9076,2719.0389
5439.0000,33.2455,34.2599,2719.5343
5440.0000,34.8165,35.9158,2720.0359
5441.0000,34.7722,36.0948,2720.5361
5442.0000,35.3685,37.2076,2721.0372
5443.0000,33.6772,35.0045,2721.5350
5444.0000,34.9138,36.2486,2722.0362
5445.0000,35.0422,36.3779,2722.5364
5446.0000,34.6260,36.4812,2723.0365
5447.0000,34.6415,35.9992,2723.5360
5448.0000,19.3572,19.8070,2724.0198
5449.0000,31.6748,32.5137,2724.5325
5450.0000,33.6062,34.8325,2725.0348
5451.0000,37.0473,39.3832,2725.5394
5452.0000,34.7306,35.8835,2726.0359
5453.0000,35.2844,36.4184,2726.5364
5454.0000,34.9591,36.2709,2727.0363
5455.0000,34.7449,36.0756,2727.5361
5456.0000,34.6486,35.9788,2728.0360
5457.0000,34.8094,36.1360,2728.5361
5458.0000,35.3745,37.2053,2729.0372
5459.0000,34.1184,35.1715,2729.5352
5460.0000,35.2539,36.6105,2730.0366
5461.0000,33.5435,34.7959,2730.5348
5462.0000,34.7434,36.0827,2731.0361
5463.0000,36.3300,37.4991,2731.5375
5464.0000,35.0621,36.4167,2732.0364
5465.0000,34.5925,35.9217,2732.5359
5466.0000,34.1538,35.4107,2733.0354
5467.0000,33.3473,34.5933,2733.5346
5468.0000,34.9168,36.0543,2734.0361
5469.0000,34.9310,36.2902,2734.5363
5470.0000,36.6505,38.1710,2735.0382
5471.0000,34.4961,35.8401,2735.5358
5472.0000,34.6289,35.7331,2736.0357
5473.0000,34.4288,35.2546,2736.5353
5474.0000,35.3574,36.2101,2737.0362
5475.0000,33.6804,34.9448,2737.5349
5476.0000,34.8340,35.9580,2738.0360
5477.0000,34.5568,35.8787,2738.5359
5478.0000,34.7290,35.8198,2739.0358
5479.0000,34.5212,35.8398,2739.5358
5480.0000,30.2820,31.6219,2740.0316
5481.0000,36.9108,38.2413,2740.5382
5482.0000,35.2209,37.2367,2741.0372
5483.0000,34.7064,35.9964,2741.5360
5484.0000,34.9652,36.3362,2742.0363
5485.0000,32.9010,33.8934,2742.5339
5486.0000,36.0023,37.8445,2743.0378
5487.0000,34.6300,35.9579,2743.5360
5488.0000,34.8077,36.1053,2744.0361
5489.0000,34.6270,35.7305,2744.5357
5490.0000,35.3848,36.7081,2745.0367
5491.0000,33.4922,34.7510,2745.5347
5492.0000,34.7132,36.0528,2746.0361
5493.0000,34.3068,35.4163,2746.5354
5494.0000,34.5837,35.7088,2747.0357
5495.0000,34.9378,35.7930,2747.5358
5496.0000,34.8249,36.2004,2748.0362
5497.0000,34.5205,35.8455,2748.5358
5498.0000,35.0497,36.3700,2749.0364
5499.0000,33.2568,34.5148,2749.5345
5500.0000,34.8217,36.1559,2750.0362
5501.0000,34.8080,35.1965,2750.5352
5502.0000,37.0559,38.2897,2751.0383
5503.0000,35.4725,36.8233,2751.5368
5504.0000,34.7636,36.1478,2752.0361
5505.0000,36.3601,37.7576,2752.5378
5506.0000,36.4088,38.5524,2753.0386
5507.0000,33.3343,34.5899,2753.5346
5508.0000,35.0295,36.3559,2754.0364
5509.0000,34.6788,36.0079,2754.5360
5510.0000,34.6887,36.0214,2755.0360
5511.0000,37.0673,39.0442,2755.5390
5512.0000,34.7802,35.9855,2756.0360
5513.0000,34.3629,35.6884,2756.5357
5514.0000,35.3742,36.6953,2757.0367
5515.0000,34.3112,35.6045,2757.5356
5516.0000,35.5251,36.7345,2758.0367
5517.0000,34.5030,35.8297,2758.5358
5518.0000,34.5708,36.4201,2759.0364
5519.0000,15.2676,15.8808,2759.5159
5520.0000,35.0788,36.4464,2760.0364
5521.0000,33.3737,34.6319,2760.5346
5522.0000,37.1863,39.1822,2761.0392
5523.0000,29.0121,30.3059,2761.5303
5524.0000,36.4873,38.3904,2762.0384
5525.0000,33.8892,34.9522,2762.5350
5526.0000,35.7193,37.6090,2763.0376
5527.0000,33.4802,34.6546,2763.5347
5528.0000,34.8915,36.2180,2764.0362
5529.0000,34.5630,35.8822,2764.5359
5530.0000,35.2592,36.5928,2765.0366
5531.0000,34.7668,36.1242,2765.5361
5532.0000,34.7708,35.9629,2766.0360
5533.0000,34.4937,35.8152,2766.5358
5534.0000,34.5892,36.3556,2767.0364
5535.0000,35.0505,36.3857,2767.5364
5536.0000,34.8298,36.1649,2768.0362
5537.0000,34.6387,35.9569,2768.5360
5538.0000,34.5816,35.9022,2769.0359
5539.0000,33.4569,34.5153,2769.5345
5540.0000,33.4204,34.6728,2770.0347
5541.0000,33.5097,34.7548,2770.5348
5542.0000,36.0864,37.4611,2771.0375
5543.0000,34.7414,36.0216,2771.5360
5544.0000,33.5376,34.5715,2772.0346
5545.0000,34.7674,36.0977,2772.5361
5546.0000,35.2262,36.5441,2773.0365
5547.0000,33.4780,34.7457,2773.5347
5548.0000,31.7452,32.5229,2774.0325
5549.0000,33.9719,34.4200,2774.5344
5550.0000,34.6285,35.9404,2775.0359
5551.0000,34.8551,36.1349,2775.5361
5552.0000,34.6023,36.4160,2776.0364
5553.0000,34.7266,36.0524,2776.5361
5554.0000,34.0928,35.1500,2777.0351
5555.0000,34.3608,35.4865,2777.5355
5556.0000,34.7722,36.2289,2778.0362
5557.0000,35.2596,36.2758,2778.5363
5558.0000,34.4856,35.9411,2779.0359
5559.0000,34.8853,36.0098,2779.5360
5560.0000,34.7689,36.1146,2780.0361
5561.0000,33.2382,34.4902,2780.5345
5562.0000,35.1739,36.5309,2781.0365
5563.0000,33.4091,34.6710,2781.5347
5564.0000,34.7316,36.1142,2782.0361
5565.0000,34.5671,35.9044,2782.5359
5566.0000,34.8640,36.0115,2783.0360
5567.0000,34.6366,35.9680,2783.5360
5568.0000,34.6306,35.9965,2784.0360
5569.0000,34.6188,35.7588,2784.5358
5570.0000,35.3999,37.2216,2785.0372
5571.0000,33.3027,34.0605,2785.5341
5572.0000,34.7843,36.1535,2786.0362
5573.0000,34.5512,35.6534,2786.5357
5574.0000,34.7030,35.8206,2787.0358
5575.0000,35.3148,36.6668,2787.5367
5576.0000,34.7474,36.5873,2788.0366
5577.0000,34.8317,36.1454,2788.5361
5578.0000,35.4210,36.7571,2789.0368
5579.0000,33.4290,34.6770,2789.5347
5580.0000,34.6704,36.0248,2790.0360
5581.0000,34.5765,35.8958,2790.5359
5582.0000,34.6178,35.7386,2791.0357
5583.0000,34.7285,36.0479,2791.5361
5584.0000,34.8317,36.7045,2792.0367
5585.0000,34.6304,35.9798,2792.5360
5586.0000,33.9672,35.2202,2793.0352
5587.0000,33.4678,34.7232,2793.5347
5588.0000,34.9042,36.2375,2794.0362
5589.0000,34.6681,36.0075,2794.5360
5590.0000,34.8118,35.9221,2795.0359
5591.0000,34.6471,35.9896,2795.5360
5592.0000,34.6275,35.9512,2796.0360
5593.0000,35.7986,37.1592,2796.5372
5594.0000,35.5795,36.7108,2797.0367
5595.0000,33.8622,35.1309,2797.5351
5596.0000,35.2612,37.1293,2798.0371
5597.0000,34.7131,36.0774,2798.5361
5598.0000,34.8704,35.9667,2799.0360
5599.0000,34.6492,35.9846,2799.5360
5600.0000,34.6139,35.9683,2800.0360
5601.0000,34.6660,35.9861,2800.5360
5602.0000,35.3601,36.5413,2801.0365
5603.0000,33.2923,34.3314,2801.5343
5604.0000,34.9086,36.2329,2802.0362
5605.0000,38.7798,39.5825,2802.5396
5606.0000,37.0819,38.2034,2803.0382
5607.0000,34.7546,35.8939,2803.5359
5608.0000,34.9604,36.2926,2804.0363
5609.0000,34.9334,36.0854,2804.5361
5610.0000,35.1068,36.4674,2805.0365
5611.0000,33.5503,34.8085,2805.5348
5612.0000,34.5788,36.4154,2806.0364
5613.0000,34.6004,35.9347,2806.5359
5614.0000,34.0292,35.2979,2807.0353
5615.0000,35.1642,36.3070,2807.5363
5616.0000,34.5756,36.4047,2808.0364
5617.0000,34.5260,35.8723,2808.5359
5618.0000,35.1156,36.4391,2809.0364
5619.0000,33.5122,34.9553,2809.5350
5620.0000,34.6162,35.9407,2810.0359
5621.0000,34.8497,36.1951,2810.5362
5622.0000,35.6682,36.8103,2811.0368
5623.0000,33.4451,34.5196,2811.5345
5624.0000,33.7749,34.8469,2812.0348
5625.0000,35.4794,36.3282,2812.5363
5626.0000,34.4831,35.7885,2813.0358
5627.0000,33.3837,34.6608,2813.5347
5628.0000,33.6875,34.9608,2814.0350
5629.0000,36.3546,37.7136,2814.5377
5630.0000,33.4644,34.7410,2815.0347
5631.0000,34.7112,35.8650,2815.5359
5632.0000,35.0673,36.3879,2816.0364
5633.0000,34.6836,36.0207,2816.5360
5634.0000,35.2598,36.3612,2817.0364
5635.0000,33.6970,34.9569,2817.5350
5636.0000,34.7300,36.0766,2818.0361
5637.0000,34.6343,35.9634,2818.5360
5638.0000,34.7443,36.5976,2819.0366
5639.0000,29.9814,30.6317,2819.5306
5640.0000,36.1787,39.2848,2820.0393
5641.0000,34.7392,35.8515,2820.5359
5642.0000,37.1736,38.3466,2821.0384
5643.0000,33.3555,34.6263,2821.5346
5644.0000,34.8940,36.7851,2822.0368
5645.0000,34.6562,35.7576,2822.5358
5646.0000,35.5217,36.8540,2823.0370
5647.0000,34.7279,36.0741,2823.5361
5648.0000,31.0171,31.8447,2824.0318
5649.0000,32.1092,33.3462,2824.5333
5650.0000,34.2450,35.5770,2825.0356
5651.0000,33.3258,34.5885,2825.5346
5652.0000,33.4094,34.6725,2826.0347
5653.0000,34.7261,36.0554,2826.5361
5654.0000,34.4902,36.3259,2827.0363
5655.0000,34.8248,36.0168,2827.5360
5656.0000,34.8305,36.6598,2828.0367
5657.0000,34.6302,35.9657,2828.5360
5658.0000,35.1356,36.4578,2829.0365
5659.0000,33.4979,34.7578,2829.5348
5660.0000,33.2557,34.5209,2830.0345
5661.0000,34.9164,36.2392,2830.5362
5662.0000,35.1829,36.5829,2831.0366
5663.0000,34.7333,35.8634,2831.5359
5664.0000,34.6139,35.9602,2832.0360
5665.0000,34.6686,35.7777,2832.5358
5666.0000,35.1534,36.4862,2833.0365
5667.0000,33.3141,34.3621,2833.5344
5668.0000,33.3756,34.6364,2834.0346
5669.0000,33.4590,34.7123,2834.5347
5670.0000,34.9968,36.3354,2835.0363
5671.0000,33.2878,34.5402,2835.5345
5672.0000,34.6311,35.9446,2836.0359
5673.0000,34.7772,36.1084,2836.5361
5674.0000,35.1348,36.4561,2837.0365
5675.0000,37.1812,38.6581,2837.5387
5676.0000,34.7257,36.5803,2838.0366
5677.0000,34.5530,35.8822,2838.5359
5678.0000,32.9615,34.1108,2839.0341
5679.0000,35.4361,36.8005,2839.5368
5680.0000,35.9515,37.8713,2840.0379
5681.0000,34.8941,36.2289,2840.5362
5682.0000,34.7539,36.0049,2841.0360
5683.0000,33.7199,35.0108,2841.5350
5684.0000,33.7214,34.9932,2842.0350
5685.0000,33.5315,34.5560,2842.5346
5686.0000,33.4993,34.7653,2843.0348
5687.0000,34.6505,35.9817,2843.5360
5688.0000,34.7246,35.8464,2844.0358
5689.0000,34.4780,35.4792,2844.5355
5690.0000,35.2789,36.6545,2845.0367
5691.0000,36.7482,38.1694,2845.5382
5692.0000,35.1855,37.0440,2846.0370
5693.0000,6.6561,6.9935,2846.5070
5694.0000,34.3370,35.5228,2847.0355
5695.0000,36.5087,37.6962,2847.5377
5696.0000,33.4343,34.7603,2848.0348
5697.0000,33.5314,34.8018,2848.5348
5698.0000,36.3408,37.7274,2849.0377
5699.0000,33.9883,35.0463,2849.5350
5700.0000,35.3435,36.7420,2850.0367
5701.0000,34.6319,35.9786,2850.5360
5702.0000,34.4759,35.8125,2851.0358
5703.0000,35.1879,36.3941,2851.5364
5704.0000,34.8526,36.1984,2852.0362
5705.0000,35.8771,37.2416,2852.5372
5706.0000,35.3867,36.7503,2853.0368
5707.0000,34.8170,36.6478,2853.5366
5708.0000,34.7880,35.9189,2854.0359
5709.0000,12.8634,13.9661,2854.5140
5710.0000,33.4317,35.3025,2855.0353
5711.0000,32.0105,33.2319,2855.5332
5712.0000,34.9567,36.2020,2856.0362
5713.0000,32.5627,33.8908,2856.5339
5714.0000,34.1051,35.3759,2857.0354
5715.0000,33.6067,34.7411,2857.5347
5716.0000,33.4616,34.7383,2858.0347
5717.0000,34.9804,36.3349,2858.5363
5718.0000,34.7576,36.0755,2859.0361
5719.0000,33.5263,34.7829,2859.5348
5720.0000,34.8912,36.2295,2860.0362
5721.0000,34.7427,35.8675,2860.5359
5722.0000,35.3202,37.1462,2861.0371
5723.0000,33.3455,34.7966,2861.5348
5724.0000,35.0463,36.3805,2862.0364
5725.0000,33.7543,35.0285,2862.5350
5726.0000,33.2093,33.5561,2863.0336
5727.0000,37.4086,38.8376,2863.5388
5728.0000,33.7232,34.8224,2864.0348
5729.0000,35.0398,36.2178,2864.5362
5730.0000,35.1411,36.4653,2865.0365
5731.0000,34.6276,35.9389,2865.5359
5732.0000,34.9702,36.3283,2866.0363
5733.0000,34.7520,36.0977,2866.5361
5734.0000,33.9854,35.1054,2867.0351
5735.0000,33.6850,34.7394,2867.5347
5736.0000,35.3196,36.6898,2868.0367
5737.0000,34.4592,35.7721,2868.5358
5738.0000,35.2265,36.5456,2869.0365
5739.0000,31.6002,32.6477,2869.5326
5740.0000,36.9072,39.2235,2870.0392
5741.0000,34.7877,36.1484,2870.5362
5742.0000,37.5288,39.0312,2871.0390
5743.0000,33.6775,34.9658,2871.5350
5744.0000,34.8459,36.1992,2872.0362
5745.0000,34.5484,35.6521,2872.5357
5746.0000,35.9548,37.3067,2873.0373
5747.0000,33.6274,34.8985,2873.5349
5748.0000,30.8586,31.9715,2874.0320
5749.0000,35.2965,36.7115,2874.5367
5750.0000,34.8525,36.0017,2875.0360
5751.0000,33.5363,34.8098,2875.5348
5752.0000,34.7831,36.3275,2876.0363
5753.0000,34.6954,36.0942,2876.5361
5754.0000,35.4578,37.3029,2877.0373
5755.0000,33.2234,34.4324,2877.5344
5756.0000,35.2841,36.6472,2878.0367
5757.0000,34.7861,36.1128,2878.5361
5758.0000,34.6422,35.9675,2879.0360
5759.0000,27.1788,27.7698,2879.5278
5760.0000,35.1713,38.3259,2880.0383
5761.0000,34.7205,36.0440,2880.5360
5762.0000,36.1926,37.5548,2881.0376
5763.0000,33.7454,35.0283,2881.5350
5764.0000,36.0107,37.9140,2882.0379
5765.0000,34.5746,35.8966,2882.5359
5766.0000,35.3407,36.6701,2883.0367
5767.0000,34.7330,36.0611,2883.5361
5768.0000,34.4965,35.8240,2884.0358
5769.0000,34.6669,35.9843,2884.5360
5770.0000,35.3355,37.1772,2885.0372
5771.0000,33.4949,34.7599,2885.5348
5772.0000,34.9237,36.2749,2886.0363
5773.0000,34.8841,35.2064,2886.5352
5774.0000,34.6806,36.5181,2887.0365
5775.0000,34.5086,36.3206,2887.5363
5776.0000,34.5992,35.9365,2888.0359
5777.0000,34.8087,35.9160,2888.5359
5778.0000,35.0650,36.3760,2889.0364
5779.0000,33.4996,34.7571,2889.5348
5780.0000,34.6560,36.0337,2890.0360
5781.0000,35.0675,36.4011,2890.5364
5782.0000,35.2363,37.1094,2891.0371
5783.0000,34.6414,35.7522,2891.5358
5784.0000,34.9387,36.2659,2892.0363
5785.0000,37.1643,38.6006,2892.5386
5786.0000,35.2188,36.3736,2893.0364
5787.0000,33.4037,34.6576,2893.5347
5788.0000,34.5791,35.9452,2894.0359
5789.0000,34.6743,35.9926,2894.5360
5790.0000,34.5191,35.8506,2895.0359
5791.0000,34.7305,36.0625,2895.5361
5792.0000,34.6336,35.9735,2896.0360
5793.0000,34.6106,35.7168,2896.5357
5794.0000,35.3230,37.1721,2897.0372
5795.0000,33.3783,34.6434,2897.5346
5796.0000,34.7804,36.1392,2898.0361
5797.0000,34.9140,36.2443,2898.5362
5798.0000,36.8278,38.3018,2899.0383
5799.0000,34.0820,34.6826,2899.5347
5800.0000,34.6941,36.6912,2900.0367
5801.0000,34.7793,35.9106,2900.5359
5802.0000,34.2833,35.5408,2901.0355
5803.0000,33.4903,34.7570,2901.5348
5804.0000,34.9434,36.2991,2902.0363
5805.0000,36.1976,37.5992,2902.5376
5806.0000,34.7009,36.0525,2903.0361
5807.0000,34.8843,36.0330,2903.5360
5808.0000,34.7622,36.0889,2904.0361
5809.0000,34.8123,36.1395,2904.5361
5810.0000,35.2328,35.8628,2905.0359
5811.0000,36.8579,38.1014,2905.5381
5812.0000,33.7611,34.8435,2906.0348
5813.0000,33.5473,34.6222,2906.5346
5814.0000,35.7579,37.1309,2907.0371
5815.0000,34.9163,36.2527,2907.5363
5816.0000,34.6073,35.9486,2908.0359
5817.0000,33.4096,34.6509,2908.5346
5818.0000,34.8688,36.1834,2909.0362
5819.0000,33.2538,34.5148,2909.5345
5820.0000,35.3329,37.1786,2910.0372
5821.0000,34.7026,36.0203,2910.5360
5822.0000,36.1451,37.5477,2911.0376
5823.0000,34.7191,36.0542,2911.5361
5824.0000,34.6234,36.4518,2912.0365
5825.0000,34.7561,36.0747,2912.5361
5826.0000,35.4127,36.7323,2913.0367
5827.0000,33.3565,34.5988,2913.5346
5828.0000,34.7931,36.1135,2914.0361
5829.0000,34.6961,35.7945,2914.5358
5830.0000,37.0094,38.4332,2915.0384
5831.0000,34.8024,36.1530,2915.5362
5832.0000,34.6667,35.9777,2916.0360
5833.0000,34.6311,35.9375,2916.5359
5834.0000,35.2841,36.4270,2917.0364
5835.0000,34.0352,35.3143,2917.5353
5836.0000,35.3856,37.2264,2918.0372
5837.0000,34.7922,35.8875,2918.5359
5838.0000,33.0511,34.1755,2919.0342
5839.0000,36.1348,37.5738,2919.5376
5840.0000,34.7686,36.0942,2920.0361
5841.0000,33.8107,35.0812,2920.5351
5842.0000,30.6567,31.6583,2921.0317
5843.0000,36.8523,38.3087,2921.5383
5844.0000,34.5669,36.3921,2922.0364
5845.0000,34.6073,35.4625,2922.5355
5846.0000,34.8059,36.1721,2923.0362
5847.0000,33.7146,35.0421,2923.5350
5848.0000,37.0370,37.5195,2924.0375
5849.0000,20.2474,22.2214,2924.5222
5850.0000,35.6585,37.9997,2925.0380
5851.0000,33.6197,34.6603,2925.5347
5852.0000,35.1970,36.5743,2926.0366
5853.0000,34.6606,35.9947,2926.5360
5854.0000,34.8914,36.2703,2927.0363
5855.0000,36.4953,38.0024,2927.5380
5856.0000,34.8643,36.2290,2928.0362
5857.0000,34.8561,35.9897,2928.5360
5858.0000,37.2685,38.7135,2929.0387
5859.0000,33.4445,34.7253,2929.5347
5860.0000,33.1762,34.4497,2930.0345
5861.0000,36.0320,37.4338,2930.5374
5862.0000,37.1321,38.4345,2931.0384
5863.0000,34.5713,35.9299,2931.5359
5864.0000,35.0123,36.3359,2932.0363
5865.0000,34.6975,36.0203,2932.5360
5866.0000,35.2931,36.6727,2933.0367
5867.0000,33.6401,34.9273,2933.5349
5868.0000,35.7429,37.6033,2934.0376
5869.0000,36.7624,38.2159,2934.5382
5870.0000,20.6243,20.8516,2935.0209
5871.0000,37.6081,38.8648,2935.5389
5872.0000,34.7667,35.8853,2936.0359
5873.0000,36.7887,38.1976,2936.5382
5874.0000,35.3005,36.6417,2937.0366
5875.0000,33.6725,34.9400,2937.5349
5876.0000,34.8227,36.1852,2938.0362
5877.0000,34.6918,36.0348,2938.5360
5878.0000,34.7268,36.0685,2939.0361
5879.0000,26.9409,27.7922,2939.5278
5880.0000,35.8811,37.8660,2940.0379
5881.0000,34.7982,36.1580,2940.5362
5882.0000,37.2006,38.5878,2941.0386
5883.0000,13.9808,14.8331,2941.5148
5884.0000,21.1789,21.4491,2942.0214
5885.0000,11.9181,12.0882,2942.5121
5886.0000,18.4063,18.8056,2943.0188
5887.0000,36.2888,38.6609,2943.5387
5888.0000,35.7148,37.1107,2944.0371
5889.0000,31.5108,32.2631,2944.5323
5890.0000,37.4382,38.6329,2945.0386
5891.0000,33.6120,34.8867,2945.5349
5892.0000,34.7722,36.1364,2946.0361
5893.0000,34.8637,36.2003,2946.5362
5894.0000,37.0789,39.0887,2947.0391
5895.0000,34.7410,35.8579,2947.5359
5896.0000,35.3275,35.7190,2948.0357
5897.0000,34.8191,36.1659,2948.5362
5898.0000,35.0439,36.4059,2949.0364
5899.0000,33.5900,34.8050,2949.5348
5900.0000,34.7676,36.1441,2950.0361
5901.0000,34.9094,36.2580,2950.5363
5902.0000,35.2031,36.5777,2951.0366
5903.0000,34.5695,35.8996,2951.5359
5904.0000,34.7868,36.1381,2952.0361
5905.0000,34.7240,36.0569,2952.5361
5906.0000,33.7135,34.9741,2953.0350
5907.0000,33.3046,34.5662,2953.5346
5908.0000,34.7929,36.1574,2954.0362
5909.0000,31.6579,32.6327,2954.5326
5910.0000,36.9719,39.1542,2955.0392
5911.0000,34.6578,35.6814,2955.5357
5912.0000,34.9347,36.3018,2956.0363
5913.0000,23.3035,23.6355,2956.5236
5914.0000,37.7644,39.2003,2957.0392
5915.0000,29.3820,30.0843,2957.5301
5916.0000,35.3222,36.7004,2958.0367
5917.0000,34.7791,35.9295,2958.5359
5918.0000,37.2388,38.6839,2959.0387
5919.0000,33.8431,35.1205,2959.5351
5920.0000,33.4267,34.6929,2960.0347
5921.0000,34.8595,36.1888,2960.5362
5922.0000,35.3993,36.7327,2961.0367
5923.0000,33.3306,34.5987,2961.5346
5924.0000,33.4823,34.5489,2962.0345
5925.0000,35.0814,36.4405,2962.5364
5926.0000,33.4007,34.4670,2963.0345
5927.0000,34.6678,36.0038,2963.5360
5928.0000,33.5295,34.5755,2964.0346
5929.0000,34.9084,36.0568,2964.5361
5930.0000,36.5562,37.9277,2965.0379
5931.0000,37.2945,38.7221,2965.5387
5932.0000,34.9790,36.3437,2966.0363
5933.0000,34.7786,35.8954,2966.5359
5934.0000,34.8359,35.9486,2967.0360
5935.0000,33.8335,34.5845,2967.5346
5936.0000,33.5415,34.6094,2968.0346
5937.0000,33.4794,34.5114,2968.5345
5938.0000,34.1862,35.4338,2969.0354
5939.0000,33.4830,34.5221,2969.5345
5940.0000,35.8378,37.1907,2970.0372
5941.0000,34.6798,35.7830,2970.5358
5942.0000,34.5962,36.4242,2971.0364
5943.0000,35.6582,36.7982,2971.5368
5944.0000,33.3680,34.6124,2972.0346
5945.0000,36.5120,37.8423,2972.5378
5946.0000,37.6298,39.5897,2973.0396
5947.0000,33.5553,34.8212,2973.5348
5948.0000,35.6287,36.4694,2974.0365
5949.0000,11.5424,12.6636,2974.5127
5950.0000,34.1662,36.3041,2975.0363
5951.0000,32.9593,34.2286,2975.5342
5952.0000,33.0338,34.3348,2976.0343
5953.0000,33.1301,34.4378,2976.5344
5954.0000,31.3675,33.0338,2977.0330
5955.0000,33.9873,35.6762,2977.5357
5956.0000,34.6807,36.1857,2978.0362
5957.0000,34.7570,35.9725,2978.5360
5958.0000,34.6009,35.9323,2979.0359
5959.0000,34.1557,35.3385,2979.5353
5960.0000,34.9810,36.8543,2980.0370
5961.0000,34.8106,35.9108,2980.5359
5962.0000,36.7551,38.0161,2981.0380
5963.0000,33.3548,34.6241,2981.5346
5964.0000,34.7753,36.0920,2982.0361
5965.0000,34.7074,35.8942,2982.5359
5966.0000,35.6440,37.5226,2983.0375
5967.0000,33.4835,34.5162,2983.5345
5968.0000,37.2390,38.7004,2984.0387
5969.0000,34.8704,36.2605,2984.5363
5970.0000,35.0257,36.3591,2985.0364
5971.0000,33.5605,34.8186,2985.5348
5972.0000,34.7518,36.0873,2986.0361
5973.0000,34.6562,35.9877,2986.5360
5974.0000,34.8031,36.1244,2987.0361
5975.0000,34.6938,35.7118,2987.5357
5976.0000,33.9093,35.1949,2988.0352
5977.0000,35.2262,36.6001,2988.5366
5978.0000,36.0119,37.8213,2989.0378
5979.0000,33.3479,34.6084,2989.5346
5980.0000,33.3432,34.5962,2990.0346
5981.0000,34.8007,36.1300,2990.5361
5982.0000,36.8684,39.0085,2991.0390
5983.0000,34.7640,36.1001,2991.5361
5984.0000,33.8730,35.1324,2992.0351
5985.0000,34.8680,35.9385,2992.5359
5986.0000,35.8199,37.1772,2993.0372
5987.0000,34.0742,35.0995,2993.5351
5988.0000,33.6274,34.8813,2994.0349
5989.0000,36.7826,37.9491,2994.5380
5990.0000,33.4399,34.7218,2995.0347
5991.0000,34.6145,35.7524,2995.5358
5992.0000,34.7691,35.8776,2996.0359
5993.0000,33.2705,34.5530,2996.5346
5994.0000,35.5935,36.7021,2997.0367
5995.0000,33.6505,34.8997,2997.5349
5996.0000,34.3226,35.6083,2998.0356
5997.0000,34.9250,36.2539,2998.5363
5998.0000,34.7784,35.8927,2999.0359
5999.0000,26.7929,27.2728,2999.5273
6000.0000,35.1703,38.1933,3000.0382
6001.0000,34.7128,35.9862,3000.5360
6002.0000,36.6506,37.8429,3001.0378
6003.0000,33.7074,34.9829,3001.5350
6004.0000,35.9065,37.2962,3002.0373
6005.0000,34.6672,36.0051,3002.5360
6006.0000,34.8151,36.1554,3003.0362
6007.0000,33.4477,34.5924,3003.5346
6008.0000,33.6587,34.9116,3004.0349
6009.0000,34.6788,35.9028,3004.5359
6010.0000,10.5828,12.1493,3005.0121
6011.0000,35.3395,37.6302,3005.5376
6012.0000,34.7461,36.5805,3006.0366
6013.0000,34.7892,36.1269,3006.5361
6014.0000,34.6269,35.8102,3007.0358
6015.0000,34.5232,35.8581,3007.5359
6016.0000,34.8928,36.7468,3008.0367
6017.0000,34.4106,35.7570,3008.5358
6018.0000,34.9963,36.0396,3009.0360
6019.0000,33.3672,34.4222,3009.5344
6020.0000,34.6586,35.9849,3010.0360
6021.0000,34.6804,36.0453,3010.5360
6022.0000,35.1389,36.2729,3011.0363
6023.0000,34.2777,35.3915,3011.5354
6024.0000,34.6844,36.0097,3012.0360
6025.0000,34.4402,35.7693,3012.5358
6026.0000,35.1420,36.2610,3013.0363
6027.0000,33.4284,34.4193,3013.5344
6028.0000,34.6742,35.8166,3014.0358
6029.0000,34.4651,35.7887,3014.5358
6030.0000,34.8688,35.9898,3015.0360
6031.0000,34.5697,35.6921,3015.5357
6032.0000,34.5494,35.8757,3016.0359
6033.0000,33.4869,34.7393,3016.5347
6034.0000,31.5890,32.8539,3017.0329
6035.0000,34.8888,37.5512,3017.5376
6036.0000,34.8665,36.7338,3018.0367
6037.0000,34.6920,36.0612,3018.5361
6038.0000,36.8502,38.0357,3019.0380
6039.0000,33.3594,34.6380,3019.5346
6040.0000,34.7038,36.0468,3020.0360
6041.0000,34.6523,35.9926,3020.5360
6042.0000,37.2209,38.5740,3021.0386
6043.0000,34.6702,36.0952,3021.5361
6044.0000,33.9401,35.1080,3022.0351
6045.0000,33.5389,34.8168,3022.5348
6046.0000,34.7546,36.0912,3023.0361
6047.0000,34.8614,36.2007,3023.5362
6048.0000,34.8101,35.6368,3024.0356
6049.0000,18.3264,20.1429,3024.5201
6050.0000,36.3959,38.3027,3025.0383
6051.0000,33.5231,34.7760,3025.5348
6052.0000,35.2114,35.6266,3026.0356
6053.0000,34.7607,36.1165,3026.5361
6054.0000,35.0285,36.3425,3027.0363
6055.0000,33.6389,34.8971,3027.5349
6056.0000,34.9157,36.2436,3028.0362
6057.0000,34.9042,36.2329,3028.5362
6058.0000,35.1995,36.5350,3029.0365
6059.0000,34.7544,36.1633,3029.5362
6060.0000,33.5168,34.8173,3030.0348
6061.0000,34.6153,35.9493,3030.5360
6062.0000,34.8254,36.1956,3031.0362
6063.0000,36.7395,38.1646,3031.5382
6064.0000,34.9956,36.3340,3032.0363
6065.0000,33.5190,34.5631,3032.5346
6066.0000,30.5157,31.6799,3033.0317
6067.0000,37.0042,38.4418,3033.5385
6068.0000,34.7203,36.0792,3034.0361
6069.0000,34.8965,36.0309,3034.5360
6070.0000,36.4267,38.0844,3035.0381
6071.0000,34.0299,35.4195,3035.5354
6072.0000,32.1261,33.3904,3036.0334
6073.0000,32.1941,33.4404,3036.5334
6074.0000,31.5992,32.5848,3037.0326
6075.0000,33.3295,34.3640,3037.5344
6076.0000,35.2287,36.5721,3038.0366
6077.0000,33.7573,35.0336,3038.5350
6078.0000,35.1675,36.5383,3039.0365
6079.0000,34.7245,36.0456,3039.5360
6080.0000,34.5822,36.4237,3040.0364
6081.0000,36.1962,37.6040,3040.5376
6082.0000,36.4446,37.8793,3041.0379
6083.0000,35.2006,36.3635,3041.5364
6084.0000,36.1150,37.2672,3042.0373
6085.0000,34.8884,36.0184,3042.5360
6086.0000,34.6497,36.0008,3043.0360
6087.0000,10.6651,13.0094,3043.5130
6088.0000,33.0173,34.5248,3044.0345
6089.0000,33.1295,34.4651,3044.5345
6090.0000,33.6369,34.9739,3045.0350
6091.0000,33.4726,34.7518,3045.5347
6092.0000,34.8494,36.0171,3046.0360
6093.0000,32.1972,33.2332,3046.5332
6094.0000,36.7882,38.2506,3047.0383
6095.0000,34.7983,36.1684,3047.5362
6096.0000,36.8303,38.1197,3048.0381
6097.0000,34.7991,35.9054,3048.5359
6098.0000,34.8175,36.1574,3049.0362
6099.0000,33.6055,34.8655,3049.5349
6100.0000,34.7544,36.0959,3050.0361
6101.0000,35.3498,36.4565,3050.5365
6102.0000,37.0271,38.2882,3051.0383
6103.0000,34.6640,36.0202,3051.5360
6104.0000,35.1794,36.5228,3052.0365
6105.0000,34.6295,35.7483,3052.5357
6106.0000,35.0127,36.0096,3053.0360
6107.0000,33.3424,34.6261,3053.5346
6108.0000,35.3740,36.7530,3054.0368
6109.0000,34.4713,35.5023,3054.5355
6110.0000,34.8400,36.2101,3055.0362
6111.0000,34.6688,36.0155,3055.5360
6112.0000,34.5898,35.9184,3056.0359
6113.0000,34.5752,35.9112,3056.5359
6114.0000,35.1651,36.4800,3057.0365
6115.0000,33.4960,34.7460,3057.5347
6116.0000,35.1453,36.3096,3058.0363
6117.0000,34.7448,35.8433,3058.5358
6118.0000,34.6966,36.0175,3059.0360
6119.0000,30.0239,30.3703,3059.5304
6120.0000,34.7299,36.6278,3060.0366
6121.0000,34.9036,36.2370,3060.5362
6122.0000,36.4712,37.8292,3061.0378
6123.0000,33.6335,34.6671,3061.5347
6124.0000,35.1170,36.4630,3062.0365
6125.0000,34.6430,35.4951,3062.5355
6126.0000,34.7682,36.1281,3063.0361
6127.0000,34.8398,36.1528,3063.5362
6128.0000,34.9383,36.1848,3064.0362
6129.0000,34.6143,35.9374,3064.5359
6130.0000,34.9498,36.2705,3065.0363
6131.0000,33.5594,34.8344,3065.5348
6132.0000,34.6421,35.9694,3066.0360
6133.0000,34.6594,35.9737,3066.5360
6134.0000,34.6719,36.0828,3067.0361
6135.0000,34.5407,35.8556,3067.5359
6136.0000,34.8339,36.1752,3068.0362
6137.0000,34.7079,35.8032,3068.5358
6138.0000,35.1098,36.4450,3069.0364
6139.0000,33.4257,34.4772,3069.5345
6140.0000,34.7601,36.6391,3070.0366
6141.0000,34.9792,36.0799,3070.5361
6142.0000,37.2455,38.5017,3071.0385
6143.0000,34.9230,36.0367,3071.5360
6144.0000,37.3407,38.5956,3072.0386
6145.0000,33.5841,34.3830,3072.5344
6146.0000,33.8854,34.6873,3073.0347
6147.0000,33.7115,35.0011,3073.5350
6148.0000,34.8399,36.0048,3074.0360
6149.0000,9.0191,11.2831,3074.5113
6150.0000,33.7624,35.8754,3075.0359
6151.0000,31.5924,32.8015,3075.5328
6152.0000,32.9044,34.1925,3076.0342
6153.0000,33.6914,35.2214,3076.5352
6154.0000,32.8352,34.1084,3077.0341
6155.0000,34.4258,36.2865,3077.5363
6156.0000,34.7482,36.0669,3078.0361
6157.0000,34.6806,35.8180,3078.5358
6158.0000,36.9910,39.1998,3079.0392
6159.0000,33.4070,34.6750,3079.5347
6160.0000,34.8732,36.0020,3080.0360
6161.0000,33.5163,34.5554,3080.5346
6162.0000,35.0323,36.3584,3081.0364
6163.0000,34.8599,36.2145,3081.5362
6164.0000,34.6306,35.7620,3082.0358
6165.0000,34.8679,36.1879,3082.5362
6166.0000,34.7877,36.1133,3083.0361
6167.0000,34.5972,35.9294,3083.5359
6168.0000,34.6844,36.5111,3084.0365
6169.0000,34.7001,36.0209,3084.5360
6170.0000,35.0497,36.3916,3085.0364
6171.0000,37.0030,38.4055,3085.5384
6172.0000,34.7511,36.6207,3086.0366
6173.0000,34.7050,36.0373,3086.5360
6174.0000,34.7307,36.0789,3087.0361
6175.0000,34.7700,35.6146,3087.5356
6176.0000,35.2111,36.6016,3088.0366
6177.0000,34.5748,35.6800,3088.5357
6178.0000,34.8622,35.9951,3089.0360
6179.0000,33.3403,34.6176,3089.5346
6180.0000,35.2373,37.0986,3090.0371
6181.0000,33.6307,34.8951,3090.5349
6182.0000,34.8807,36.2526,3091.0363
6183.0000,36.4192,37.8598,3091.5379
6184.0000,34.4019,36.2520,3092.0363
6185.0000,34.6893,36.0143,3092.5360
6186.0000,35.0597,36.2305,3093.0362
6187.0000,33.4645,34.5138,3093.5345
6188.0000,34.8154,36.1484,3094.0361
6189.0000,34.8026,35.9060,3094.5359
6190.0000,34.5760,35.9108,3095.0359
6191.0000,36.3885,37.5506,3095.5376
6192.0000,34.7208,36.0516,3096.0361
6193.0000,34.7810,35.9335,3096.5359
6194.0000,34.5932,35.9481,3097.0359
6195.0000,33.7854,35.0450,3097.5350
6196.0000,36.9599,38.2365,3098.0382
6197.0000,34.8574,36.0222,3098.5360
6198.0000,34.8870,36.2365,3099.0362
6199.0000,33.6275,34.8868,3099.5349
6200.0000,34.6241,36.4924,3100.0365
6201.0000,34.8749,36.2022,3100.5362
6202.0000,35.0431,36.3607,3101.0364
6203.0000,34.3725,35.6395,3101.5356
6204.0000,36.6307,38.0596,3102.0381
6205.0000,35.0564,36.2351,3102.5362
6206.0000,34.8191,36.1567,3103.0362
6207.0000,34.6230,35.9484,3103.5359
6208.0000,27.0371,27.4185,3104.0274
6209.0000,36.9056,38.2223,3104.5382
6210.0000,35.2008,37.0711,3105.0371
6211.0000,33.2279,34.4904,3105.5345
6212.0000,35.0299,36.3708,3106.0364
6213.0000,34.7028,36.0583,3106.5361
6214.0000,34.7087,36.0844,3107.0361
6215.0000,34.5155,35.8576,3107.5359
6216.0000,34.9421,36.3342,3108.0363
6217.0000,34.4934,35.5278,3108.5355
6218.0000,35.0078,36.3238,3109.0363
6219.0000,33.5629,34.8151,3109.5348
6220.0000,34.7204,36.0490,3110.0360
6221.0000,34.5850,35.7226,3110.5357
6222.0000,36.9900,38.2397,3111.0382
6223.0000,34.5444,35.6102,3111.5356
6224.0000,36.1769,37.4943,3112.0375
6225.0000,34.8528,36.1897,3112.5362
6226.0000,36.5457,38.5038,3113.0385
6227.0000,33.3796,34.6478,3113.5346
6228.0000,35.0107,36.1396,3114.0361
6229.0000,34.8455,36.0570,3114.5361
6230.0000,34.5883,35.9334,3115.0359
6231.0000,33.5070,34.7950,3115.5348
6232.0000,35.2828,36.6402,3116.0366
6233.0000,34.6504,35.9792,3116.5360
6234.0000,34.9223,36.2448,3117.0362
6235.0000,33.5361,34.7943,3117.5348
6236.0000,34.9980,36.3345,3118.0363
6237.0000,34.7644,36.1227,3118.5361
6238.0000,34.5550,35.8788,3119.0359
6239.0000,14.4181,14.7308,3119.5147
6240.0000,35.2020,37.3646,3120.0374
6241.0000,34.7111,35.8351,3120.5358
6242.0000,36.3106,37.6877,3121.0377
6243.0000,34.7329,36.5728,3121.5366
6244.0000,34.7236,35.5230,3122.0355
6245.0000,34.7925,36.1350,3122.5361
6246.0000,35.0007,36.3025,3123.0363
6247.0000,33.4546,34.7293,3123.5347
6248.0000,34.9701,36.0781,3124.0361
6249.0000,9.4279,11.7237,3124.5117
6250.0000,33.8457,36.6155,3125.0366
6251.0000,33.5822,34.8556,3125.5349
6252.0000,34.9384,36.2734,3126.0363
6253.0000,34.6909,36.0281,3126.5360
6254.0000,34.7943,35.6342,3127.0356
6255.0000,34.6274,35.9502,3127.5360
6256.0000,34.9722,36.3485,3128.0363
6257.0000,34.7004,35.8426,3128.5358
6258.0000,35.1356,36.4613,3129.0365
6259.0000,33.4087,34.6647,3129.5347
6260.0000,34.8204,36.1411,3130.0361
6261.0000,34.5707,35.9061,3130.5359
6262.0000,35.0942,36.2005,3131.0362
6263.0000,34.7722,35.9061,3131.5359
6264.0000,35.2439,36.3146,3132.0363
6265.0000,34.6770,36.0126,3132.5360
6266.0000,34.9540,36.2769,3133.0363
6267.0000,33.4884,34.7497,3133.5347
6268.0000,33.1557,34.4772,3134.0345
6269.0000,35.7909,37.2730,3134.5373
6270.0000,34.8432,36.7145,3135.0367
6271.0000,34.8663,36.2025,3135.5362
6272.0000,34.6783,36.0132,3136.0360
6273.0000,34.7445,36.0842,3136.5361
6274.0000,35.1669,36.4613,3137.0365
6275.0000,33.6648,34.9372,3137.5349
6276.0000,35.6476,37.5428,3138.0375
6277.0000,34.4984,35.8459,3138.5358
6278.0000,36.8040,38.1066,3139.0381
6279.0000,36.7632,38.0305,3139.5380
6280.0000,34.9122,36.2700,3140.0363
6281.0000,34.6368,35.9760,3140.5360
6282.0000,34.8463,36.6865,3141.0367
6283.0000,33.4881,34.7496,3141.5347
6284.0000,22.4845,23.8058,3142.0238
6285.0000,34.6563,35.7648,3142.5358
6286.0000,33.5791,34.6416,3143.0346
6287.0000,33.5525,34.5298,3143.5345
6288.0000,33.3939,34.4597,3144.0345
6289.0000,35.4449,36.8107,3144.5368
6290.0000,35.1421,36.5056,3145.0365
6291.0000,34.1591,35.4152,3145.5354
6292.0000,33.9750,35.0079,3146.0350
6293.0000,34.8820,36.0539,3146.5361
6294.0000,34.0018,35.1277,3147.0351
6295.0000,33.7994,35.2994,3147.5353
6296.0000,36.1745,37.5706,3148.0376
6297.0000,34.8359,36.1710,3148.5362
6298.0000,35.0211,36.3779,3149.0364
6299.0000,33.7276,34.7929,3149.5348
6300.0000,35.1178,36.4634,3150.0365
6301.0000,34.8893,36.0203,3150.5360
6302.0000,34.7946,36.6400,3151.0366
6303.0000,34.7412,36.0739,3151.5361
6304.0000,33.8527,35.1980,3152.0352
6305.0000,34.6289,35.9691,3152.5360
6306.0000,34.9555,36.8182,3153.0368
6307.0000,33.5516,34.8193,3153.5348
6308.0000,34.9603,36.2865,3154.0363
6309.0000,20.0022,22.0981,3154.5221
6310.0000,35.2199,37.4980,3155.0375
6311.0000,34.5636,35.6542,3155.5357
6312.0000,34.7548,36.0879,3156.0361
6313.0000,34.7083,36.0401,3156.5360
6314.0000,34.9834,36.0378,3157.0360
6315.0000,33.4003,34.6655,3157.5347
6316.0000,35.3045,36.6708,3158.0367
6317.0000,33.3932,33.7045,3158.5337
6318.0000,34.9276,35.7792,3159.0358
6319.0000,34.7688,36.1363,3159.5361
6320.0000,34.9878,36.0246,3160.0360
6321.0000,35.9572,37.4055,3160.5374
6322.0000,35.2069,36.3972,3161.0364
6323.0000,33.5459,34.8313,3161.5348
6324.0000,34.9345,36.2644,3162.0363
6325.0000,33.4597,34.7199,3162.5347
6326.0000,34.8040,36.1781,3163.0362
6327.0000,34.5342,35.8832,3163.5359
6328.0000,34.7624,35.8395,3164.0358
6329.0000,33.4127,33.7542,3164.5338
6330.0000,37.3973,38.8781,3165.0389
6331.0000,33.5656,34.8420,3165.5348
6332.0000,35.2194,37.0817,3166.0371
6333.0000,33.5813,34.8422,3166.5348
6334.0000,36.1497,37.5129,3167.0375
6335.0000,33.7752,35.0678,3167.5351
6336.0000,35.3965,36.7660,3168.0368
6337.0000,34.6454,35.7511,3168.5357
6338.0000,35.0192,36.3517,3169.0364
6339.0000,33.4043,34.4476,3169.5344
6340.0000,34.7146,36.0422,3170.0360
6341.0000,34.4036,35.7314,3170.5357
6342.0000,37.1077,39.2937,3171.0393
6343.0000,34.7072,36.0559,3171.5361
6344.0000,35.4001,36.7238,3172.0367
6345.0000,33.2987,34.5518,3172.5346
6346.0000,36.0609,37.1796,3173.0372
6347.0000,33.3133,34.5985,3173.5346
6348.0000,32.2665,33.3845,3174.0334
6349.0000,10.0247,12.3156,3174.5123
6350.0000,33.4183,35.5256,3175.0355
6351.0000,32.4462,33.7449,3175.5337
6352.0000,33.1639,34.9359,3176.0349
6353.0000,33.4045,34.6700,3176.5347
6354.0000,35.0863,36.4153,3177.0364
6355.0000,34.7761,36.1102,3177.5361
6356.0000,34.7425,36.0754,3178.0361
6357.0000,34.7917,36.1139,3178.5361
6358.0000,34.5785,35.9095,3179.0359
6359.0000,14.4060,14.8259,3179.5148
6360.0000,34.8530,36.2636,3180.0363
6361.0000,34.8265,35.9834,3180.5360
6362.0000,36.4445,38.0061,3181.0380
6363.0000,33.5330,34.7747,3181.5348
6364.0000,35.0023,36.4371,3182.0364
6365.0000,34.7245,35.8597,3182.5359
6366.0000,34.6664,36.4978,3183.0365
6367.0000,34.6957,36.0221,3183.5360
6368.0000,34.6265,35.9836,3184.0360
6369.0000,34.9232,36.2747,3184.5363
6370.0000,35.0777,36.1869,3185.0362
6371.0000,33.5646,34.8281,3185.5348
6372.0000,34.8346,36.1719,3186.0362
6373.0000,34.6573,35.9793,3186.5360
6374.0000,37.0151,38.4837,3187.0385
6375.0000,34.7964,36.1259,3187.5361
6376.0000,35.0744,36.2516,3188.0363
6377.0000,34.5529,35.8827,3188.5359
6378.0000,35.1473,36.3140,3189.0363
6379.0000,33.3584,34.6310,3189.5346
6380.0000,34.6724,35.7757,3190.0358
6381.0000,34.8108,35.9500,3190.5360
6382.0000,34.9890,36.1747,3191.0362
6383.0000,34.6740,36.0302,3191.5360
6384.0000,34.6810,35.7966,3192.0358
6385.0000,34.6931,36.0222,3192.5360
6386.0000,34.9476,36.3130,3193.0363
6387.0000,33.3844,34.6694,3193.5347
6388.0000,34.8876,36.2310,3194.0362
6389.0000,34.5853,35.9086,3194.5359
6390.0000,34.5291,36.0022,3195.0360
6391.0000,34.6478,35.9882,3195.5360
6392.0000,34.4769,35.8211,3196.0358
6393.0000,34.7393,36.0594,3196.5361
6394.0000,35.0229,36.3678,3197.0364
6395.0000,33.7041,34.9675,3197.5350
6396.0000,36.2666,38.3407,3198.0383
6397.0000,34.6277,35.9549,3198.5360
6398.0000,36.3054,37.7483,3199.0378
6399.0000,35.1296,36.4927,3199.5365
6400.0000,34.8621,36.2320,3200.0362
6401.0000,36.4738,37.3080,3200.5373
6402.0000,36.0494,37.3041,3201.0373
6403.0000,33.4997,34.7654,3201.5348
6404.0000,34.7987,36.1511,3202.0362
6405.0000,34.7391,35.8515,3202.5359
6406.0000,34.5455,35.8671,3203.0359
6407.0000,34.6077,35.7051,3203.5357
6408.0000,34.6993,36.0204,3204.0360
6409.0000,34.5886,35.9091,3204.5359
6410.0000,35.0061,36.2108,3205.0362
6411.0000,36.8763,38.3125,3205.5383
6412.0000,35.8029,37.8749,3206.0379
6413.0000,34.7577,36.0852,3206.5361
6414.0000,34.7375,36.0943,3207.0361
6415.0000,34.7395,36.0696,3207.5361
6416.0000,37.2436,38.4517,3208.0385
6417.0000,34.8086,36.1641,3208.5362
6418.0000,33.9764,35.2349,3209.0352
6419.0000,34.7425,36.0771,3209.5361
6420.0000,34.5668,36.4041,3210.0364
6421.0000,33.4774,34.7370,3210.5347
6422.0000,34.9727,36.8357,3211.0368
6423.0000,35.9299,37.4369,3211.5374
6424.0000,34.7433,36.0757,3212.0361
6425.0000,33.4350,34.7035,3212.5347
6426.0000,33.9598,35.2862,3213.0353
6427.0000,33.5231,34.7986,3213.5348
6428.0000,34.6857,35.7908,3214.0358
6429.0000,33.5422,34.8081,3214.5348
6430.0000,33.5667,34.8187,3215.0348
6431.0000,33.6215,34.8891,3215.5349
6432.0000,34.8087,36.1550,3216.0362
6433.0000,33.5520,34.5945,3216.5346
6434.0000,34.9640,36.3280,3217.0363
6435.0000,33.2528,34.5163,3217.5345
6436.0000,35.1020,36.4420,3218.0364
6437.0000,34.8160,36.1328,3218.5361
6438.0000,34.7939,36.1252,3219.0361
6439.0000,33.6396,34.6868,3219.5347
6440.0000,34.6772,36.0181,3220.0360
6441.0000,34.6593,35.9836,3220.5360
6442.0000,35.0237,36.3520,3221.0364
6443.0000,33.4552,34.7185,3221.5347
6444.0000,34.7924,36.1324,3222.0361
6445.0000,22.7361,23.5481,3222.5235
6446.0000,34.7224,36.8243,3223.0368
6447.0000,34.6712,36.0051,3223.5360
6448.0000,36.5770,37.9425,3224.0379
6449.0000,33.1312,34.3770,3224.5344
6450.0000,33.4931,34.1341,3225.0341
6451.0000,34.3908,35.5143,3225.5355
6452.0000,34.7439,36.0869,3226.0361
6453.0000,34.5569,35.5817,3226.5356
6454.0000,34.5622,35.9225,3227.0359
6455.0000,34.8663,35.9902,3227.5360
6456.0000,34.6041,36.4467,3228.0364
6457.0000,34.6749,35.9764,3228.5360
6458.0000,35.6545,37.0102,3229.0370
6459.0000,33.4926,34.7568,3229.5348
6460.0000,34.5977,35.9260,3230.0359
6461.0000,33.7631,35.0318,3230.5350
6462.0000,37.1764,38.6323,3231.0386
6463.0000,35.0834,36.4534,3231.5365
6464.0000,33.9403,34.9842,3232.0350
6465.0000,35.0282,36.1863,3232.5362
6466.0000,34.1294,35.3851,3233.0354
6467.0000,33.5211,34.7833,3233.5348
6468.0000,34.7804,36.1342,3234.0361
6469.0000,35.2975,36.6574,3234.5367
6470.0000,35.1333,36.4821,3235.0365
6471.0000,34.9005,36.2367,3235.5362
6472.0000,34.6280,35.7539,3236.0358
6473.0000,34.6408,35.7890,3236.5358
6474.0000,35.0078,36.3311,3237.0363
6475.0000,33.3772,34.6497,3237.5346
6476.0000,35.1099,36.2547,3238.0363
6477.0000,34.6541,35.7712,3238.5358
6478.0000,34.8151,35.9431,3239.0359
6479.0000,18.0432,18.3748,3239.5184
6480.0000,35.0999,37.1971,3240.0372
6481.0000,34.7161,36.0532,3240.5361
6482.0000,37.1299,38.6915,3241.0387
6483.0000,34.2926,35.5579,3241.5356
6484.0000,35.2982,36.6840,3242.0367
6485.0000,34.7711,36.1015,3242.5361
6486.0000,34.9749,36.3665,3243.0364
6487.0000,35.8271,37.0133,3243.5370
6488.0000,34.8784,36.2382,3244.0362
6489.0000,34.6249,35.9736,3244.5360
6490.0000,35.2736,36.6050,3245.0366
6491.0000,33.6700,34.7340,3245.5347
6492.0000,34.8011,36.6395,3246.0366
6493.0000,34.5782,35.9411,3246.5359
6494.0000,34.7192,36.0419,3247.0360
6495.0000,34.6069,35.9514,3247.5360
6496.0000,34.9700,36.7274,3248.0367
6497.0000,34.6515,35.9822,3248.5360
6498.0000,35.3008,36.6237,3249.0366
6499.0000,33.7861,34.8517,3249.5348
6500.0000,34.6114,35.9374,3250.0359
6501.0000,34.6561,36.0278,3250.5360
6502.0000,34.7546,36.6149,3251.0366
6503.0000,34.7362,35.5932,3251.5356
6504.0000,34.6677,35.9977,3252.0360
6505.0000,34.7131,36.0250,3252.5360
6506.0000,35.3660,36.6958,3253.0367
6507.0000,33.4101,34.1843,3253.5342
6508.0000,34.7051,36.0280,3254.0360
6509.0000,34.7371,35.8647,3254.5359
6510.0000,34.5291,36.3656,3255.0364
6511.0000,35.1849,36.1719,3255.5362
6512.0000,34.6879,36.0146,3256.0360
6513.0000,35.0986,36.2550,3256.5363
6514.0000,35.1507,36.2725,3257.0363
6515.0000,33.6429,34.6670,3257.5347
6516.0000,35.7338,37.0914,3258.0371
6517.0000,34.6083,35.9369,3258.5359
6518.0000,36.5831,37.7182,3259.0377
6519.0000,35.0483,35.8926,3259.5359
6520.0000,34.4692,36.2964,3260.0363
6521.0000,34.6803,36.0216,3260.5360
6522.0000,34.3840,35.7077,3261.0357
6523.0000,33.5275,34.5561,3261.5346
6524.0000,33.1811,34.4329,3262.0344
6525.0000,34.7465,36.0626,3262.5361
6526.0000,36.1979,37.5892,3263.0376
6527.0000,34.8370,35.9887,3263.5360
6528.0000,34.6260,35.7284,3264.0357
6529.0000,34.6491,35.7520,3264.5358
6530.0000,35.0415,36.3726,3265.0364
6531.0000,27.3732,28.2101,3265.5282
6532.0000,33.6205,35.3814,3266.0354
6533.0000,34.5702,35.9432,3266.5359
6534.0000,34.5950,35.9111,3267.0359
6535.0000,34.9189,36.2434,3267.5362
6536.0000,34.8145,35.8221,3268.0358
6537.0000,34.6933,36.0509,3268.5361
6538.0000,33.7676,35.0175,3269.0350
6539.0000,26.4539,27.2601,3269.5273
6540.0000,34.9751,37.5942,3270.0376
6541.0000,34.8597,36.0109,3270.5360
6542.0000,34.8859,36.7173,3271.0367
6543.0000,34.9993,35.3232,3271.5353
6544.0000,34.6296,35.9395,3272.0359
6545.0000,34.6752,35.9877,3272.5360
6546.0000,35.4776,37.3174,3273.0373
6547.0000,33.6538,33.9195,3273.5339
6548.0000,35.4545,36.7689,3274.0368
6549.0000,12.1575,14.4266,3274.5144
6550.0000,33.6082,35.7164,3275.0357
6551.0000,32.7003,33.7059,3275.5337
6552.0000,18.9437,21.0462,3276.0210
6553.0000,34.5503,36.7808,3276.5368
6554.0000,32.9309,33.9856,3277.0340
6555.0000,33.6796,34.7336,3277.5347
6556.0000,34.8035,35.6014,3278.0356
6557.0000,34.6021,35.0289,3278.5350
6558.0000,34.6041,35.9627,3279.0360
6559.0000,34.8797,35.2105,3279.5352
6560.0000,34.6170,35.7234,3280.0357
6561.0000,35.0091,36.3177,3280.5363
6562.0000,34.9599,36.0637,3281.0361
6563.0000,33.7792,34.5816,3281.5346
6564.0000,34.5786,35.9939,3282.0360
6565.0000,34.7084,36.0327,3282.5360
6566.0000,34.7177,36.0399,3283.0360
6567.0000,34.5583,34.8698,3283.5349
6568.0000,34.7260,36.0685,3284.0361
6569.0000,34.6421,35.9822,3284.5360
6570.0000,33.5460,34.7142,3285.0347
6571.0000,35.8148,37.0955,3285.5371
6572.0000,34.6619,36.2338,3286.0362
6573.0000,36.8227,38.1024,3286.5381
6574.0000,34.7327,36.1249,3287.0361
6575.0000,34.9678,36.0846,3287.5361
6576.0000,34.1029,35.3668,3288.0354
6577.0000,33.3706,34.6232,3288.5346
6578.0000,36.0838,37.4941,3289.0375
6579.0000,34.0155,35.0584,3289.5351
6580.0000,34.6719,36.0265,3290.0360
6581.0000,34.7709,36.0914,3290.5361
6582.0000,36.7968,38.0438,3291.0381
6583.0000,35.0170,36.3713,3291.5364
6584.0000,35.1436,36.5147,3292.0365
6585.0000,34.5747,35.9184,3292.5359
6586.0000,35.0854,36.4071,3293.0364
6587.0000,33.7919,35.0588,3293.5351
6588.0000,33.4237,34.6848,3294.0347
6589.0000,36.3326,37.4704,3294.5375
6590.0000,35.4046,36.6159,3295.0366
6591.0000,35.1621,36.5027,3295.5365
6592.0000,34.7566,36.0821,3296.0361
6593.0000,35.5435,36.6222,3296.5366
6594.0000,35.0006,36.1104,3297.0361
6595.0000,34.6921,35.9446,3297.5359
6596.0000,35.1548,36.2974,3298.0363
6597.0000,36.8958,38.2581,3298.5383
6598.0000,34.8319,36.0019,3299.0360
6599.0000,16.9574,17.5508,3299.5175
6600.0000,31.5238,31.9972,3300.0320
6601.0000,33.7635,35.0336,3300.5350
6602.0000,36.9480,38.3478,3301.0384
6603.0000,30.3330,31.4871,3301.5315
6604.0000,35.0635,36.3133,3302.0363
6605.0000,34.7734,35.9114,3302.5359
6606.0000,35.0586,36.1872,3303.0362
6607.0000,34.7179,35.5738,3303.5356
6608.0000,33.7820,34.8255,3304.0348
6609.0000,10.7347,12.8117,3304.5128
6610.0000,31.8739,33.3468,3305.0333
6611.0000,33.4063,34.5273,3305.5345
6612.0000,35.3901,36.4921,3306.0365
6613.0000,34.0662,35.1479,3306.5351
6614.0000,35.2264,36.5835,3307.0366
6615.0000,33.3480,34.6049,3307.5346
6616.0000,34.7706,36.0938,3308.0361
6617.0000,35.4619,35.8305,3308.5358
6618.0000,33.9758,35.2469,3309.0352
6619.0000,33.6415,34.6773,3309.5347
6620.0000,33.9088,35.0059,3310.0350
6621.0000,33.7865,34.8325,3310.5348
6622.0000,36.2813,37.6866,3311.0377
6623.0000,35.3794,36.5195,3311.5365
6624.0000,34.6293,35.9984,3312.0360
6625.0000,18.6041,19.6724,3312.5197
6626.0000,27.4691,28.7918,3313.0288
6627.0000,33.6681,34.9115,3313.5349
6628.0000,34.9991,36.1235,3314.0361
6629.0000,34.7962,35.8932,3314.5359
6630.0000,34.7187,36.1174,3315.0361
6631.0000,34.7488,36.0756,3315.5361
6632.0000,34.5610,36.4063,3316.0364
6633.0000,34.7312,36.0480,3316.5360
6634.0000,35.3042,36.6520,3317.0367
6635.0000,31.1833,32.5880,3317.5326
6636.0000,34.7317,36.5862,3318.0366
6637.0000,32.4655,33.8274,3318.5338
6638.0000,27.3931,28.6633,3319.0287
6639.0000,25.2163,26.5419,3319.5265
6640.0000,28.4176,29.7359,3320.0297
6641.0000,34.6594,35.9882,3320.5360
6642.0000,33.9949,35.2499,3321.0352
6643.0000,34.4702,35.8349,3321.5358
6644.0000,34.7030,36.0367,3322.0360
6645.0000,34.9494,36.2790,3322.5363
6646.0000,33.3053,34.5454,3323.0345
6647.0000,34.6927,36.0148,3323.5360
6648.0000,35.0544,36.3091,3324.0363
6649.0000,12.1628,14.4378,3324.5144
6650.0000,36.5016,38.3136,3325.0383
6651.0000,36.8396,38.2716,3325.5383
6652.0000,34.1531,35.4185,3326.0354
6653.0000,35.1147,36.4527,3326.5365
6654.0000,34.8337,36.1756,3327.0362
6655.0000,34.5710,35.8916,3327.5359
6656.0000,34.5957,35.9082,3328.0359
6657.0000,35.5822,36.7122,3328.5367
6658.0000,34.3162,35.1061,3329.0351
6659.0000,33.4820,34.7494,3329.5348
6660.0000,34.5998,35.9391,3330.0359
6661.0000,34.6660,35.7948,3330.5358
6662.0000,34.6371,36.4770,3331.0365
6663.0000,33.1069,34.0942,3331.5341
6664.0000,34.9218,36.7841,3332.0368
6665.0000,34.6778,35.7878,3332.5358
6666.0000,35.8731,37.2090,3333.0372
6667.0000,34.6318,36.0000,3333.5360
6668.0000,34.6854,35.7980,3334.0358
6669.0000,34.6106,35.9329,3334.5359
6670.0000,34.7354,36.0940,3335.0361
6671.0000,34.6926,36.0382,3335.5360
6672.0000,33.3521,34.4267,3336.0344
6673.0000,34.6669,35.9869,3336.5360
6674.0000,35.3805,37.2234,3337.0372
6675.0000,33.2683,34.5263,3337.5345
6676.0000,34.9675,36.2948,3338.0363
6677.0000,36.8365,38.2757,3338.5383
6678.0000,34.6264,36.4734,3339.0365
6679.0000,35.1616,36.2569,3339.5363
6680.0000,34.5364,36.0184,3340.0360
6681.0000,34.8143,36.1666,3340.5362
6682.0000,33.7741,35.0415,3341.0350
6683.0000,33.3241,34.5801,3341.5346
6684.0000,34.6779,36.0066,3342.0360
6685.0000,34.5446,35.8744,3342.5359
6686.0000,34.6862,36.0504,3343.0361
6687.0000,33.3925,34.6407,3343.5346
6688.0000,34.7249,36.0429,3344.0360
6689.0000,34.6865,36.0048,3344.5360
6690.0000,34.9238,36.2452,3345.0362
6691.0000,24.7271,26.0190,3345.5260
6692.0000,37.4659,39.7357,3346.0397
6693.0000,34.7351,35.8702,3346.5359
6694.0000,34.7118,36.0400,3347.0360
6695.0000,34.7602,36.0898,3347.5361
6696.0000,34.6244,35.9448,3348.0359
6697.0000,35.2628,36.6381,3348.5366
6698.0000,35.0486,36.2141,3349.0362
6699.0000,33.3408,34.5974,3349.5346
6700.0000,34.8434,36.1740,3350.0362
6701.0000,34.6124,35.9393,3350.5359
6702.0000,37.0143,38.2689,3351.0383
6703.0000,34.6205,35.6588,3351.5357
6704.0000,34.7863,36.1740,3352.0362
6705.0000,34.7318,36.0522,3352.5361
6706.0000,35.1525,36.4782,3353.0365
6707.0000,36.1165,37.5131,3353.5375
6708.0000,35.2242,37.0940,3354.0371
6709.0000,34.7119,36.0394,3354.5360
6710.0000,34.5151,35.8458,3355.0358
6711.0000,35.4093,36.7416,3355.5367
6712.0000,34.7188,36.2761,3356.0363
6713.0000,34.6333,35.9577,3356.5360
6714.0000,35.1060,36.4464,3357.0364
6715.0000,34.4243,35.7181,3357.5357
6716.0000,35.3976,37.2820,3358.0373
6717.0000,35.0894,36.2208,3358.5362
6718.0000,34.9526,36.7903,3359.0368
6719.0000,23.4895,24.5114,3359.5245
6720.0000,35.0795,37.1959,3360.0372
6721.0000,34.6149,35.9488,3360.5359
6722.0000,36.8068,38.9081,3361.0389
6723.0000,33.3908,34.6558,3361.5347
6724.0000,34.9419,36.2903,3362.0363
6725.0000,34.7342,36.0575,3362.5361
6726.0000,34.6753,36.5145,3363.0365
6727.0000,35.3738,36.7562,3363.5368
6728.0000,34.9689,36.0957,3364.0361
6729.0000,34.7341,35.8715,3364.5359
6730.0000,35.1263,36.5130,3365.0365
6731.0000,33.8942,34.9444,3365.5349
6732.0000,34.9843,36.2566,3366.0363
6733.0000,35.0524,36.0565,3366.5361
6734.0000,36.3301,37.1714,3367.0372
6735.0000,34.1748,35.4495,3367.5354
6736.0000,35.2490,36.6269,3368.0366
6737.0000,34.8071,36.1528,3368.5362
6738.0000,35.0997,36.4494,3369.0364
6739.0000,33.4125,34.4346,3369.5344
6740.0000,34.7125,36.5491,3370.0366
6741.0000,34.3824,35.6684,3370.5357
6742.0000,36.3610,38.2479,3371.0383
6743.0000,34.5719,35.6740,3371.5357
6744.0000,34.8111,36.1477,3372.0361
6745.0000,26.0410,27.7738,3372.5278
6746.0000,35.4279,37.4646,3373.0375
6747.0000,33.4577,34.7072,3373.5347
6748.0000,36.6585,37.9655,3374.0380
6749.0000,12.9737,15.2501,3374.5152
6750.0000,33.8365,35.6983,3375.0357
6751.0000,32.7120,33.7348,3375.5337
6752.0000,28.9814,30.2875,3376.0303
6753.0000,33.1958,34.4791,3376.5345
6754.0000,33.5880,34.8814,3377.0349
6755.0000,33.5953,34.8609,3377.5349
6756.0000,35.4253,36.6935,3378.0367
6757.0000,34.7174,36.0373,3378.5360
6758.0000,37.4315,38.7451,3379.0388
6759.0000,34.6874,35.8055,3379.5358
6760.0000,27.4789,28.4531,3380.0285
6761.0000,32.9413,34.3152,3380.5343
6762.0000,33.6788,34.9936,3381.0350
6763.0000,33.3778,34.6390,3381.5346
6764.0000,34.7812,36.6256,3382.0366
6765.0000,34.5446,35.8579,3382.5359
6766.0000,34.7410,36.0631,3383.0361
6767.0000,34.4465,35.5744,3383.5356
6768.0000,34.6096,35.9292,3384.0359
6769.0000,34.6305,35.9580,3384.5360
6770.0000,35.1344,36.4700,3385.0365
6771.0000,33.5345,34.5906,3385.5346
6772.0000,34.4392,35.5903,3386.0356
6773.0000,34.8355,35.9511,3386.5360
6774.0000,35.2832,36.4218,3387.0364
6775.0000,33.8691,34.9322,3387.5349
6776.0000,34.8609,35.1339,3388.0351
6777.0000,26.8095,27.1329,3388.5271
6778.0000,36.3266,37.4157,3389.0374
6779.0000,28.8891,30.4093,3389.5304
6780.0000,35.2594,36.5410,3390.0365
6781.0000,35.1315,36.4615,3390.5365
6782.0000,35.3690,36.7619,3391.0368
6783.0000,34.6180,35.9418,3391.5359
6784.0000,33.3091,34.3562,3392.0344
6785.0000,33.1960,33.5121,3392.5335
6786.0000,34.8138,35.9591,3393.0360
6787.0000,33.5638,34.6590,3393.5347
6788.0000,30.3893,31.5065,3394.0315
6789.0000,34.2555,34.9396,3394.5349
6790.0000,24.1733,25.1737,3395.0252
6791.0000,34.4459,35.5385,3395.5355
6792.0000,33.9963,34.3174,3396.0343
6793.0000,33.5174,34.6324,3396.5346
6794.0000,37.2924,38.5804,3397.0386
6795.0000,35.0524,36.4330,3397.5364
6796.0000,36.6439,37.8867,3398.0379
6797.0000,34.9780,36.1387,3398.5361
6798.0000,35.8394,37.1901,3399.0372
6799.0000,34.7635,35.6147,3399.5356
6800.0000,34.7036,36.5295,3400.0365
6801.0000,34.1958,35.3114,3400.5353
6802.0000,29.8011,31.0054,3401.0310
6803.0000,33.7009,34.7194,3401.5347
6804.0000,34.0248,35.1012,3402.0351
6805.0000,34.7663,35.8625,3402.5359
6806.0000,34.9819,36.2816,3403.0363
6807.0000,34.0673,35.1114,3403.5351
6808.0000,35.9630,37.0773,3404.0371
6809.0000,33.6145,34.6564,3404.5347
6810.0000,33.9106,35.1599,3405.0352
6811.0000,34.8357,35.8732,3405.5359
6812.0000,37.2826,38.7308,3406.0387
6813.0000,33.9470,34.9403,3406.5349
6814.0000,33.5482,34.8100,3407.0348
6815.0000,36.2484,37.3795,3407.5374
6816.0000,35.9475,37.3108,3408.0373
6817.0000,34.9408,36.3155,3408.5363
6818.0000,34.1650,34.9554,3409.0350
6819.0000,31.7344,33.1008,3409.5331
6820.0000,34.4497,36.2295,3410.0362
6821.0000,15.1877,15.3965,3410.5154
6822.0000,37.4011,38.9039,3411.0389
6823.0000,33.4750,34.6264,3411.5346
6824.0000,33.9996,35.1967,3412.0352
6825.0000,33.6525,34.9195,3412.5349
6826.0000,36.7414,38.1118,3413.0381
6827.0000,33.4397,34.4779,3413.5345
6828.0000,35.3892,36.7554,3414.0368
6829.0000,34.8403,36.2125,3414.5362
6830.0000,34.8990,36.2422,3415.0362
6831.0000,34.7997,36.1426,3415.5361
6832.0000,36.7362,38.1715,3416.0382
6833.0000,34.5417,35.8912,3416.5359
6834.0000,35.3118,36.6375,3417.0366
6835.0000,34.0410,35.3341,3417.5353
6836.0000,35.8399,37.1967,3418.0372
6837.0000,34.5670,35.6890,3418.5357
6838.0000,35.4361,36.7656,3419.0368
6839.0000,17.8115,18.2462,3419.5182
6840.0000,33.4452,34.7105,3420.0347
6841.0000,35.1446,36.2328,3420.5362
6842.0000,37.1401,38.5323,3421.0385
6843.0000,33.5577,34.6168,3421.5346
6844.0000,35.3031,36.6471,3422.0366
6845.0000,34.5830,35.7542,3422.5358
6846.0000,34.9541,35.8031,3423.0358
6847.0000,34.7423,36.0900,3423.5361
6848.0000,34.5460,35.6524,3424.0357
6849.0000,11.4169,13.6305,3424.5136
6850.0000,34.3994,36.2403,3425.0362
6851.0000,33.5766,34.6013,3425.5346
6852.0000,35.8594,37.1904,3426.0372
6853.0000,33.6762,34.9324,3426.5349
6854.0000,34.8594,36.1826,3427.0362
6855.0000,34.9552,36.3089,3427.5363
6856.0000,34.7593,36.0885,3428.0361
6857.0000,36.6012,38.0267,3428.5380
6858.0000,35.3622,36.7158,3429.0367
6859.0000,33.3818,34.7986,3429.5348
6860.0000,37.1107,39.3692,3430.0394
6861.0000,33.6152,34.9216,3430.5349
6862.0000,36.6739,38.0374,3431.0380
6863.0000,33.4760,34.5171,3431.5345
6864.0000,34.7546,36.0663,3432.0361
6865.0000,34.7313,36.0480,3432.5360
6866.0000,35.2558,36.6359,3433.0366
6867.0000,33.5313,34.7943,3433.5348
6868.0000,34.6248,35.9661,3434.0360
6869.0000,34.6416,35.7534,3434.5358
6870.0000,18.0292,18.6386,3435.0186
6871.0000,34.5797,36.0417,3435.5360
6872.0000,34.8706,36.7240,3436.0367
6873.0000,34.6596,35.9855,3436.5360
6874.0000,35.2204,36.5957,3437.0366
6875.0000,33.4985,34.7693,3437.5348
6876.0000,32.6078,33.7618,3438.0338
6877.0000,34.8844,36.6766,3438.5367
6878.0000,36.7979,38.2378,3439.0382
6879.0000,35.4063,36.7218,3439.5367
6880.0000,35.4589,37.5551,3440.0376
6881.0000,34.6700,36.0049,3440.5360
6882.0000,34.9100,35.9069,3441.0359
6883.0000,33.1912,34.4548,3441.5345
6884.0000,33.5374,34.8016,3442.0348
6885.0000,35.1224,36.4560,3442.5365
6886.0000,33.4659,34.7124,3443.0347
6887.0000,36.7392,38.1843,3443.5382
6888.0000,33.7650,35.0614,3444.0351
6889.0000,36.3350,37.4926,3444.5375
6890.0000,35.4831,37.6050,3445.0376
6891.0000,29.6831,30.9012,3445.5309
6892.0000,35.3102,37.1848,3446.0372
6893.0000,35.2191,36.4262,3446.5364
6894.0000,34.7484,36.5914,3447.0366
6895.0000,34.9108,36.0256,3447.5360
6896.0000,34.6325,36.0013,3448.0360
6897.0000,34.9064,36.2424,3448.5362
6898.0000,35.3880,36.7345,3449.0367
6899.0000,33.9070,35.1957,3449.5352
6900.0000,35.3575,36.7218,3450.0367
6901.0000,34.7977,36.1127,3450.5361
6902.0000,34.6667,36.0316,3451.0360
6903.0000,35.5117,36.6745,3451.5367
6904.0000,34.7793,36.8638,3452.0370
6905.0000,34.6731,36.0065,3452.5360
6906.0000,35.1695,36.5323,3453.0365
6907.0000,33.3367,34.6062,3453.5346
6908.0000,33.5587,34.8190,3454.0348
6909.0000,13.2148,15.3887,3454.5154
6910.0000,33.2137,35.3477,3455.0353
6911.0000,32.3860,33.4842,3455.5335
6912.0000,33.0843,34.3640,3456.0344
6913.0000,32.9156,34.2226,3456.5342
6914.0000,33.5282,34.8525,3457.0349
6915.0000,33.5824,34.8449,3457.5348
6916.0000,34.6270,35.9575,3458.0360
6917.0000,37.2577,38.4849,3458.5385
6918.0000,34.6941,36.0517,3459.0361
6919.0000,34.7609,35.8719,3459.5359
6920.0000,34.4429,35.5567,3460.0356
6921.0000,34.4772,35.5101,3460.5355
6922.0000,35.3949,36.5298,3461.0365
6923.0000,33.3638,34.6184,3461.5346
6924.0000,34.6316,36.0047,3462.0360
6925.0000,34.6916,36.0225,3462.5360
6926.0000,34.8194,36.1649,3463.0362
6927.0000,34.6369,35.9943,3463.5360
6928.0000,33.6327,34.8846,3464.0349
6929.0000,34.6323,35.9611,3464.5360
6930.0000,35.4348,37.2753,3465.0373
6931.0000,33.4069,34.4560,3465.5345
6932.0000,33.8457,34.9125,3466.0349
6933.0000,37.4204,38.6991,3466.5387
6934.0000,35.0565,36.3974,3467.0364
6935.0000,34.6947,36.0193,3467.5360
6936.0000,34.6902,36.0172,3468.0360
6937.0000,34.7965,36.1280,3468.5361
6938.0000,35.2819,36.6043,3469.0366
6939.0000,33.4785,34.7367,3469.5347
6940.0000,34.7275,35.8401,3470.0358
6941.0000,34.7131,35.1063,3470.5351
6942.0000,37.0263,39.2459,3471.0393
6943.0000,34.6384,35.9712,3471.5360
6944.0000,35.4639,36.7982,3472.0368
6945.0000,34.4976,35.8140,3472.5358
6946.0000,35.5289,36.7387,3473.0367
6947.0000,35.2464,36.5972,3473.5366
6948.0000,35.6831,37.0449,3474.0371
6949.0000,12.5698,13.8642,3474.5139
6950.0000,33.8258,35.9785,3475.0360
6951.0000,33.0657,34.3407,3475.5343
6952.0000,34.5756,35.7070,3476.0357
6953.0000,31.8123,33.0313,3476.5330
6954.0000,33.6857,34.9597,3477.0350
6955.0000,33.4182,34.6727,3477.5347
6956.0000,34.7179,35.8651,3478.0359
6957.0000,34.9568,35.3488,3478.5353
6958.0000,34.6250,35.9450,3479.0359
6959.0000,27.5832,28.0997,3479.5281
6960.0000,34.1128,35.7208,3480.0357
6961.0000,36.7164,37.8893,3480.5379
6962.0000,36.5946,37.9652,3481.0380
6963.0000,33.8320,35.0959,3481.5351
6964.0000,34.9826,36.1360,3482.0361
6965.0000,34.6794,35.9979,3482.5360
6966.0000,34.6088,35.9395,3483.0359
6967.0000,35.0782,36.2326,3483.5362
6968.0000,34.6170,35.7272,3484.0357
6969.0000,34.8763,35.9829,3484.5360
6970.0000,36.3735,37.5078,3485.0375
6971.0000,33.8737,35.1458,3485.5351
6972.0000,35.9968,37.2005,3486.0372
6973.0000,34.6972,36.0150,3486.5360
6974.0000,34.9056,36.0184,3487.0360
6975.0000,34.6809,36.0349,3487.5360
6976.0000,34.7409,35.7728,3488.0358
6977.0000,36.1533,37.2897,3488.5373
6978.0000,33.8855,34.9476,3489.0349
6979.0000,33.5562,34.5580,3489.5346
6980.0000,33.7979,34.8351,3490.0348
6981.0000,17.4929,18.5630,3490.5186
6982.0000,25.2458,26.3079,3491.0263
6983.0000,33.3590,34.3996,3491.5344
6984.0000,33.8203,34.8830,3492.0349
6985.0000,36.1747,37.3624,3492.5374
6986.0000,35.0837,36.2056,3493.0362
6987.0000,33.6667,34.9179,3493.5349
6988.0000,34.8086,35.1620,3494.0352
6989.0000,34.8623,36.0190,3494.5360
6990.0000,33.3629,34.6255,3495.0346
6991.0000,9.3825,9.6291,3495.5096
6992.0000,33.7791,34.8774,3496.0349
6993.0000,33.6166,34.8660,3496.5349
6994.0000,35.0917,36.6686,3497.0367
6995.0000,33.6118,34.8808,3497.5349
6996.0000,35.4624,36.7336,3498.0367
6997.0000,34.7961,36.1327,3498.5361
6998.0000,37.1525,39.3586,3499.0394
6999.0000,34.6816,36.0188,3499.5360
7000.0000,34.8268,35.9629,3500.0360
7001.0000,32.8162,33.4565,3500.5335
7002.0000,35.4157,37.2477,3501.0372
7003.0000,33.2975,34.5563,3501.5346
7004.0000,34.9142,35.7441,3502.0357
7005.0000,19.2902,19.7356,3502.5197
7006.0000,28.8773,29.9913,3503.0300
7007.0000,34.1608,35.4847,3503.5355
7008.0000,34.9199,35.2228,3504.0352
7009.0000,34.5266,35.8603,3504.5359
7010.0000,35.0705,36.4351,3505.0364
7011.0000,34.6005,35.9357,3505.5359
7012.0000,34.6197,35.8375,3506.0358
7013.0000,34.7039,36.0801,3506.5361
7014.0000,34.6255,35.9885,3507.0360
7015.0000,34.5499,35.8731,3507.5359
7016.0000,35.0558,35.9113,3508.0359
7017.0000,34.1886,35.4739,3508.5355
7018.0000,35.4922,37.3672,3509.0374
7019.0000,33.4499,34.4888,3509.5345
7020.0000,35.0865,36.1953,3510.0362
7021.0000,34.8427,35.9577,3510.5360
7022.0000,34.5948,35.9537,3511.0360
7023.0000,33.2684,34.5790,3511.5346
7024.0000,37.0199,38.2714,3512.0383
7025.0000,34.6107,35.9707,3512.5360
7026.0000,35.1996,36.3337,3513.0363
7027.0000,33.2006,34.4835,3513.5345
7028.0000,34.6938,35.7971,3514.0358
7029.0000,35.0195,35.4880,3514.5355
7030.0000,33.4401,34.4941,3515.0345
7031.0000,33.4515,34.7265,3515.5347
7032.0000,35.0009,35.8576,3516.0359
7033.0000,34.7585,36.0950,3516.5361
7034.0000,37.4019,39.3827,3517.0394
7035.0000,33.3083,34.3577,3517.5344
7036.0000,33.5051,36.4161,3518.0364
7037.0000,35.0323,35.4236,3518.5354
7038.0000,34.6970,36.5387,3519.0365
7039.0000,34.6274,35.8359,3519.5358
7040.0000,34.9946,36.1119,3520.0361
7041.0000,34.5486,35.8848,3520.5359
7042.0000,37.4537,38.8911,3521.0389
7043.0000,33.4658,34.7390,3521.5347
7044.0000,34.8947,36.1485,3522.0361
7045.0000,33.7013,34.7155,3522.5347
7046.0000,35.1683,36.5070,3523.0365
7047.0000,35.5986,36.7891,3523.5368
7048.0000,35.1947,36.2119,3524.0362
7049.0000,9.2862,11.5556,3524.5115
7050.0000,33.3824,35.4532,3525.0355
7051.0000,35.2495,36.6375,3525.5366
7052.0000,35.1130,36.2770,3526.0363
7053.0000,34.8726,36.1469,3526.5361
7054.0000,35.0533,37.0934,3527.0371
7055.0000,34.7941,35.8759,3527.5359
7056.0000,34.8722,36.2046,3528.0362
7057.0000,34.9616,36.3170,3528.5363
7058.0000,35.1628,37.0884,3529.0371
7059.0000,33.3504,34.6166,3529.5346
7060.0000,34.9537,36.2992,3530.0363
7061.0000,33.5126,34.7842,3530.5348
7062.0000,37.0847,39.1470,3531.0392
7063.0000,34.6878,36.0284,3531.5360
7064.0000,35.1145,36.4473,3532.0364
7065.0000,34.5938,35.7271,3532.5357
7066.0000,35.1661,36.5184,3533.0365
7067.0000,33.9764,35.0249,3533.5350
7068.0000,36.2190,38.0913,3534.0381
7069.0000,33.4552,34.4888,3534.5345
7070.0000,33.8204,35.0626,3535.0351
7071.0000,34.7815,35.9090,3535.5359
7072.0000,34.0082,35.0289,3536.0350
7073.0000,35.2338,36.4126,3536.5364
7074.0000,35.3558,37.1952,3537.0372
7075.0000,33.1980,34.4378,3537.5344
7076.0000,34.9985,35.3261,3538.0353
7077.0000,34.5955,35.9537,3538.5360
7078.0000,13.6161,14.6381,3539.0146
7079.0000,19.4792,20.1640,3539.5202
7080.0000,33.7562,34.5509,3540.0345
7081.0000,33.5258,34.5763,3540.5346
7082.0000,37.1806,38.5172,3541.0385
7083.0000,33.0458,34.1392,3541.5341
7084.0000,18.8325,20.0661,3542.0201
7085.0000,34.9012,37.1443,3542.5371
7086.0000,34.6752,36.0192,3543.0360
7087.0000,33.3153,34.5756,3543.5346
7088.0000,34.6512,35.5925,3544.0356
7089.0000,34.6737,36.0209,3544.5360
7090.0000,35.1109,36.4712,3545.0365
7091.0000,33.4400,34.6918,3545.5347
7092.0000,30.4119,31.1493,3546.0312
7093.0000,34.7102,36.0493,3546.5360
7094.0000,34.8142,36.2142,3547.0362
7095.0000,34.8208,36.1470,3547.5361
7096.0000,35.1034,35.9328,3548.0359
7097.0000,35.0494,36.2354,3548.5362
7098.0000,35.0952,36.2176,3549.0362
7099.0000,33.5459,34.9554,3549.5350
7100.0000,34.9372,36.0384,3550.0360
7101.0000,34.5892,35.9227,3550.5359
7102.0000,34.4879,35.8049,3551.0358
7103.0000,35.0850,36.5073,3551.5365
7104.0000,34.5362,35.5513,3552.0356
7105.0000,35.1606,36.4923,3552.5365
7106.0000,35.0004,36.1441,3553.0361
7107.0000,33.5821,34.8522,3553.5348
7108.0000,34.5822,35.4373,3554.0354
7109.0000,33.9064,34.2279,3554.5342
7110.0000,34.5709,35.9165,3555.0359
7111.0000,34.5682,36.5003,3555.5365
7112.0000,34.5534,35.6675,3556.0357
7113.0000,35.1904,36.3354,3556.5363
7114.0000,35.2485,36.1011,3557.0361
7115.0000,33.4213,34.1813,3557.5342
7116.0000,34.3183,35.3692,3558.0354
7117.0000,35.8515,37.2282,3558.5372
7118.0000,34.5734,35.8896,3559.0359
7119.0000,34.7544,36.1578,3559.5362
7120.0000,35.2751,36.6392,3560.0366
7121.0000,33.7803,34.8319,3560.5348
7122.0000,35.3111,36.5173,3561.0365
7123.0000,33.5378,34.8107,3561.5348
7124.0000,35.2942,36.6541,3562.0367
7125.0000,33.5566,34.8103,3562.5348
7126.0000,33.9114,34.9622,3563.0350
7127.0000,33.3559,34.6868,3563.5347
7128.0000,35.5271,36.8587,3564.0370
7129.0000,33.4567,34.7404,3564.5347
7130.0000,35.1030,36.2439,3565.0362
7131.0000,32.9685,34.1024,3565.5341
7132.0000,34.1284,35.6361,3566.0356
7133.0000,33.6799,33.9849,3566.5340
7134.0000,35.6232,37.0392,3567.0370
7135.0000,33.3803,34.6442,3567.5346
7136.0000,33.7725,35.0253,3568.0350
7137.0000,26.2474,26.6389,3568.5266
7138.0000,36.6144,37.8024,3569.0378
7139.0000,33.5699,34.8506,3569.5348
7140.0000,35.3241,36.6626,3570.0367
7141.0000,34.4726,35.5127,3570.5355
7142.0000,33.7910,34.8658,3571.0349
7143.0000,34.2191,35.3194,3571.5353
7144.0000,34.8425,35.9219,3572.0359
7145.0000,33.9084,35.1817,3572.5352
7146.0000,10.9910,13.2084,3573.0132
7147.0000,34.9238,37.1668,3573.5372
7148.0000,34.2646,35.5376,3574.0355
7149.0000,18.8431,20.9804,3574.5210
7150.0000,35.4673,38.2867,3575.0383
7151.0000,34.8280,36.2218,3575.5362
7152.0000,35.1616,36.3186,3576.0363
7153.0000,34.6126,35.9401,3576.5359
7154.0000,14.8692,15.3195,3577.0153
7155.0000,37.0662,38.5148,3577.5385
7156.0000,34.9395,36.2769,3578.0363
7157.0000,36.3533,37.4606,3578.5375
7158.0000,34.8162,36.1559,3579.0362
7159.0000,33.3600,34.4024,3579.5344
7160.0000,34.9113,36.7315,3580.0367
7161.0000,34.8060,35.9438,3580.5359
7162.0000,35.1007,36.4475,3581.0364
7163.0000,34.7037,36.0360,3581.5360
7164.0000,33.5503,34.8054,3582.0348
7165.0000,33.6296,34.9155,3582.5349
7166.0000,35.2134,37.0746,3583.0371
7167.0000,33.2411,34.2767,3583.5343
7168.0000,36.7893,38.2015,3584.0382
7169.0000,34.6691,35.9996,3584.5360
7170.0000,34.9133,36.2543,3585.0363
7171.0000,33.2517,34.5086,3585.5345
7172.0000,34.4917,35.8213,3586.0358
7173.0000,33.0107,34.1087,3586.5341
7174.0000,36.9218,38.2163,3587.0382
7175.0000,34.6678,36.0058,3587.5360
7176.0000,34.7793,36.1027,3588.0361
7177.0000,34.5167,35.6730,3588.5357
7178.0000,35.0052,36.3272,3589.0363
7179.0000,34.5380,35.8454,3589.5358
7180.0000,35.4337,37.2937,3590.0373
7181.0000,34.7489,36.0614,3590.5361
7182.0000,37.4663,39.5875,3591.0396
7183.0000,34.8306,36.1543,3591.5362
7184.0000,34.8415,36.1106,3592.0361
7185.0000,34.6047,35.7650,3592.5358
7186.0000,34.1625,35.4207,3593.0354
7187.0000,33.3231,34.5839,3593.5346
7188.0000,34.8982,36.2648,3594.0363
7189.0000,33.7842,35.1017,3594.5351
7190.0000,34.9426,36.8152,3595.0368
7191.0000,34.9191,36.0253,3595.5360
7192.0000,34.7634,36.1316,3596.0361
7193.0000,35.0369,36.4435,3596.5364
7194.0000,35.2217,37.0669,3597.0371
7195.0000,33.4428,34.6851,3597.5347
7196.0000,35.0813,36.3972,3598.0364
7197.0000,34.5586,35.8733,3598.5359
7198.0000,34.5824,35.9043,3599.0359
7199.0000,15.8114,16.2783,3599.5163
