window,processing_ms,decision_delay_ms,boottime_s
0.0000,9.5824,9.7220,0.0097
1.0000,8.5627,10.7886,0.5108
2.0000,9.6769,10.9037,1.0109
3.0000,17.8579,19.9422,1.5199
4.0000,13.4614,16.1857,2.0162
5.0000,5.3501,6.1151,2.5061
6.0000,9.0673,10.4980,3.0105
7.0000,17.7901,18.0370,3.5180
8.0000,14.8573,17.4020,4.0174
9.0000,17.8523,19.6978,4.5197
10.0000,44.6305,46.8199,5.0468
11.0000,44.0907,44.8413,5.5449
12.0000,35.4961,38.1551,6.0382
13.0000,40.1027,40.9945,6.5410
14.0000,35.0966,35.8884,7.0359
15.0000,17.1248,17.6057,7.5176
16.0000,17.2024,17.6616,8.0177
17.0000,10.5930,11.4676,8.5115
18.0000,7.9800,8.1904,9.0082
19.0000,6.0165,7.0366,9.5070
20.0000,28.8057,28.9883,10.0290
21.0000,6.3736,6.6374,10.5066
22.0000,12.1257,12.6230,11.0126
23.0000,13.2567,13.4320,11.5134
24.0000,13.5015,13.7172,12.0137
25.0000,9.5649,11.0182,12.5110
26.0000,6.1015,6.4899,13.0065
27.0000,6.8653,8.7680,13.5088
28.0000,17.9386,20.0026,14.0200
29.0000,13.7055,16.1758,14.5162
30.0000,13.0664,14.6788,15.0147
31.0000,13.0724,15.2128,15.5152
32.0000,14.7527,16.2496,16.0163
33.0000,12.1164,14.0541,16.5141
34.0000,18.1087,20.1884,17.0202
35.0000,18.1736,20.3229,17.5203
36.0000,17.1991,17.6981,18.0177
37.0000,45.1244,46.0024,18.5460
38.0000,18.9097,19.6022,19.0196
39.0000,18.6493,19.2903,19.5193
40.0000,13.2688,14.4240,20.0144
41.0000,12.6680,13.2940,20.5133
42.0000,18.9959,19.4595,21.0195
43.0000,19.8152,21.0691,21.5211
44.0000,26.9856,27.3001,22.0273
45.0000,27.1466,27.6270,22.5276
46.0000,24.9292,25.5973,23.0256
47.0000,47.0472,47.8664,23.5479
48.0000,30.3021,31.1505,24.0312
49.0000,29.9781,30.7394,24.5307
50.0000,42.7577,43.1261,25.0431
51.0000,43.3610,46.8159,25.5468
52.0000,41.4417,41.8554,26.0419
53.0000,37.0479,37.8437,26.5379
54.0000,37.9052,38.7435,27.0387
55.0000,45.1736,45.6097,27.5456
56.0000,16.7477,17.6524,28.0177
57.0000,19.2840,19.6698,28.5197
58.0000,19.6285,21.5350,29.0215
59.0000,17.5354,17.9647,29.5180
60.0000,13.0568,13.4122,30.0134
61.0000,10.7850,12.2865,30.5123
62.0000,11.7528,12.2599,31.0123
63.0000,17.7644,18.4988,31.5185
64.0000,16.8670,17.4001,32.0174
65.0000,17.6755,19.7156,32.5197
66.0000,42.9028,46.1523,33.0462
67.0000,42.7595,43.5813,33.5436
68.0000,40.5221,43.4409,34.0434
69.0000,17.8283,19.8468,34.5198
70.0000,17.8242,20.2489,35.0203
71.0000,17.9647,19.9858,35.5200
72.0000,13.4789,15.5601,36.0156
73.0000,7.1576,8.3919,36.5084
74.0000,16.0889,18.1888,37.0182
75.0000,18.3351,20.8620,37.5209
76.0000,16.1481,17.9215,38.0179
77.0000,45.0830,45.4447,38.5454
78.0000,45.4284,47.0637,39.0471
79.0000,42.9322,43.7282,39.5437
80.0000,40.8222,45.2252,40.0452
81.0000,18.1443,21.0501,40.5211
82.0000,17.8872,19.9939,41.0200
83.0000,41.7375,42.6232,41.5426
84.0000,36.3779,38.9649,42.0390
85.0000,40.0146,40.4879,42.5405
86.0000,37.5327,38.3974,43.0384
87.0000,41.4607,42.2888,43.5423
88.0000,34.2231,34.8665,44.0349
89.0000,38.7902,40.9584,44.5410
90.0000,35.6196,37.3446,45.0373
91.0000,18.1795,21.0311,45.5210
92.0000,15.8731,17.4891,46.0175
93.0000,48.6427,50.7515,46.5508
94.0000,39.7117,40.4940,47.0405
95.0000,43.1623,43.9967,47.5440
96.0000,36.1647,38.9669,48.0390
97.0000,13.5546,14.8661,48.5149
98.0000,17.8565,20.0043,49.0200
99.0000,17.7143,19.8118,49.5198
100.0000,15.0204,19.2733,50.0193
101.0000,17.6669,19.8248,50.5198
102.0000,18.5579,22.5268,51.0225
103.0000,17.5174,19.5881,51.5196
104.0000,14.8937,17.3476,52.0173
105.0000,15.7103,18.1116,52.5181
106.0000,18.3421,22.5842,53.0226
107.0000,17.2945,18.0762,53.5181
108.0000,15.0888,19.0952,54.0191
109.0000,18.0678,20.1294,54.5201
110.0000,17.8911,20.2666,55.0203
111.0000,17.9668,19.9748,55.5200
112.0000,14.9003,17.4560,56.0175
113.0000,17.7828,19.8840,56.5199
114.0000,18.3598,22.3176,57.0223
115.0000,17.5598,19.6670,57.5197
116.0000,14.8707,17.3594,58.0174
117.0000,27.2189,27.6503,58.5277
118.0000,16.1296,19.4498,59.0195
119.0000,17.8060,19.9296,59.5199
120.0000,10.3047,13.3476,60.0133
121.0000,10.0526,12.1643,60.5122
122.0000,15.4461,17.9782,61.0180
123.0000,17.6506,19.8577,61.5199
124.0000,14.7655,17.4303,62.0174
125.0000,17.9558,19.9713,62.5200
126.0000,42.8583,44.6287,63.0446
127.0000,40.9628,41.8047,63.5418
128.0000,36.2471,38.2160,64.0382
129.0000,17.9691,20.0313,64.5200
130.0000,17.7711,20.3258,65.0203
131.0000,17.8432,20.0023,65.5200
132.0000,13.3659,15.8861,66.0159
133.0000,12.5648,15.1901,66.5152
134.0000,17.8596,19.9695,67.0200
135.0000,17.7265,19.7251,67.5197
136.0000,14.8933,15.7022,68.0157
137.0000,12.3266,14.4389,68.5144
138.0000,18.2421,22.3251,69.0223
139.0000,17.1840,19.0989,69.5191
140.0000,16.9353,17.6081,70.0176
141.0000,50.1976,52.3781,70.5524
142.0000,43.9191,44.7316,71.0447
143.0000,44.2486,45.1598,71.5452
144.0000,34.5356,36.8235,72.0368
145.0000,49.6716,50.5197,72.5505
146.0000,44.1993,47.0554,73.0471
147.0000,42.1598,42.9701,73.5430
148.0000,41.0133,42.1089,74.0421
149.0000,17.8237,20.1142,74.5201
150.0000,17.7948,19.8480,75.0198
151.0000,17.9632,18.4349,75.5184
152.0000,15.0461,17.2947,76.0173
153.0000,17.9259,19.9290,76.5199
154.0000,17.6768,19.8784,77.0199
155.0000,17.7505,19.8267,77.5198
156.0000,14.2877,16.3019,78.0163
157.0000,21.6624,22.5220,78.5225
158.0000,42.4983,46.8525,79.0469
159.0000,42.9016,43.7884,79.5438
160.0000,38.3542,40.0484,80.0401
161.0000,18.0381,20.3209,80.5203
162.0000,17.8381,20.1851,81.0202
163.0000,17.6604,19.7394,81.5197
164.0000,15.0469,18.1813,82.0182
165.0000,17.8624,19.8711,82.5199
166.0000,17.9529,19.6601,83.0197
167.0000,17.8457,19.9942,83.5200
168.0000,14.7877,17.1989,84.0172
169.0000,18.1122,20.2252,84.5202
170.0000,18.0439,18.7501,85.0188
171.0000,17.8404,19.9836,85.5200
172.0000,13.3523,15.4602,86.0155
173.0000,12.3924,14.5897,86.5146
174.0000,18.1518,22.0027,87.0220
175.0000,18.0080,21.4691,87.5215
176.0000,38.3141,38.9762,88.0390
177.0000,42.7643,43.5714,88.5436
178.0000,38.6122,40.8380,89.0408
179.0000,42.9205,44.0965,89.5441
180.0000,35.9646,38.3650,90.0384
181.0000,45.8868,46.7831,90.5468
182.0000,44.6677,46.2834,91.0463
183.0000,43.5819,44.4595,91.5445
184.0000,36.1960,38.1957,92.0382
185.0000,36.7032,37.6642,92.5377
186.0000,17.8145,20.4807,93.0205
187.0000,38.0720,38.4315,93.5384
188.0000,39.5553,42.2650,94.0423
189.0000,16.0358,19.1037,94.5191
190.0000,17.8473,20.0361,95.0200
191.0000,17.8308,20.2205,95.5202
192.0000,13.3628,15.9595,96.0160
193.0000,12.3768,14.4616,96.5145
194.0000,17.8652,19.9233,97.0199
195.0000,17.9512,18.6106,97.5186
196.0000,15.1082,17.1636,98.0172
197.0000,17.8748,19.9869,98.5200
198.0000,17.9064,19.5506,99.0196
199.0000,17.7774,19.8589,99.5199
200.0000,14.7936,18.6472,100.0187
201.0000,18.0261,20.1599,100.5202
202.0000,17.9370,20.3713,101.0204
203.0000,17.8527,20.0923,101.5201
204.0000,13.4994,16.1129,102.0161
205.0000,12.5409,14.5681,102.5146
206.0000,18.4146,22.3602,103.0224
207.0000,17.8075,19.8499,103.5199
208.0000,14.9622,18.9144,104.0189
209.0000,17.8934,20.0388,104.5200
210.0000,17.8772,20.2306,105.0202
211.0000,18.4397,19.0508,105.5191
212.0000,15.1746,17.2495,106.0173
213.0000,18.1863,19.9851,106.5200
214.0000,17.8909,20.0964,107.0201
215.0000,17.8736,20.3777,107.5204
216.0000,13.4750,15.7889,108.0158
217.0000,5.3226,6.1714,108.5062
218.0000,15.1797,17.2735,109.0173
219.0000,17.9713,20.0750,109.5201
220.0000,13.3718,15.7342,110.0157
221.0000,12.6085,14.8282,110.5148
222.0000,17.9554,20.3930,111.0204
223.0000,41.2458,42.6418,111.5427
224.0000,37.6654,38.5649,112.0386
225.0000,44.9809,45.9337,112.5459
226.0000,44.8422,46.7930,113.0468
227.0000,42.0694,44.2932,113.5443
228.0000,35.4705,37.6555,114.0377
229.0000,47.3692,49.2068,114.5492
230.0000,44.2369,46.3669,115.0464
231.0000,45.1593,45.9249,115.5459
232.0000,37.7728,41.9883,116.0420
233.0000,37.0661,37.9816,116.5380
234.0000,42.9411,45.0041,117.0450
235.0000,45.7919,46.6117,117.5466
236.0000,31.1413,32.2780,118.0323
237.0000,13.8209,15.9978,118.5160
238.0000,18.0083,19.8332,119.0198
239.0000,17.9411,20.0771,119.5201
240.0000,13.3716,15.9765,120.0160
241.0000,11.8571,13.4108,120.5134
242.0000,17.9297,20.0406,121.0200
243.0000,17.8703,19.9953,121.5200
244.0000,13.4530,15.6926,122.0157
245.0000,12.4407,14.4122,122.5144
246.0000,18.0151,20.0807,123.0201
247.0000,17.9532,19.9752,123.5200
248.0000,15.0942,17.2699,124.0173
249.0000,18.3593,21.4659,124.5215
250.0000,18.0223,20.0616,125.0201
251.0000,17.7636,19.9220,125.5199
252.0000,15.0182,17.3021,126.0173
253.0000,17.8112,19.8358,126.5198
254.0000,18.0774,20.4086,127.0204
255.0000,17.8145,19.9343,127.5199
256.0000,13.7615,14.8091,128.0148
257.0000,13.8749,15.8326,128.5158
258.0000,22.4846,23.4445,129.0235
259.0000,17.7432,19.8588,129.5199
260.0000,14.9522,17.3989,130.0174
261.0000,17.9736,20.1581,130.5202
262.0000,18.0135,20.0645,131.0201
263.0000,17.8730,19.9912,131.5200
264.0000,13.3215,15.3253,132.0153
265.0000,12.4852,14.5233,132.5145
266.0000,17.7635,20.1317,133.0201
267.0000,17.8526,19.9514,133.5200
268.0000,14.8268,17.3760,134.0174
269.0000,17.8754,20.1807,134.5202
270.0000,17.7728,20.0606,135.0201
271.0000,17.7945,19.7923,135.5198
272.0000,14.8545,17.2916,136.0173
273.0000,17.8499,19.9270,136.5199
274.0000,17.7544,19.8098,137.0198
275.0000,38.3900,39.2733,137.5393
276.0000,40.2057,41.8049,138.0418
277.0000,35.0414,36.1315,138.5361
278.0000,43.8473,46.2460,139.0462
279.0000,42.6970,43.5993,139.5436
280.0000,37.3424,39.6796,140.0397
281.0000,41.8133,42.6797,140.5427
282.0000,36.1582,36.9639,141.0370
283.0000,41.9240,42.6890,141.5427
284.0000,37.1228,39.1672,142.0392
285.0000,15.9135,19.0222,142.5190
286.0000,17.9070,20.2347,143.0202
287.0000,41.6137,44.0184,143.5440
288.0000,37.2179,39.1392,144.0391
289.0000,42.3273,43.2416,144.5432
290.0000,37.7758,40.3735,145.0404
291.0000,41.5668,42.4469,145.5425
292.0000,45.0256,49.0881,146.0491
293.0000,42.3709,43.0713,146.5431
294.0000,35.3533,36.3607,147.0364
295.0000,41.3051,41.9403,147.5419
296.0000,38.5787,40.4713,148.0405
297.0000,40.1104,40.8607,148.5409
298.0000,39.6668,41.9005,149.0419
299.0000,43.7644,44.6195,149.5446
300.0000,36.2854,37.2997,150.0373
301.0000,47.6539,48.4195,150.5484
302.0000,17.7514,20.0348,151.0200
303.0000,17.7717,19.8004,151.5198
304.0000,15.0779,17.2208,152.0172
305.0000,18.0697,20.0916,152.5201
306.0000,18.0973,20.1188,153.0201
307.0000,17.6459,19.7809,153.5198
308.0000,14.9674,17.1744,154.0172
309.0000,17.7816,19.7801,154.5198
310.0000,17.8132,19.9344,155.0199
311.0000,18.0031,20.0137,155.5200
312.0000,15.0757,17.1551,156.0172
313.0000,17.7975,20.0648,156.5201
314.0000,17.8084,20.0010,157.0200
315.0000,38.4774,38.9773,157.5390
316.0000,40.9401,42.1163,158.0421
317.0000,45.2789,46.2686,158.5463
318.0000,46.0624,46.8618,159.0469
319.0000,42.7697,44.4986,159.5445
320.0000,36.0237,36.9461,160.0370
321.0000,15.6172,17.9697,160.5180
322.0000,17.8604,20.2178,161.0202
323.0000,17.9955,20.0184,161.5200
324.0000,13.3102,15.6310,162.0156
325.0000,12.3862,14.4175,162.5144
326.0000,17.9722,20.0488,163.0201
327.0000,17.7584,19.8874,163.5199
328.0000,17.1145,17.4371,164.0174
329.0000,49.6684,51.7670,164.5518
330.0000,45.4142,46.3692,165.0464
331.0000,44.8901,45.7817,165.5458
332.0000,32.2661,33.2340,166.0332
333.0000,43.7227,44.2456,166.5443
334.0000,35.4896,36.3494,167.0364
335.0000,18.0115,20.3302,167.5203
336.0000,13.2908,15.4493,168.0155
337.0000,6.0053,7.3257,168.5073
338.0000,14.0723,16.4386,169.0164
339.0000,17.7211,19.6945,169.5197
340.0000,15.0107,18.1488,170.0181
341.0000,18.1849,18.6850,170.5187
342.0000,18.0012,20.0603,171.0201
343.0000,18.0169,19.3648,171.5194
344.0000,14.8106,17.3536,172.0174
345.0000,17.9769,19.9622,172.5200
346.0000,17.9304,20.4523,173.0205
347.0000,38.1500,38.4961,173.5385
348.0000,16.0248,18.0163,174.0180
349.0000,37.6167,39.7719,174.5398
350.0000,39.3304,41.4285,175.0414
351.0000,43.5574,44.4890,175.5445
352.0000,34.7519,36.0734,176.0361
353.0000,38.0282,39.7003,176.5397
354.0000,37.8089,38.6263,177.0386
355.0000,42.0250,42.6448,177.5427
356.0000,37.2501,38.6505,178.0387
357.0000,42.1893,43.8637,178.5439
358.0000,35.2518,36.0728,179.0361
359.0000,17.7698,21.0567,179.5211
360.0000,15.9653,18.5060,180.0185
361.0000,48.3824,50.6273,180.5506
362.0000,34.2255,35.0226,181.0350
363.0000,17.8784,20.4969,181.5205
364.0000,16.2542,18.2675,182.0183
365.0000,43.5491,45.6491,182.5457
366.0000,45.6370,47.3581,183.0474
367.0000,42.4642,44.2600,183.5443
368.0000,41.1670,42.0799,184.0421
369.0000,33.8821,34.6779,184.5347
370.0000,17.9710,20.4542,185.0205
371.0000,17.7976,19.8623,185.5199
372.0000,14.9704,17.1895,186.0172
373.0000,17.9169,19.9596,186.5200
374.0000,17.8957,20.5140,187.0205
375.0000,17.6226,19.8173,187.5198
376.0000,15.0768,17.1340,188.0171
377.0000,17.8686,20.0286,188.5200
378.0000,17.8424,19.9814,189.0200
379.0000,17.7866,19.8765,189.5199
380.0000,16.9206,17.7146,190.0177
381.0000,49.9132,52.0729,190.5521
382.0000,44.3688,46.0809,191.0461
383.0000,43.1321,43.9518,191.5440
384.0000,37.1481,38.9110,192.0389
385.0000,36.2505,37.0519,192.5371
386.0000,41.0118,41.8709,193.0419
387.0000,43.5630,44.4320,193.5444
388.0000,36.1135,37.0648,194.0371
389.0000,48.3090,49.3131,194.5493
390.0000,45.2946,47.4555,195.0475
391.0000,47.0319,47.8490,195.5479
392.0000,30.4067,32.2968,196.0323
393.0000,13.5316,15.6664,196.5157
394.0000,17.8908,19.9676,197.0200
395.0000,17.7490,19.7938,197.5198
396.0000,15.0198,17.0526,198.0171
397.0000,17.6196,19.6869,198.5197
398.0000,17.7573,20.0317,199.0200
399.0000,17.6623,19.9854,199.5200
400.0000,15.1048,17.2069,200.0173
401.0000,14.6050,14.9600,200.5150
402.0000,17.9221,19.9875,201.0200
403.0000,16.4548,17.8930,201.5179
404.0000,14.8498,17.3646,202.0174
405.0000,17.7992,19.8341,202.5198
406.0000,17.9948,20.0700,203.0201
407.0000,17.6127,19.6213,203.5196
408.0000,15.0123,17.0431,204.0170
409.0000,17.8241,18.5450,204.5185
410.0000,17.8026,20.1858,205.0202
411.0000,17.6799,19.8637,205.5199
412.0000,14.8292,17.3384,206.0173
413.0000,17.6030,19.5968,206.5196
414.0000,17.8076,20.0411,207.0200
415.0000,17.9839,20.0364,207.5200
416.0000,13.3003,15.5979,208.0156
417.0000,12.2164,14.3207,208.5143
418.0000,17.9184,19.9374,209.0199
419.0000,17.7090,19.5174,209.5195
420.0000,17.0070,17.9484,210.0179
421.0000,38.4542,40.4866,210.5405
422.0000,34.0378,34.7731,211.0348
423.0000,10.0837,12.3111,211.5123
424.0000,13.1073,15.8149,212.0158
425.0000,12.2292,14.4069,212.5144
426.0000,17.9793,18.5148,213.0185
427.0000,17.8694,19.9324,213.5199
428.0000,14.8568,17.1815,214.0172
429.0000,17.7767,19.8190,214.5198
430.0000,17.4873,19.8271,215.0198
431.0000,17.9248,19.2812,215.5193
432.0000,14.9072,17.2420,216.0172
433.0000,17.8749,20.2285,216.5202
434.0000,17.7555,20.0503,217.0201
435.0000,17.8980,20.0821,217.5201
436.0000,13.0572,15.7855,218.0158
437.0000,12.3036,14.4010,218.5144
438.0000,17.7666,20.2311,219.0202
439.0000,17.5680,19.8117,219.5198
440.0000,18.4454,19.1779,220.0192
441.0000,36.1019,38.2441,220.5382
442.0000,43.0153,45.7103,221.0457
443.0000,18.0898,20.3878,221.5204
444.0000,13.4772,17.6684,222.0177
445.0000,18.0266,18.6680,222.5187
446.0000,17.9969,20.4030,223.0204
447.0000,17.7717,19.8869,223.5199
448.0000,14.7714,17.1417,224.0171
449.0000,18.0919,20.1643,224.5202
450.0000,17.8643,19.9529,225.0200
451.0000,17.6901,19.8156,225.5198
452.0000,14.9392,18.0370,226.0180
453.0000,17.9123,19.8784,226.5199
454.0000,17.6956,19.9680,227.0200
455.0000,17.7967,19.8792,227.5199
456.0000,14.6723,17.3602,228.0174
457.0000,44.8331,46.1681,228.5462
458.0000,47.1038,48.7087,229.0487
459.0000,42.0928,43.7816,229.5438
460.0000,37.9163,38.8682,230.0389
461.0000,17.6676,19.9689,230.5200
462.0000,17.6586,19.8634,231.0199
463.0000,17.7227,19.9156,231.5199
464.0000,14.6646,17.3012,232.0173
465.0000,17.9055,19.9672,232.5200
466.0000,17.9503,20.4080,233.0204
467.0000,17.9145,19.9669,233.5200
468.0000,14.9861,19.2527,234.0193
469.0000,17.7965,19.9660,234.5200
470.0000,18.2865,22.2184,235.0222
471.0000,17.3348,18.0171,235.5180
472.0000,14.9380,19.2155,236.0192
473.0000,17.9186,19.9645,236.5200
474.0000,18.1935,22.3872,237.0224
475.0000,39.3337,39.6938,237.5397
476.0000,48.7819,53.8963,238.0539
477.0000,47.1489,48.9497,238.5490
478.0000,46.1580,47.1303,239.0471
479.0000,42.7333,44.4751,239.5445
480.0000,38.8480,43.9411,240.0439
481.0000,15.6409,18.2478,240.5182
482.0000,17.8896,19.9755,241.0200
483.0000,17.9198,19.9689,241.5200
484.0000,14.8735,19.0649,242.0191
485.0000,18.0439,20.0844,242.5201
486.0000,18.0109,20.4643,243.0205
487.0000,17.7620,19.9063,243.5199
488.0000,14.9827,18.9336,244.0189
489.0000,18.0123,20.1699,244.5202
490.0000,18.2266,22.4358,245.0224
491.0000,17.4661,19.6097,245.5196
492.0000,14.8294,19.0189,246.0190
493.0000,17.9244,20.0629,246.5201
494.0000,18.2381,22.3811,247.0224
495.0000,17.6180,19.7371,247.5197
496.0000,15.0636,17.2219,248.0172
497.0000,17.9165,19.9343,248.5199
498.0000,17.8926,20.2343,249.0202
499.0000,17.8071,19.9033,249.5199
500.0000,14.7990,15.6223,250.0156
501.0000,12.4436,14.4670,250.5145
502.0000,18.1686,22.1222,251.0221
503.0000,17.4457,19.5705,251.5196
504.0000,14.9137,19.1388,252.0191
505.0000,17.8826,20.0638,252.5201
506.0000,18.2321,22.4565,253.0225
507.0000,17.6226,20.0145,253.5200
508.0000,13.2573,15.3619,254.0154
509.0000,12.3640,14.4469,254.5144
510.0000,17.6297,19.8269,255.0198
511.0000,17.9580,18.4312,255.5184
512.0000,14.8325,19.0984,256.0191
513.0000,17.8546,20.2551,256.5203
514.0000,17.9809,19.6692,257.0197
515.0000,17.9311,19.9630,257.5200
516.0000,14.9605,19.1877,258.0192
517.0000,52.4883,52.9519,258.5530
518.0000,16.7365,17.1131,259.0171
519.0000,16.7755,20.1347,259.5201
520.0000,16.6736,17.1042,260.0171
521.0000,14.7418,15.0897,260.5151
522.0000,17.6284,18.8960,261.0189
523.0000,16.8475,19.2342,261.5192
524.0000,14.8236,16.9256,262.0169
525.0000,18.0425,20.2200,262.5202
526.0000,17.7942,20.0981,263.0201
527.0000,17.5519,19.9986,263.5200
528.0000,13.8153,14.6931,264.0147
529.0000,13.7064,15.8365,264.5158
530.0000,17.6958,19.9950,265.0200
531.0000,18.0549,20.0685,265.5201
532.0000,13.1886,15.8092,266.0158
533.0000,11.7829,12.3989,266.5124
534.0000,15.1235,17.8777,267.0179
535.0000,17.7469,19.8007,267.5198
536.0000,14.6399,17.3297,268.0173
537.0000,18.2004,20.6589,268.5207
538.0000,18.1166,21.9133,269.0219
539.0000,17.5606,19.7926,269.5198
540.0000,14.6006,17.4101,270.0174
541.0000,17.8491,20.0451,270.5200
542.0000,17.8237,20.1059,271.0201
543.0000,11.0153,11.9117,271.5119
544.0000,9.4982,11.7294,272.0117
545.0000,10.3134,12.4294,272.5124
546.0000,15.1461,17.4978,273.0175
547.0000,17.7619,20.0257,273.5200
548.0000,14.8353,17.4933,274.0175
549.0000,17.7849,18.5139,274.5185
550.0000,17.8254,20.1476,275.0201
551.0000,17.6782,19.9818,275.5200
552.0000,13.2695,15.4527,276.0155
553.0000,11.7193,12.4676,276.5125
554.0000,17.8306,20.0849,277.0201
555.0000,18.0251,19.1590,277.5192
556.0000,14.9545,16.9975,278.0170
557.0000,17.7602,19.8986,278.5199
558.0000,17.8632,20.0554,279.0201
559.0000,17.9852,19.9857,279.5200
560.0000,14.9383,17.1986,280.0172
561.0000,17.6570,19.7778,280.5198
562.0000,17.5709,18.2713,281.0183
563.0000,17.7808,19.8542,281.5199
564.0000,15.0673,17.1162,282.0171
565.0000,17.6860,20.0537,282.5201
566.0000,18.3027,21.7239,283.0217
567.0000,17.5021,19.6611,283.5197
568.0000,14.9333,17.2458,284.0172
569.0000,18.0275,20.1832,284.5202
570.0000,18.2872,21.4486,285.0215
571.0000,17.4479,19.4859,285.5195
572.0000,15.0598,17.3174,286.0173
573.0000,13.6801,15.1775,286.5152
574.0000,17.7772,19.9049,287.0199
575.0000,18.0806,20.1952,287.5202
576.0000,13.3398,15.6590,288.0157
577.0000,5.5488,6.3489,288.5063
578.0000,15.2583,17.6185,289.0176
579.0000,18.0703,20.1833,289.5202
580.0000,13.2234,15.3279,290.0153
581.0000,12.3527,14.4331,290.5144
582.0000,17.8053,19.9581,291.0200
583.0000,17.8658,19.9630,291.5200
584.0000,15.0394,16.7929,292.0168
585.0000,17.9858,20.1406,292.5201
586.0000,17.7433,19.9261,293.0199
587.0000,17.7441,19.8161,293.5198
588.0000,14.6072,17.6286,294.0176
589.0000,17.7392,20.0974,294.5201
590.0000,17.8304,19.9917,295.0200
591.0000,17.9548,20.2731,295.5203
592.0000,13.1870,15.7706,296.0158
593.0000,12.2998,14.3891,296.5144
594.0000,18.0071,20.4751,297.0205
595.0000,17.9172,19.9214,297.5199
596.0000,15.1229,17.1772,298.0172
597.0000,18.0641,20.2205,298.5202
598.0000,17.9362,20.1227,299.0201
599.0000,17.6861,19.8681,299.5199
600.0000,14.8600,17.2461,300.0172
601.0000,18.0181,20.0738,300.5201
602.0000,12.2786,14.0171,301.0140
603.0000,17.5697,19.6186,301.5196
604.0000,15.0898,18.5445,302.0185
605.0000,17.6335,19.6693,302.5197
606.0000,17.9429,20.0375,303.0200
607.0000,17.7875,19.9092,303.5199
608.0000,14.7419,17.1432,304.0171
609.0000,17.8569,19.9144,304.5199
610.0000,17.8680,19.8310,305.0198
611.0000,17.5925,19.8939,305.5199
612.0000,14.9747,18.7451,306.0187
613.0000,17.8141,18.7511,306.5188
614.0000,18.0837,22.4436,307.0224
615.0000,17.1861,19.1943,307.5192
616.0000,14.9276,17.0386,308.0170
617.0000,17.8908,20.1800,308.5202
618.0000,18.4594,22.3622,309.0224
619.0000,17.4023,19.5129,309.5195
620.0000,14.9122,16.9229,310.0169
621.0000,17.8201,19.8026,310.5198
622.0000,17.7252,19.7676,311.0198
623.0000,17.5285,19.5844,311.5196
624.0000,15.0028,18.8452,312.0188
625.0000,17.6403,19.7362,312.5197
626.0000,17.9856,20.1124,313.0201
627.0000,17.8825,20.0504,313.5201
628.0000,13.5758,17.0074,314.0170
629.0000,17.8272,19.8171,314.5198
630.0000,17.8156,19.8685,315.0199
631.0000,17.9770,19.9868,315.5200
632.0000,14.9307,18.7867,316.0188
633.0000,17.7873,19.8333,316.5198
634.0000,16.9875,19.3682,317.0194
635.0000,17.8514,19.9834,317.5200
636.0000,14.9801,18.8231,318.0188
637.0000,17.8365,19.9672,318.5200
638.0000,17.9310,20.0038,319.0200
639.0000,17.8705,18.3895,319.5184
640.0000,15.0280,17.1680,320.0172
641.0000,15.4532,16.1397,320.5161
642.0000,44.4589,45.2334,321.0452
643.0000,42.4483,45.0146,321.5450
644.0000,33.5677,37.5678,322.0376
645.0000,41.4173,42.4603,322.5425
646.0000,36.4514,37.5444,323.0375
647.0000,18.3037,20.9817,323.5210
648.0000,47.3170,51.1575,324.0512
649.0000,48.0271,49.4834,324.5495
650.0000,29.4239,30.3383,325.0303
651.0000,17.8880,20.0550,325.5201
652.0000,13.5783,17.4114,326.0174
653.0000,17.8420,18.7473,326.5188
654.0000,18.1290,21.0574,327.0211
655.0000,17.9590,20.0988,327.5201
656.0000,13.4867,17.3165,328.0173
657.0000,17.9507,20.0365,328.5200
658.0000,18.4410,22.2937,329.0223
659.0000,17.3816,19.6486,329.5197
660.0000,15.2922,18.0956,330.0181
661.0000,17.8180,19.9845,330.5200
662.0000,17.7537,19.4190,331.0194
663.0000,17.8308,20.0116,331.5200
664.0000,13.6517,17.4900,332.0175
665.0000,17.7927,19.9382,332.5199
666.0000,17.9950,20.2604,333.0203
667.0000,17.8858,20.0119,333.5200
668.0000,15.1714,18.5924,334.0186
669.0000,17.9962,20.0091,334.5200
670.0000,17.7294,19.8132,335.0198
671.0000,17.7642,19.8594,335.5199
672.0000,15.0159,18.7839,336.0188
673.0000,17.8346,19.9305,336.5199
674.0000,18.3268,22.2177,337.0222
675.0000,17.5259,19.6048,337.5196
676.0000,15.2205,18.0811,338.0181
677.0000,17.8795,19.9953,338.5200
678.0000,18.2345,22.1101,339.0221
679.0000,17.5117,19.6244,339.5196
680.0000,14.9568,18.9039,340.0189
681.0000,17.9268,20.3139,340.5203
682.0000,18.1684,18.8048,341.0188
683.0000,17.9069,19.9500,341.5200
684.0000,15.2467,18.2750,342.0183
685.0000,17.8814,20.0410,342.5200
686.0000,26.1206,26.9546,343.0270
687.0000,18.0123,20.1277,343.5201
688.0000,13.3212,15.8503,344.0159
689.0000,12.2419,14.2965,344.5143
690.0000,17.9387,20.2438,345.0202
691.0000,17.9795,20.1578,345.5202
692.0000,13.4918,17.2853,346.0173
693.0000,17.8734,19.9907,346.5200
694.0000,17.9554,19.9766,347.0200
695.0000,17.7810,19.7578,347.5198
696.0000,14.7388,17.3638,348.0174
697.0000,44.8919,45.3379,348.5453
698.0000,45.9828,47.7247,349.0477
699.0000,42.0588,43.9281,349.5439
700.0000,41.0908,44.4789,350.0445
701.0000,34.1812,35.0722,350.5351
702.0000,18.0013,22.9990,351.0230
703.0000,17.5847,19.6716,351.5197
704.0000,14.8304,17.2787,352.0173
705.0000,17.8451,19.8501,352.5199
706.0000,17.8937,20.0075,353.0200
707.0000,17.8289,19.8807,353.5199
708.0000,14.9061,17.4686,354.0175
709.0000,17.7479,19.9869,354.5200
710.0000,17.8397,20.4441,355.0204
711.0000,17.7789,19.8504,355.5199
712.0000,14.7548,17.4725,356.0175
713.0000,17.9944,20.0876,356.5201
714.0000,17.9242,20.4101,357.0204
715.0000,17.7324,20.0625,357.5201
716.0000,13.4197,16.7039,358.0167
717.0000,17.7711,20.3013,358.5203
718.0000,18.2406,20.8353,359.0208
719.0000,17.8246,19.9111,359.5199
720.0000,14.9134,19.1521,360.0192
721.0000,18.1473,21.6012,360.5216
722.0000,17.5541,19.9567,361.0200
723.0000,17.7512,20.0961,361.5201
724.0000,13.5898,17.8127,362.0178
725.0000,24.1019,24.5137,362.5245
726.0000,16.2430,18.4720,363.0185
727.0000,17.9682,20.1969,363.5202
728.0000,13.4202,15.7966,364.0158
729.0000,12.2858,14.6103,364.5146
730.0000,18.2302,20.8337,365.0208
731.0000,17.8776,18.5953,365.5186
732.0000,14.9864,17.0792,366.0171
733.0000,17.7872,20.1048,366.5201
734.0000,17.8740,20.0765,367.0201
735.0000,17.6910,19.7592,367.5198
736.0000,15.1181,17.2475,368.0172
737.0000,17.7990,19.9714,368.5200
738.0000,17.8512,20.4469,369.0205
739.0000,17.7847,19.8342,369.5198
740.0000,15.0335,17.1456,370.0171
741.0000,17.8961,19.9848,370.5200
742.0000,16.7869,18.3610,371.0184
743.0000,17.7709,19.8274,371.5198
744.0000,15.0431,17.8444,372.0178
745.0000,17.8571,19.8654,372.5199
746.0000,17.9347,20.4379,373.0204
747.0000,17.9156,19.9956,373.5200
748.0000,13.3411,15.8319,374.0158
749.0000,12.3579,14.3548,374.5144
750.0000,18.4020,22.3067,375.0223
751.0000,17.0624,19.0747,375.5191
752.0000,14.8626,17.1493,376.0171
753.0000,17.9577,20.0892,376.5201
754.0000,18.4332,22.4341,377.0224
755.0000,17.5953,19.6712,377.5197
756.0000,14.8328,19.0776,378.0191
757.0000,45.4571,46.1346,378.5461
758.0000,44.4685,47.5304,379.0475
759.0000,42.7475,44.4506,379.5445
760.0000,38.5884,42.7981,380.0428
761.0000,39.5245,41.2725,380.5413
762.0000,41.1847,43.5164,381.0435
763.0000,43.5901,44.4234,381.5444
764.0000,37.8724,40.9778,382.0410
765.0000,41.1605,42.8914,382.5429
766.0000,17.8586,20.8734,383.0209
767.0000,17.8131,20.0209,383.5200
768.0000,13.4459,17.6158,384.0176
769.0000,17.8513,20.2762,384.5203
770.0000,17.9512,19.6233,385.0196
771.0000,17.9040,20.0951,385.5201
772.0000,13.5789,17.7990,386.0178
773.0000,18.0396,18.6982,386.5187
774.0000,18.4258,22.5914,387.0226
775.0000,17.6447,19.9335,387.5199
776.0000,14.8495,19.0850,388.0191
777.0000,17.9371,19.9794,388.5200
778.0000,17.7901,20.4350,389.0204
779.0000,17.7264,19.8165,389.5198
780.0000,14.9093,18.7465,390.0187
781.0000,18.0221,20.3009,390.5203
782.0000,17.8217,19.9527,391.0200
783.0000,17.7226,20.2767,391.5203
784.0000,13.4791,14.2825,392.0143
785.0000,12.5095,14.6073,392.5146
786.0000,17.7657,19.9358,393.0199
787.0000,17.8749,20.0301,393.5200
788.0000,13.2123,15.3937,394.0154
789.0000,12.5270,14.6090,394.5146
790.0000,18.1743,22.0584,395.0221
791.0000,17.4431,19.5056,395.5195
792.0000,14.9069,19.1556,396.0192
793.0000,17.8840,20.1617,396.5202
794.0000,18.2363,22.4471,397.0225
795.0000,17.0975,17.8889,397.5179
796.0000,14.9213,19.2206,398.0192
797.0000,17.8740,19.8831,398.5199
798.0000,17.8881,20.1946,399.0202
799.0000,17.8874,19.9236,399.5199
800.0000,15.1549,19.2188,400.0192
801.0000,17.7532,20.0746,400.5201
802.0000,18.2889,22.2510,401.0223
803.0000,17.4500,19.5251,401.5195
804.0000,14.8113,19.0498,402.0191
805.0000,17.7314,19.9773,402.5200
806.0000,18.5637,22.3871,403.0224
807.0000,17.3890,19.4943,403.5195
808.0000,7.1197,8.8231,404.0088
809.0000,8.3695,8.7269,404.5087
810.0000,14.4196,17.4963,405.0175
811.0000,17.8995,19.1345,405.5191
812.0000,14.7949,17.2905,406.0173
813.0000,17.0321,18.8071,406.5188
814.0000,16.9889,20.3319,407.0203
815.0000,17.8288,19.9737,407.5200
816.0000,13.2328,15.8362,408.0158
817.0000,12.3595,14.4138,408.5144
818.0000,17.6840,19.7192,409.0197
819.0000,17.5476,19.6376,409.5196
820.0000,14.8078,17.5487,410.0175
821.0000,17.7547,20.0134,410.5200
822.0000,17.7614,20.1818,411.0202
823.0000,17.9368,20.4166,411.5204
824.0000,13.3515,15.3792,412.0154
825.0000,12.5501,14.8317,412.5148
826.0000,17.8395,19.8061,413.0198
827.0000,17.8158,19.9320,413.5199
828.0000,14.8889,17.4665,414.0175
829.0000,14.7578,16.4446,414.5164
830.0000,18.3446,22.2105,415.0222
831.0000,17.5282,19.6254,415.5196
832.0000,14.6164,17.0652,416.0171
833.0000,17.7805,19.9525,416.5200
834.0000,17.6874,20.0815,417.0201
835.0000,17.9552,20.3121,417.5203
836.0000,13.7191,17.6692,418.0177
837.0000,18.0792,20.2583,418.5203
838.0000,17.3821,19.3241,419.0193
839.0000,17.7390,19.9022,419.5199
840.0000,15.0742,19.3145,420.0193
841.0000,18.1248,20.2151,420.5202
842.0000,16.7820,18.9167,421.0189
843.0000,17.9992,21.4285,421.5214
844.0000,39.3986,41.7036,422.0417
845.0000,34.5294,35.3162,422.5353
846.0000,45.1850,45.9702,423.0460
847.0000,41.9882,42.7535,423.5428
848.0000,36.9912,39.3233,424.0393
849.0000,41.1028,41.8981,424.5419
850.0000,47.1854,51.1760,425.0512
851.0000,42.7910,43.5210,425.5435
852.0000,37.3780,39.8609,426.0399
853.0000,42.0005,44.1449,426.5441
854.0000,38.2737,40.0983,427.0401
855.0000,40.9651,41.7344,427.5417
856.0000,41.5147,42.6763,428.0427
857.0000,31.0149,31.7383,428.5317
858.0000,45.2151,47.0440,429.0470
859.0000,43.3156,44.2099,429.5442
860.0000,15.5621,17.8726,430.0179
861.0000,18.0478,18.7371,430.5187
862.0000,18.2658,22.1393,431.0221
863.0000,17.7227,19.8884,431.5199
864.0000,15.1098,18.1687,432.0182
865.0000,18.0469,20.1108,432.5201
866.0000,18.4810,21.0789,433.0211
867.0000,17.9771,20.1857,433.5202
868.0000,13.7218,17.2117,434.0172
869.0000,17.9630,20.0194,434.5200
870.0000,17.7632,20.0057,435.0200
871.0000,17.8153,19.7835,435.5198
872.0000,14.7652,17.4441,436.0174
873.0000,17.9872,20.3670,436.5204
874.0000,17.9809,20.4481,437.0205
875.0000,17.9101,18.6931,437.5187
876.0000,14.9109,18.8255,438.0188
877.0000,45.5736,45.8856,438.5459
878.0000,43.4530,47.5983,439.0476
879.0000,42.6185,43.3810,439.5434
880.0000,42.5483,46.6454,440.0466
881.0000,30.7824,31.6126,440.5316
882.0000,44.6966,48.7860,441.0488
883.0000,42.2255,43.1495,441.5432
884.0000,37.6106,40.0469,442.0400
885.0000,17.5918,19.9370,442.5199
886.0000,17.6679,19.8487,443.0199
887.0000,17.7235,19.8735,443.5199
888.0000,14.8031,17.1524,444.0172
889.0000,17.8797,19.9177,444.5199
890.0000,18.2838,22.1702,445.0222
891.0000,17.2945,19.3976,445.5194
892.0000,14.9198,17.1773,446.0172
893.0000,5.4743,5.7093,446.5057
894.0000,16.3292,20.2069,447.0202
895.0000,17.9621,18.4706,447.5185
896.0000,14.9489,19.2087,448.0192
897.0000,17.8710,19.9640,448.5200
898.0000,17.9608,19.9433,449.0199
899.0000,17.6285,19.9802,449.5200
900.0000,15.0087,17.1741,450.0172
901.0000,17.9316,20.0004,450.5200
902.0000,17.7328,19.8123,451.0198
903.0000,17.8237,19.9592,451.5200
904.0000,14.7268,17.4556,452.0175
905.0000,17.9277,19.9646,452.5200
906.0000,17.8391,20.0182,453.0200
907.0000,17.6777,20.1636,453.5202
908.0000,13.3227,15.9910,454.0160
909.0000,12.4204,14.4397,454.5144
910.0000,17.8335,20.3502,455.0204
911.0000,17.7213,20.0812,455.5201
912.0000,13.4164,16.6997,456.0167
913.0000,17.8206,19.9504,456.5200
914.0000,17.6280,20.2033,457.0202
915.0000,17.8893,18.4038,457.5184
916.0000,14.7328,17.3710,458.0174
917.0000,17.8209,19.8049,458.5198
918.0000,17.8491,20.0113,459.0200
919.0000,17.6988,20.2055,459.5202
920.0000,16.9572,17.4554,460.0175
921.0000,48.4608,50.6651,460.5507
922.0000,44.1654,46.7224,461.0467
923.0000,42.0620,44.2383,461.5442
924.0000,38.6433,43.7326,462.0437
925.0000,37.2511,38.1617,462.5382
926.0000,42.9450,46.2579,463.0463
927.0000,43.1607,43.9814,463.5440
928.0000,36.8606,38.3515,464.0384
929.0000,15.7358,17.9083,464.5179
930.0000,17.9396,20.0932,465.0201
931.0000,17.8532,20.2252,465.5202
932.0000,13.4238,17.5530,466.0176
933.0000,18.0401,20.2035,466.5202
934.0000,18.2057,22.3349,467.0223
935.0000,17.4086,19.6444,467.5196
936.0000,14.8951,19.1250,468.0191
937.0000,45.0887,45.7987,468.5458
938.0000,46.5721,47.5685,469.0476
939.0000,42.8471,43.8233,469.5438
940.0000,37.9529,40.3281,470.0403
941.0000,15.8296,18.2448,470.5182
942.0000,17.7490,20.1901,471.0202
943.0000,17.8850,20.0735,471.5201
944.0000,13.3355,15.5673,472.0156
945.0000,12.5048,14.5578,472.5146
946.0000,18.3884,22.1541,473.0222
947.0000,17.5878,19.7320,473.5197
948.0000,14.8540,19.1076,474.0191
949.0000,18.0684,20.0665,474.5201
950.0000,18.3133,22.5271,475.0225
951.0000,17.4966,19.9447,475.5199
952.0000,13.1499,15.2811,476.0153
953.0000,12.4063,14.4432,476.5144
954.0000,18.2360,22.4605,477.0225
955.0000,17.3655,19.4202,477.5194
956.0000,14.9909,19.2259,478.0192
957.0000,17.8492,19.9680,478.5200
958.0000,18.2383,22.4938,479.0225
959.0000,17.4869,19.6720,479.5197
960.0000,13.5472,14.4371,480.0144
961.0000,13.5399,15.9740,480.5160
962.0000,17.8633,20.1956,481.0202
963.0000,17.9011,19.9078,481.5199
964.0000,14.7929,17.5527,482.0176
965.0000,17.7728,20.0109,482.5200
966.0000,17.9434,18.8275,483.0188
967.0000,17.9490,20.0376,483.5200
968.0000,13.5391,17.4371,484.0174
969.0000,17.9108,19.9735,484.5200
970.0000,18.1320,19.6464,485.0197
971.0000,17.8582,19.8899,485.5199
972.0000,14.8356,17.5135,486.0176
973.0000,17.9544,20.0529,486.5201
974.0000,18.1974,22.3813,487.0224
975.0000,17.2915,19.4800,487.5195
976.0000,14.9879,19.2352,488.0192
977.0000,43.4984,44.1774,488.5442
978.0000,16.7946,20.5033,489.0205
979.0000,17.7924,19.7930,489.5198
980.0000,14.7159,18.9037,490.0189
981.0000,17.9985,20.0518,490.5201
982.0000,18.0799,22.3336,491.0223
983.0000,17.5674,20.1391,491.5201
984.0000,13.4445,17.3688,492.0174
985.0000,17.9090,19.9713,492.5200
986.0000,18.2332,22.4785,493.0225
987.0000,17.3895,19.5754,493.5196
988.0000,14.9464,18.9156,494.0189
989.0000,17.9447,19.9772,494.5200
990.0000,18.3360,21.0686,495.0211
991.0000,17.8467,19.8571,495.5199
992.0000,14.9781,18.9560,496.0190
993.0000,17.8779,20.0669,496.5201
994.0000,17.8902,20.0400,497.0200
995.0000,18.1243,20.2168,497.5202
996.0000,13.7206,17.7198,498.0177
997.0000,17.8573,19.9616,498.5200
998.0000,18.0707,22.3301,499.0223
999.0000,17.7505,20.2461,499.5202
1000.0000,13.5573,17.1220,500.0171
1001.0000,17.6526,20.0685,500.5201
1002.0000,17.9002,19.9991,501.0200
1003.0000,17.8748,19.9116,501.5199
1004.0000,14.8594,19.1186,502.0191
1005.0000,18.0321,20.0340,502.5200
1006.0000,18.0205,18.8212,503.0188
1007.0000,17.9478,20.1104,503.5201
1008.0000,13.5404,17.5842,504.0176
1009.0000,17.9387,20.4032,504.5204
1010.0000,18.1901,22.4080,505.0224
1011.0000,17.4190,19.8661,505.5199
1012.0000,14.8061,17.1232,506.0171
1013.0000,18.0019,19.9922,506.5200
1014.0000,18.1816,21.0035,507.0210
1015.0000,18.0016,20.0670,507.5201
1016.0000,13.6304,17.5148,508.0175
1017.0000,43.1974,43.9484,508.5440
1018.0000,40.8748,45.9870,509.0460
1019.0000,42.6730,44.4958,509.5445
1020.0000,36.5120,38.8805,510.0389
1021.0000,15.7470,18.3342,510.5183
1022.0000,17.9101,20.0374,511.0200
1023.0000,17.9630,20.1351,511.5201
1024.0000,13.2555,15.5568,512.0156
1025.0000,12.2366,14.3862,512.5144
1026.0000,17.9227,19.5159,513.0195
1027.0000,17.9150,19.9393,513.5199
1028.0000,15.1386,17.0700,514.0171
1029.0000,17.8908,20.0654,514.5201
1030.0000,18.3708,22.6194,515.0226
1031.0000,17.5337,19.8418,515.5198
1032.0000,14.9491,19.2220,516.0192
1033.0000,17.8630,19.9161,516.5199
1034.0000,18.1510,20.8628,517.0209
1035.0000,18.0347,20.4425,517.5204
1036.0000,13.7339,17.6925,518.0177
1037.0000,17.7438,19.8983,518.5199
1038.0000,18.3373,22.2963,519.0223
1039.0000,17.3790,19.4539,519.5195
1040.0000,14.9643,18.9111,520.0189
1041.0000,16.9139,19.5215,520.5195
1042.0000,18.3447,22.2876,521.0223
1043.0000,17.7832,20.0839,521.5201
1044.0000,13.3542,15.7435,522.0157
1045.0000,12.4340,14.5192,522.5145
1046.0000,18.2935,20.9915,523.0210
1047.0000,17.9192,20.0361,523.5200
1048.0000,13.6449,17.5455,524.0175
1049.0000,18.1804,20.3029,524.5203
1050.0000,17.9480,20.2621,525.0203
1051.0000,17.8915,19.9174,525.5199
1052.0000,14.9927,18.9468,526.0189
1053.0000,17.9044,20.4393,526.5204
1054.0000,18.3505,22.3130,527.0223
1055.0000,17.4626,19.5907,527.5196
1056.0000,15.1075,19.0478,528.0190
1057.0000,13.3054,15.0166,528.5150
1058.0000,18.4248,22.3641,529.0224
1059.0000,16.3419,18.0991,529.5181
1060.0000,15.0345,19.0087,530.0190
1061.0000,18.0122,20.0889,530.5201
1062.0000,18.3979,22.3484,531.0224
1063.0000,17.6841,19.8729,531.5199
1064.0000,14.9462,17.3289,532.0173
1065.0000,17.9178,19.9697,532.5200
1066.0000,18.2668,22.2115,533.0222
1067.0000,17.7659,19.2961,533.5193
1068.0000,14.8932,17.3906,534.0174
1069.0000,17.9567,20.2334,534.5202
1070.0000,17.9487,20.0391,535.0200
1071.0000,17.9265,19.9777,535.5200
1072.0000,14.9910,18.9325,536.0189
1073.0000,17.8603,20.0436,536.5200
1074.0000,18.0713,20.2580,537.0203
1075.0000,18.0516,20.2326,537.5202
1076.0000,13.3426,15.9245,538.0159
1077.0000,12.4304,14.6001,538.5146
1078.0000,18.5095,22.3719,539.0224
1079.0000,17.4638,19.6189,539.5196
1080.0000,15.1250,19.0756,540.0191
1081.0000,17.8713,19.9018,540.5199
1082.0000,18.0684,20.2523,541.0203
1083.0000,17.9707,20.1531,541.5202
1084.0000,13.5227,17.4349,542.0174
1085.0000,18.0248,18.6545,542.5187
1086.0000,17.9497,20.0093,543.0200
1087.0000,17.9814,20.0236,543.5200
1088.0000,14.8460,17.2647,544.0173
1089.0000,18.0731,20.2483,544.5203
1090.0000,18.0052,20.4181,545.0204
1091.0000,17.8298,20.0606,545.5201
1092.0000,13.4950,16.9084,546.0169
1093.0000,18.0798,20.1276,546.5201
1094.0000,18.4691,22.4668,547.0225
1095.0000,17.6258,19.7126,547.5197
1096.0000,14.8183,17.3272,548.0173
1097.0000,17.9440,20.0169,548.5200
1098.0000,18.3155,22.1172,549.0221
1099.0000,17.4577,19.6773,549.5197
1100.0000,15.0398,19.0099,550.0190
1101.0000,18.0661,20.4399,550.5204
1102.0000,17.8838,20.2942,551.0203
1103.0000,17.8216,19.9736,551.5200
1104.0000,15.1436,19.0839,552.0191
1105.0000,18.0661,20.1392,552.5201
1106.0000,18.4698,22.3895,553.0224
1107.0000,17.6184,19.7254,553.5197
1108.0000,14.7676,17.3769,554.0174
1109.0000,17.9833,20.5339,554.5206
1110.0000,18.0332,20.1368,555.0201
1111.0000,17.9166,20.0163,555.5200
1112.0000,14.7834,17.3681,556.0174
1113.0000,17.9881,19.9973,556.5200
1114.0000,18.4665,22.3998,557.0224
1115.0000,17.7160,20.0816,557.5201
1116.0000,13.7587,17.7137,558.0177
1117.0000,13.3849,14.8618,558.5149
1118.0000,18.3500,22.3144,559.0223
1119.0000,17.7581,20.4508,559.5205
1120.0000,13.3795,16.0158,560.0160
1121.0000,12.3626,14.3785,560.5144
1122.0000,17.8833,20.2422,561.0202
1123.0000,18.0025,19.9974,561.5200
1124.0000,13.3035,15.3179,562.0153
1125.0000,12.1333,14.2923,562.5143
1126.0000,18.4026,22.3490,563.0224
1127.0000,17.6429,19.8416,563.5198
1128.0000,14.8267,17.6169,564.0176
1129.0000,17.9167,18.5744,564.5186
1130.0000,18.4002,22.3010,565.0223
1131.0000,17.3841,19.5437,565.5195
1132.0000,16.9388,17.3369,566.0173
1133.0000,48.4647,50.5626,566.5506
1134.0000,42.8268,47.1646,567.0472
1135.0000,42.4776,43.3897,567.5434
1136.0000,38.3015,39.2546,568.0393
1137.0000,16.0129,19.4073,568.5194
1138.0000,18.3711,22.3375,569.0223
1139.0000,17.6249,19.7856,569.5198
1140.0000,15.1092,17.1999,570.0172
1141.0000,17.9141,20.2460,570.5203
1142.0000,17.8550,19.8728,571.0199
1143.0000,17.3348,18.7545,571.5188
1144.0000,14.7374,17.3173,572.0173
1145.0000,17.7533,19.8199,572.5198
1146.0000,17.7391,20.2211,573.0202
1147.0000,17.8295,19.8656,573.5199
1148.0000,16.9597,17.8538,574.0179
1149.0000,37.6425,40.0219,574.5400
1150.0000,17.6925,19.9400,575.0199
1151.0000,17.7594,20.1907,575.5202
1152.0000,13.0770,15.1262,576.0151
1153.0000,12.1166,14.1813,576.5142
1154.0000,17.5856,19.8685,577.0199
1155.0000,17.8768,20.0652,577.5201
1156.0000,13.1226,15.7405,578.0157
1157.0000,12.2174,14.0838,578.5141
1158.0000,17.8863,19.9349,579.0199
1159.0000,17.9410,18.6072,579.5186
1160.0000,14.8706,17.0943,580.0171
1161.0000,17.8506,19.9773,580.5200
1162.0000,17.7722,20.0481,581.0201
1163.0000,16.6730,19.1146,581.5191
1164.0000,15.1334,17.2204,582.0172
1165.0000,17.9223,20.0261,582.5200
1166.0000,18.4407,22.1356,583.0221
1167.0000,17.5937,19.7128,583.5197
1168.0000,13.9874,15.5767,584.0156
1169.0000,13.9534,16.0681,584.5161
1170.0000,17.8539,20.1485,585.0202
1171.0000,17.8152,19.8751,585.5199
1172.0000,14.8008,17.5023,586.0175
1173.0000,17.9864,20.0420,586.5200
1174.0000,17.8116,19.8596,587.0199
1175.0000,17.8361,20.0087,587.5200
1176.0000,13.2239,15.4207,588.0154
1177.0000,11.5927,13.0882,588.5131
1178.0000,17.9268,20.2639,589.0203
1179.0000,17.9087,19.9928,589.5200
1180.0000,13.5140,17.3170,590.0173
1181.0000,17.8623,20.0558,590.5201
1182.0000,17.7902,18.4538,591.0185
1183.0000,18.0148,20.0171,591.5200
1184.0000,13.5460,17.7239,592.0177
1185.0000,18.0572,20.0688,592.5201
1186.0000,45.5686,46.2462,593.0463
1187.0000,42.5155,43.9437,593.5440
1188.0000,41.4288,45.0073,594.0450
1189.0000,34.4468,36.1852,594.5362
1190.0000,18.3342,21.4603,595.0215
1191.0000,17.4082,19.5616,595.5196
1192.0000,15.0419,18.8941,596.0189
1193.0000,43.5120,43.8667,596.5439
1194.0000,40.0051,42.8644,597.0429
1195.0000,45.1609,45.9996,597.5460
1196.0000,33.7751,36.1857,598.0362
1197.0000,18.3115,21.5020,598.5215
1198.0000,17.7962,19.7308,599.0197
1199.0000,17.9677,20.0537,599.5201
1200.0000,13.7397,17.9733,600.0180
1201.0000,17.5970,19.5892,600.5196
1202.0000,18.1008,20.1016,601.0201
1203.0000,17.9252,20.0050,601.5200
1204.0000,13.3713,15.6499,602.0157
1205.0000,12.4226,14.9936,602.5150
1206.0000,18.4685,22.3002,603.0223
1207.0000,17.5623,19.8406,603.5198
1208.0000,14.8596,19.1012,604.0191
1209.0000,17.8963,19.9986,604.5200
1210.0000,18.4841,22.2036,605.0222
1211.0000,17.6642,19.7437,605.5197
1212.0000,16.4007,18.2098,606.0182
1213.0000,46.9037,50.3133,606.5503
1214.0000,44.6630,47.2117,607.0472
1215.0000,42.8010,43.6258,607.5436
1216.0000,36.6331,38.7580,608.0388
1217.0000,16.0910,19.2013,608.5192
1218.0000,18.0314,20.1996,609.0202
1219.0000,17.7954,19.9798,609.5200
1220.0000,14.8884,17.1903,610.0172
1221.0000,17.8294,20.1849,610.5202
1222.0000,18.3963,22.3238,611.0223
1223.0000,17.5627,19.6254,611.5196
1224.0000,14.8817,19.1137,612.0191
1225.0000,17.8258,19.9533,612.5200
1226.0000,18.5079,22.7371,613.0227
1227.0000,17.7581,19.9392,613.5199
1228.0000,13.3105,15.7880,614.0158
1229.0000,12.2899,14.4626,614.5145
1230.0000,17.8761,20.1520,615.0202
1231.0000,17.8567,19.8711,615.5199
1232.0000,15.1395,19.1659,616.0192
1233.0000,14.8820,17.0226,616.5170
1234.0000,17.7274,20.1032,617.0201
1235.0000,17.8268,19.8936,617.5199
1236.0000,14.8522,19.0575,618.0191
1237.0000,17.9861,20.0770,618.5201
1238.0000,18.2494,22.5005,619.0225
1239.0000,17.5551,19.6727,619.5197
1240.0000,15.1691,18.5290,620.0185
1241.0000,18.0514,20.1378,620.5201
1242.0000,18.4378,22.6240,621.0226
1243.0000,17.5118,19.6148,621.5196
1244.0000,15.1703,18.8426,622.0189
1245.0000,17.8481,20.2634,622.5203
1246.0000,18.4492,22.3566,623.0224
1247.0000,16.8631,20.5040,623.5205
1248.0000,15.6670,17.9609,624.0180
1249.0000,23.4178,24.2504,624.5243
1250.0000,17.1437,19.6335,625.0196
1251.0000,17.6245,19.4588,625.5195
1252.0000,13.3781,13.8687,626.0139
1253.0000,7.2678,8.1603,626.5082
1254.0000,10.2158,11.2607,627.0113
1255.0000,17.8021,19.9430,627.5199
1256.0000,14.9030,16.9716,628.0170
1257.0000,48.0040,50.1931,628.5502
1258.0000,42.7135,45.1156,629.0451
1259.0000,33.7390,34.5210,629.5345
1260.0000,23.4316,24.3957,630.0244
1261.0000,15.7841,17.8136,630.5178
1262.0000,17.8961,19.7452,631.0198
1263.0000,18.3136,18.8173,631.5188
1264.0000,14.7859,17.5298,632.0175
1265.0000,18.1437,20.2340,632.5202
1266.0000,17.8293,20.1230,633.0201
1267.0000,18.0640,20.3817,633.5204
1268.0000,12.1638,13.7507,634.0138
1269.0000,11.9337,13.5790,634.5136
1270.0000,17.7740,19.8842,635.0199
1271.0000,17.9827,20.0540,635.5201
1272.0000,13.3607,15.9918,636.0160
1273.0000,12.5114,14.9879,636.5150
1274.0000,17.9928,20.2190,637.0202
1275.0000,17.7730,19.8873,637.5199
1276.0000,14.2786,16.0300,638.0160
1277.0000,13.7211,15.8027,638.5158
1278.0000,17.3025,19.0476,639.0191
1279.0000,17.9179,19.9511,639.5200
1280.0000,14.7849,17.4522,640.0175
1281.0000,17.8611,19.6134,640.5196
1282.0000,18.2970,19.8680,641.0199
1283.0000,17.9312,19.9395,641.5199
1284.0000,14.7914,17.4344,642.0174
1285.0000,17.8719,20.1661,642.5202
1286.0000,17.6268,19.9470,643.0200
1287.0000,17.8280,19.9824,643.5200
1288.0000,13.1658,15.7780,644.0158
1289.0000,11.6303,13.6906,644.5137
1290.0000,18.1407,20.8634,645.0209
1291.0000,17.7679,19.9050,645.5199
1292.0000,14.8867,17.4561,646.0175
1293.0000,17.7737,19.9373,646.5199
1294.0000,17.8720,19.9977,647.0200
1295.0000,17.9219,20.0627,647.5201
1296.0000,13.1310,15.1241,648.0151
1297.0000,11.5824,13.0922,648.5131
1298.0000,17.9531,20.3073,649.0203
1299.0000,16.9632,18.5590,649.5186
1300.0000,14.9811,17.0723,650.0171
1301.0000,17.9485,20.1337,650.5201
1302.0000,17.9297,20.3101,651.0203
1303.0000,17.8952,20.0741,651.5201
1304.0000,13.4955,15.9977,652.0160
1305.0000,12.3826,14.9570,652.5150
1306.0000,17.8965,19.9974,653.0200
1307.0000,17.6660,20.0214,653.5200
1308.0000,13.3716,15.7750,654.0158
1309.0000,12.4936,14.8853,654.5149
1310.0000,18.3574,22.0316,655.0220
1311.0000,17.1067,19.2087,655.5192
1312.0000,14.9864,19.1655,656.0192
1313.0000,18.0293,20.0414,656.5200
1314.0000,18.1446,22.3735,657.0224
1315.0000,17.7695,19.7844,657.5198
1316.0000,15.0361,19.2533,658.0193
1317.0000,13.2894,14.7142,658.5147
1318.0000,18.5981,22.8315,659.0228
1319.0000,17.6972,19.8020,659.5198
1320.0000,15.0055,18.9527,660.0190
1321.0000,17.8732,20.0081,660.5200
1322.0000,18.0129,20.0414,661.0200
1323.0000,18.0397,18.6459,661.5187
1324.0000,15.1541,18.9625,662.0190
1325.0000,18.0002,20.2531,662.5203
1326.0000,18.0559,20.4143,663.0204
1327.0000,18.1068,20.1191,663.5201
1328.0000,13.4308,15.5289,664.0155
1329.0000,12.4639,14.6065,664.5146
1330.0000,18.5243,21.4860,665.0215
1331.0000,17.6419,19.6871,665.5197
1332.0000,15.0429,19.2670,666.0193
1333.0000,18.0098,20.0333,666.5200
1334.0000,18.0282,20.4727,667.0205
1335.0000,18.0728,20.1596,667.5202
1336.0000,13.4403,15.6312,668.0156
1337.0000,12.4428,14.4749,668.5145
1338.0000,18.5330,22.7422,669.0227
1339.0000,17.8395,19.9770,669.5200
1340.0000,13.3183,15.5008,670.0155
1341.0000,12.4097,14.8002,670.5148
1342.0000,18.6135,22.5614,671.0226
1343.0000,17.5710,19.6254,671.5196
1344.0000,14.8688,17.4045,672.0174
1345.0000,17.9477,19.9611,672.5200
1346.0000,17.9343,20.0999,673.0201
1347.0000,17.9166,20.1030,673.5201
1348.0000,13.2956,15.4446,674.0154
1349.0000,12.4854,14.6576,674.5147
1350.0000,18.2520,22.0798,675.0221
1351.0000,17.6099,19.6672,675.5197
1352.0000,15.0345,18.9728,676.0190
1353.0000,17.9406,20.0761,676.5201
1354.0000,18.1818,22.4363,677.0224
1355.0000,17.6074,19.6820,677.5197
1356.0000,14.9237,19.1308,678.0191
1357.0000,35.1698,35.7053,678.5357
1358.0000,41.7639,46.8038,679.0468
1359.0000,41.9661,42.8990,679.5429
1360.0000,38.1509,39.2351,680.0392
1361.0000,18.3746,21.5122,680.5215
1362.0000,18.0224,20.1718,681.0202
1363.0000,17.9652,20.3447,681.5203
1364.0000,13.3001,16.0827,682.0161
1365.0000,12.6653,14.8605,682.5149
1366.0000,18.1352,22.3532,683.0224
1367.0000,17.4327,17.9089,683.5179
1368.0000,14.9652,17.3113,684.0173
1369.0000,18.0531,19.7595,684.5198
1370.0000,18.4109,22.4219,685.0224
1371.0000,17.4986,19.5853,685.5196
1372.0000,15.0380,16.9554,686.0170
1373.0000,17.9820,20.0895,686.5201
1374.0000,17.6794,20.0371,687.0200
1375.0000,17.9602,19.9282,687.5199
1376.0000,15.1319,18.2250,688.0182
1377.0000,17.4383,17.9128,688.5179
1378.0000,17.8961,19.9220,689.0199
1379.0000,17.8535,19.8430,689.5198
1380.0000,14.7896,17.1650,690.0172
1381.0000,17.9712,18.6899,690.5187
1382.0000,17.5691,19.5189,691.0195
1383.0000,17.9219,20.0006,691.5200
1384.0000,14.7630,17.3779,692.0174
1385.0000,17.4459,19.3886,692.5194
1386.0000,17.6389,19.9305,693.0199
1387.0000,17.7643,19.8671,693.5199
1388.0000,14.8313,16.9627,694.0170
1389.0000,17.7590,19.8358,694.5198
1390.0000,17.7409,20.1045,695.0201
1391.0000,17.6397,19.8696,695.5199
1392.0000,14.8588,15.9538,696.0160
1393.0000,12.3862,14.5527,696.5146
1394.0000,17.5907,19.8985,697.0199
1395.0000,17.6871,19.7241,697.5197
1396.0000,15.0228,18.9919,698.0190
1397.0000,17.9224,20.0470,698.5201
1398.0000,18.4341,22.3785,699.0224
1399.0000,17.5369,19.8116,699.5198
1400.0000,14.8402,17.3975,700.0174
1401.0000,17.8710,20.0911,700.5201
1402.0000,17.8929,19.9720,701.0200
1403.0000,17.7857,20.0134,701.5200
1404.0000,13.4385,16.8747,702.0170
1405.0000,41.7873,42.8145,702.5428
1406.0000,39.1594,40.0760,703.0401
1407.0000,40.4183,41.1783,703.5412
1408.0000,34.4509,34.9500,704.0350
1409.0000,29.9064,30.3744,704.5304
1410.0000,17.9992,20.4390,705.0204
1411.0000,17.8671,19.9910,705.5200
1412.0000,13.2976,15.4993,706.0155
1413.0000,12.4440,14.4637,706.5145
1414.0000,17.8804,19.9272,707.0199
1415.0000,17.7742,19.8958,707.5199
1416.0000,14.8093,18.5327,708.0185
1417.0000,17.6267,19.8957,708.5199
1418.0000,17.8801,20.2130,709.0202
1419.0000,17.7542,19.7905,709.5198
1420.0000,14.6942,17.4425,710.0174
1421.0000,17.9332,20.3360,710.5203
1422.0000,17.8477,20.2036,711.0202
1423.0000,18.2007,20.2106,711.5202
1424.0000,13.4031,15.9342,712.0159
1425.0000,12.3221,14.3779,712.5144
1426.0000,17.9199,20.3996,713.0204
1427.0000,17.8666,19.8452,713.5198
1428.0000,15.0205,17.1448,714.0171
1429.0000,17.8705,19.9063,714.5199
1430.0000,17.6985,19.2012,715.0192
1431.0000,17.9533,18.6244,715.5186
1432.0000,14.8907,17.3584,716.0174
1433.0000,18.0929,20.1632,716.5202
1434.0000,17.9585,20.1282,717.0201
1435.0000,17.9792,20.0046,717.5200
1436.0000,13.4524,15.8899,718.0159
1437.0000,12.5060,14.5570,718.5146
1438.0000,17.8688,20.2699,719.0203
1439.0000,17.9343,20.0235,719.5200
1440.0000,13.3002,15.4057,720.0154
1441.0000,11.2029,11.6997,720.5117
1442.0000,14.9422,18.2592,721.0183
1443.0000,17.7123,19.8496,721.5199
1444.0000,14.9806,18.9089,722.0189
1445.0000,17.9284,19.9190,722.5199
1446.0000,17.8343,20.3864,723.0204
1447.0000,17.7284,19.8860,723.5199
1448.0000,14.7872,17.4728,724.0175
1449.0000,17.7765,19.8959,724.5199
1450.0000,17.8392,18.5631,725.0186
1451.0000,17.7481,19.7831,725.5198
1452.0000,15.0173,17.1519,726.0172
1453.0000,17.9540,20.1186,726.5201
1454.0000,18.5353,22.0814,727.0221
1455.0000,17.4654,19.6576,727.5197
1456.0000,15.0418,18.9411,728.0189
1457.0000,17.8124,20.0238,728.5200
1458.0000,17.7576,20.4195,729.0204
1459.0000,17.7832,19.9456,729.5199
1460.0000,14.9631,19.1973,730.0192
1461.0000,17.8901,19.9825,730.5200
1462.0000,18.2910,22.2482,731.0223
1463.0000,18.0576,21.0138,731.5210
1464.0000,40.6566,42.7395,732.0427
1465.0000,17.8764,20.2537,732.5203
1466.0000,17.9491,20.3987,733.0204
1467.0000,18.0912,20.2146,733.5202
1468.0000,13.4671,16.0399,734.0160
1469.0000,12.4403,14.5479,734.5146
1470.0000,18.4123,22.6740,735.0227
1471.0000,17.4169,19.4284,735.5194
1472.0000,17.3180,17.6912,736.0177
1473.0000,48.2096,50.3225,736.5503
1474.0000,43.4824,47.8766,737.0479
1475.0000,43.1000,44.9753,737.5450
1476.0000,34.9005,35.9321,738.0359
1477.0000,17.8922,20.2701,738.5203
1478.0000,17.9734,20.0203,739.0200
1479.0000,17.9066,20.0227,739.5200
1480.0000,13.3703,15.7104,740.0157
1481.0000,12.4494,14.8043,740.5148
1482.0000,17.8240,20.2453,741.0202
1483.0000,18.0650,18.7981,741.5188
1484.0000,14.7737,19.0184,742.0190
1485.0000,17.8949,19.9910,742.5200
1486.0000,18.0071,22.2503,743.0223
1487.0000,17.5441,19.7473,743.5198
1488.0000,14.9418,18.8859,744.0189
1489.0000,17.8591,20.0586,744.5201
1490.0000,18.3558,22.3341,745.0223
1491.0000,17.5764,19.6527,745.5197
1492.0000,15.2981,19.0491,746.0191
1493.0000,17.9055,19.9452,746.5200
1494.0000,18.0130,19.9242,747.0199
1495.0000,17.8884,19.9163,747.5199
1496.0000,14.9195,17.0997,748.0171
1497.0000,17.7506,19.8378,748.5198
1498.0000,17.7727,19.8613,749.0199
1499.0000,17.8794,19.8659,749.5199
1500.0000,16.9620,17.8262,750.0178
1501.0000,44.9928,47.1352,750.5471
1502.0000,47.4529,48.2568,751.0483
1503.0000,42.0970,42.9462,751.5429
1504.0000,36.8359,39.6341,752.0396
1505.0000,42.0004,42.8182,752.5428
1506.0000,18.1677,20.9915,753.0210
1507.0000,17.7428,20.0993,753.5201
1508.0000,13.2794,15.6390,754.0156
1509.0000,12.4939,14.9352,754.5149
1510.0000,17.6893,20.2729,755.0203
1511.0000,17.9013,19.9377,755.5199
1512.0000,15.0974,18.4241,756.0184
1513.0000,17.9111,20.0071,756.5200
1514.0000,18.2370,20.8016,757.0208
1515.0000,17.9815,20.0154,757.5200
1516.0000,13.1191,15.5027,758.0155
1517.0000,12.4132,14.7509,758.5148
1518.0000,18.2322,22.4697,759.0225
1519.0000,17.5828,19.6509,759.5197
1520.0000,15.1308,17.1937,760.0172
1521.0000,17.9702,20.0980,760.5201
1522.0000,18.2309,22.0869,761.0221
1523.0000,17.7915,20.2273,761.5202
1524.0000,13.2576,15.8401,762.0158
1525.0000,12.2522,14.2574,762.5143
1526.0000,17.8131,20.3841,763.0204
1527.0000,17.7579,19.8278,763.5198
1528.0000,14.8129,17.3484,764.0173
1529.0000,18.0304,20.1452,764.5201
1530.0000,18.1684,22.9987,765.0230
1531.0000,17.4571,19.4979,765.5195
1532.0000,14.9847,17.0996,766.0171
1533.0000,17.9720,20.1298,766.5201
1534.0000,17.7901,20.0802,767.0201
1535.0000,17.9038,20.0035,767.5200
1536.0000,13.4622,17.3325,768.0173
1537.0000,6.4456,8.4572,768.5085
1538.0000,12.1766,14.1122,769.0141
1539.0000,17.8056,19.7826,769.5198
1540.0000,15.0775,18.9628,770.0190
1541.0000,17.9553,20.0508,770.5201
1542.0000,17.8493,19.9179,771.0199
1543.0000,17.9939,20.0270,771.5200
1544.0000,13.4180,15.6144,772.0156
1545.0000,12.5668,14.6239,772.5146
1546.0000,45.9218,48.0182,773.0480
1547.0000,33.5340,33.9731,773.5340
1548.0000,29.7288,32.3865,774.0324
1549.0000,13.0503,14.6147,774.5146
1550.0000,18.1299,21.9324,775.0219
1551.0000,37.6599,38.0147,775.5380
1552.0000,40.6234,43.0839,776.0431
1553.0000,17.9477,20.1559,776.5202
1554.0000,17.8205,20.2547,777.0203
1555.0000,32.6620,33.4010,777.5334
1556.0000,13.5102,18.6549,778.0187
1557.0000,17.7555,20.0277,778.5200
1558.0000,17.8287,20.2630,779.0203
1559.0000,17.7696,19.8575,779.5199
1560.0000,14.8910,17.3291,780.0173
1561.0000,17.8628,20.0435,780.5200
1562.0000,17.8638,19.8564,781.0199
1563.0000,17.9701,18.4970,781.5185
1564.0000,14.6825,18.5443,782.0185
1565.0000,17.7788,19.8838,782.5199
1566.0000,18.1330,21.8920,783.0219
1567.0000,17.3773,17.8250,783.5178
1568.0000,14.8671,18.7581,784.0188
1569.0000,17.8579,20.0008,784.5200
1570.0000,18.2872,22.0624,785.0221
1571.0000,17.5396,19.7185,785.5197
1572.0000,15.1119,17.1633,786.0172
1573.0000,17.8822,20.0929,786.5201
1574.0000,17.8838,20.4537,787.0205
1575.0000,17.7391,19.7909,787.5198
1576.0000,14.8874,19.1232,788.0191
1577.0000,17.8643,19.8657,788.5199
1578.0000,17.8545,20.1996,789.0202
1579.0000,18.0793,18.7592,789.5188
1580.0000,14.9803,18.9326,790.0189
1581.0000,17.7924,20.2712,790.5203
1582.0000,17.9823,20.1435,791.0201
1583.0000,17.2651,19.5638,791.5196
1584.0000,14.8568,17.3286,792.0173
1585.0000,17.7410,19.7796,792.5198
1586.0000,18.2117,21.9593,793.0220
1587.0000,16.6603,18.6542,793.5187
1588.0000,14.5549,17.2275,794.0172
1589.0000,17.8445,20.1471,794.5201
1590.0000,17.7047,20.1070,795.0201
1591.0000,17.8683,19.8653,795.5199
1592.0000,14.9807,17.3283,796.0173
1593.0000,17.9673,19.9912,796.5200
1594.0000,18.3564,22.2187,797.0222
1595.0000,17.3370,19.4257,797.5194
1596.0000,14.7723,18.6773,798.0187
1597.0000,17.8633,20.0358,798.5200
1598.0000,17.7907,20.0199,799.0200
1599.0000,17.5102,19.6684,799.5197
1600.0000,14.7886,17.3811,800.0174
1601.0000,17.6360,20.0806,800.5201
1602.0000,17.6620,20.0013,801.0200
1603.0000,18.0184,18.5490,801.5186
1604.0000,14.7995,17.1645,802.0172
1605.0000,17.8392,19.8400,802.5198
1606.0000,17.7353,20.0488,803.0200
1607.0000,17.7608,19.3472,803.5193
1608.0000,14.7594,17.3480,804.0173
1609.0000,17.9005,20.0977,804.5201
1610.0000,17.9862,20.0588,805.0201
1611.0000,17.9395,20.1557,805.5202
1612.0000,13.4913,17.3076,806.0173
1613.0000,17.9487,20.0220,806.5200
1614.0000,17.8755,18.6425,807.0186
1615.0000,17.9483,20.1347,807.5201
1616.0000,13.4197,17.6454,808.0176
1617.0000,17.8065,19.9641,808.5200
1618.0000,17.8929,20.2797,809.0203
1619.0000,17.8242,20.1139,809.5201
1620.0000,13.4884,16.4323,810.0164
1621.0000,11.7696,12.4221,810.5124
1622.0000,15.1280,17.1182,811.0171
1623.0000,17.9018,19.9503,811.5200
1624.0000,14.8061,17.2890,812.0173
1625.0000,18.1682,21.3503,812.5214
1626.0000,17.9558,20.4424,813.0204
1627.0000,17.7810,19.9103,813.5199
1628.0000,14.7299,17.3560,814.0174
1629.0000,17.7641,19.8050,814.5198
1630.0000,18.1809,22.0524,815.0221
1631.0000,17.3480,19.3701,815.5194
1632.0000,14.7196,17.4302,816.0174
1633.0000,17.9991,20.0785,816.5201
1634.0000,18.0474,20.3093,817.0203
1635.0000,17.8008,19.8138,817.5198
1636.0000,14.9879,18.8618,818.0189
1637.0000,17.8333,19.9701,818.5200
1638.0000,18.1985,21.5471,819.0215
1639.0000,17.4584,19.6395,819.5196
1640.0000,14.8360,17.4848,820.0175
1641.0000,15.5133,17.9583,820.5180
1642.0000,18.4361,22.3720,821.0224
1643.0000,17.3586,19.4691,821.5195
1644.0000,14.9129,18.8729,822.0189
1645.0000,18.0368,20.1441,822.5201
1646.0000,18.2961,22.5038,823.0225
1647.0000,17.5504,19.6652,823.5197
1648.0000,14.9362,19.1223,824.0191
1649.0000,18.0139,20.0866,824.5201
1650.0000,17.9973,20.1561,825.0202
1651.0000,17.8917,20.0576,825.5201
1652.0000,13.6353,17.4579,826.0175
1653.0000,18.0060,20.2255,826.5202
1654.0000,18.5423,21.5074,827.0215
1655.0000,17.7255,19.7915,827.5198
1656.0000,15.0024,17.2455,828.0172
1657.0000,17.8972,20.0578,828.5201
1658.0000,18.7592,22.9697,829.0230
1659.0000,17.4635,19.5531,829.5196
1660.0000,15.0564,19.3081,830.0193
1661.0000,17.7886,19.9615,830.5200
1662.0000,18.5060,22.4644,831.0225
1663.0000,17.7410,19.7779,831.5198
1664.0000,15.1180,17.2363,832.0172
1665.0000,18.0330,19.6190,832.5196
1666.0000,18.5180,22.5714,833.0226
1667.0000,17.7523,19.9482,833.5200
1668.0000,13.4945,15.8261,834.0158
1669.0000,12.5761,14.6178,834.5146
1670.0000,18.4301,22.3798,835.0224
1671.0000,17.6485,19.6991,835.5197
1672.0000,15.0676,19.0047,836.0190
1673.0000,18.0254,20.3285,836.5203
1674.0000,17.9760,20.1747,837.0202
1675.0000,18.0181,20.1140,837.5201
1676.0000,13.4645,15.5624,838.0156
1677.0000,12.4026,14.4215,838.5144
1678.0000,18.2666,21.7116,839.0217
1679.0000,17.6146,19.6709,839.5197
1680.0000,15.0120,17.3638,840.0174
1681.0000,18.9449,19.5894,840.5196
1682.0000,17.9647,19.9817,841.0200
1683.0000,17.7338,19.7314,841.5197
1684.0000,14.8504,19.0700,842.0191
1685.0000,17.9301,20.0595,842.5201
1686.0000,17.9379,19.9972,843.0200
1687.0000,18.0763,20.0868,843.5201
1688.0000,13.7863,17.7346,844.0177
1689.0000,17.9349,20.0846,844.5201
1690.0000,17.9039,20.0595,845.0201
1691.0000,17.9027,18.5784,845.5186
1692.0000,15.1556,18.9647,846.0190
1693.0000,17.9257,20.1111,846.5201
1694.0000,18.3894,21.2904,847.0213
1695.0000,17.5856,19.6209,847.5196
1696.0000,14.9289,19.1450,848.0191
1697.0000,18.0390,20.0350,848.5200
1698.0000,18.2860,22.5144,849.0225
1699.0000,17.6623,19.7030,849.5197
1700.0000,15.0904,19.3205,850.0193
1701.0000,18.1186,20.1233,850.5201
1702.0000,18.3365,22.1414,851.0221
1703.0000,16.1482,17.7531,851.5178
1704.0000,14.8983,17.3201,852.0173
1705.0000,17.9483,20.2993,852.5203
1706.0000,18.2318,20.8889,853.0209
1707.0000,17.9778,20.0379,853.5200
1708.0000,13.6250,17.8468,854.0178
1709.0000,18.1204,20.1746,854.5202
1710.0000,17.8408,20.3161,855.0203
1711.0000,17.8558,19.8526,855.5199
1712.0000,15.1124,19.0646,856.0191
1713.0000,17.9693,20.0964,856.5201
1714.0000,17.9699,20.1012,857.0201
1715.0000,17.7643,19.7919,857.5198
1716.0000,14.7744,17.4986,858.0175
1717.0000,17.7761,19.7525,858.5198
1718.0000,17.8615,20.1085,859.0201
1719.0000,17.8202,19.9449,859.5199
1720.0000,14.0503,15.9679,860.0160
1721.0000,13.7529,15.7687,860.5158
1722.0000,18.2224,22.1164,861.0221
1723.0000,17.8034,19.9162,861.5199
1724.0000,15.0064,17.1403,862.0171
1725.0000,17.8807,19.9723,862.5200
1726.0000,17.8071,20.3513,863.0204
1727.0000,17.8103,19.9150,863.5199
1728.0000,15.0633,18.9620,864.0190
1729.0000,17.9384,20.2142,864.5202
1730.0000,17.9719,19.9995,865.0200
1731.0000,17.8010,19.9763,865.5200
1732.0000,14.6523,17.3675,866.0174
1733.0000,17.8056,19.9301,866.5199
1734.0000,17.8532,20.4282,867.0204
1735.0000,17.8357,19.8356,867.5198
1736.0000,14.7628,17.4349,868.0174
1737.0000,17.7391,19.8011,868.5198
1738.0000,17.7377,20.0494,869.0201
1739.0000,17.9883,20.3420,869.5203
1740.0000,13.5191,16.1952,870.0162
1741.0000,12.3686,14.4418,870.5144
1742.0000,17.8743,19.8664,871.0199
1743.0000,18.0354,20.1057,871.5201
1744.0000,13.6697,17.6451,872.0176
1745.0000,17.8164,19.8677,872.5199
1746.0000,17.8934,20.0771,873.0201
1747.0000,17.9439,20.0365,873.5200
1748.0000,6.5913,7.5893,874.0076
1749.0000,12.2452,14.3114,874.5143
1750.0000,17.7402,19.7634,875.0198
1751.0000,17.6372,19.6778,875.5197
1752.0000,13.7339,15.2921,876.0153
1753.0000,13.6414,16.0566,876.5161
1754.0000,13.7785,14.8092,877.0148
1755.0000,17.9470,20.0687,877.5201
1756.0000,13.3005,14.8996,878.0149
1757.0000,4.8277,5.6068,878.5056
1758.0000,15.3655,19.1295,879.0191
1759.0000,17.7408,19.9590,879.5200
1760.0000,14.6420,17.4879,880.0175
1761.0000,17.8851,19.9027,880.5199
1762.0000,18.2946,22.1808,881.0222
1763.0000,17.3621,19.5609,881.5196
1764.0000,14.8001,17.4816,882.0175
1765.0000,17.7535,19.8628,882.5199
1766.0000,18.2718,21.8153,883.0218
1767.0000,17.4145,19.8748,883.5199
1768.0000,15.1004,17.2944,884.0173
1769.0000,18.0143,20.0636,884.5201
1770.0000,18.5422,21.9869,885.0220
1771.0000,17.5402,19.6585,885.5197
1772.0000,14.9611,17.4328,886.0174
1773.0000,17.7901,20.3752,886.5204
1774.0000,18.3740,22.2821,887.0223
1775.0000,17.3297,19.9958,887.5200
1776.0000,13.7539,17.6376,888.0176
1777.0000,8.3864,10.7877,888.5108
1778.0000,5.3178,5.8771,889.0059
1779.0000,16.6793,18.9485,889.5190
1780.0000,15.0546,17.3060,890.0173
1781.0000,18.0861,20.1486,890.5202
1782.0000,16.6207,18.1589,891.0182
1783.0000,17.8423,19.8715,891.5199
1784.0000,14.8022,17.3320,892.0173
1785.0000,17.6035,19.8747,892.5199
1786.0000,17.9233,20.5172,893.0205
1787.0000,17.7174,19.9947,893.5200
1788.0000,13.5349,16.9901,894.0171
1789.0000,17.8843,19.9240,894.5199
1790.0000,17.8014,20.2444,895.0202
1791.0000,17.8752,20.0329,895.5200
1792.0000,13.3585,15.8999,896.0159
1793.0000,12.2577,14.3780,896.5144
1794.0000,17.8204,19.3702,897.0194
1795.0000,17.9064,20.0627,897.5201
1796.0000,16.7837,17.5965,898.0176
1797.0000,17.6221,20.0206,898.5200
1798.0000,43.9837,47.0387,899.0470
1799.0000,42.6806,44.8340,899.5448
1800.0000,37.2989,39.5334,900.0395
1801.0000,18.0254,20.7574,900.5208
1802.0000,17.9551,20.0038,901.0200
1803.0000,17.9626,20.0238,901.5200
1804.0000,13.3373,15.9754,902.0160
1805.0000,12.4933,14.6148,902.5146
1806.0000,17.7991,20.0377,903.0200
1807.0000,17.8190,19.9422,903.5199
1808.0000,14.9741,16.8336,904.0168
1809.0000,17.8661,19.8930,904.5199
1810.0000,32.4183,33.0448,905.0331
1811.0000,42.1386,43.9327,905.5439
1812.0000,38.2368,39.1624,906.0392
1813.0000,36.0343,36.8110,906.5368
1814.0000,44.0064,46.2824,907.0463
1815.0000,42.5760,44.3228,907.5443
1816.0000,35.6983,38.4711,908.0385
1817.0000,44.8711,46.5817,908.5466
1818.0000,45.5059,46.6254,909.0466
1819.0000,43.0816,43.9707,909.5440
1820.0000,38.4984,39.3768,910.0394
1821.0000,43.2157,44.1321,910.5441
1822.0000,36.0822,36.8737,911.0369
1823.0000,41.3062,42.0916,911.5421
1824.0000,38.4490,40.6948,912.0407
1825.0000,38.7940,39.6837,912.5397
1826.0000,39.1633,40.1326,913.0401
1827.0000,41.3168,42.0965,913.5421
1828.0000,15.9497,18.1342,914.0181
1829.0000,47.4714,49.7720,914.5498
1830.0000,44.0075,45.7834,915.0458
1831.0000,43.9139,44.8139,915.5448
1832.0000,35.2007,37.9606,916.0380
1833.0000,45.4822,46.3574,916.5464
1834.0000,45.7053,46.5379,917.0465
1835.0000,42.2806,43.9913,917.5440
1836.0000,36.7437,39.1824,918.0392
1837.0000,43.1410,45.3052,918.5453
1838.0000,43.1106,45.2599,919.0453
1839.0000,42.4027,43.2616,919.5433
1840.0000,42.9715,47.3263,920.0473
1841.0000,15.3223,17.5060,920.5175
1842.0000,18.3544,21.2975,921.0213
1843.0000,17.6251,19.7507,921.5198
1844.0000,14.9185,19.1561,922.0192
1845.0000,17.6882,19.7324,922.5197
1846.0000,18.0204,20.4989,923.0205
1847.0000,18.1443,19.2113,923.5192
1848.0000,14.9986,17.3037,924.0173
1849.0000,17.8871,20.0212,924.5200
1850.0000,17.9391,20.4755,925.0205
1851.0000,18.0520,20.2395,925.5202
1852.0000,13.5879,17.8142,926.0178
1853.0000,17.8583,19.9857,926.5200
1854.0000,17.8110,19.9560,927.0200
1855.0000,17.9904,20.0610,927.5201
1856.0000,13.6060,17.8411,928.0178
1857.0000,17.8196,20.1906,928.5202
1858.0000,18.2811,22.4849,929.0225
1859.0000,17.5947,19.6539,929.5197
1860.0000,14.7153,18.9478,930.0189
1861.0000,18.0005,20.0265,930.5200
1862.0000,17.8822,20.3076,931.0203
1863.0000,17.9067,19.9897,931.5200
1864.0000,15.1105,19.0445,932.0190
1865.0000,17.6962,19.9022,932.5199
1866.0000,17.8144,20.0433,933.0200
1867.0000,17.9432,19.9523,933.5200
1868.0000,15.0249,18.9489,934.0190
1869.0000,17.9742,20.0749,934.5201
1870.0000,17.8834,20.1843,935.0202
1871.0000,17.8715,20.2282,935.5202
1872.0000,13.4651,16.1840,936.0162
1873.0000,12.4316,14.5705,936.5146
1874.0000,17.8632,20.0101,937.0200
1875.0000,17.7715,19.8554,937.5199
1876.0000,15.0551,18.8315,938.0188
1877.0000,17.6586,20.0352,938.5200
1878.0000,17.8088,20.2902,939.0203
1879.0000,17.8808,20.0934,939.5201
1880.0000,13.5613,15.7483,940.0158
1881.0000,12.3854,14.9457,940.5149
1882.0000,18.5306,22.3545,941.0224
1883.0000,17.4134,19.5015,941.5195
1884.0000,15.1056,19.0283,942.0190
1885.0000,17.8893,19.8970,942.5199
1886.0000,18.7179,22.4715,943.0225
1887.0000,17.6232,20.2143,943.5202
1888.0000,13.2659,15.4256,944.0154
1889.0000,12.6128,14.9239,944.5149
1890.0000,17.8716,19.9871,945.0200
1891.0000,17.8965,20.2202,945.5202
1892.0000,13.4242,15.6184,946.0156
1893.0000,12.4651,14.3140,946.5143
1894.0000,17.9545,20.0811,947.0201
1895.0000,17.9332,20.0771,947.5201
1896.0000,13.6455,17.8553,948.0179
1897.0000,17.9192,20.0015,948.5200
1898.0000,18.3401,22.3516,949.0224
1899.0000,17.4405,19.5573,949.5196
1900.0000,14.8868,17.5156,950.0175
1901.0000,17.9727,19.9545,950.5200
1902.0000,18.4157,22.3865,951.0224
1903.0000,17.6084,19.9594,951.5200
1904.0000,14.9361,19.1473,952.0192
1905.0000,17.9871,20.3515,952.5204
1906.0000,18.0441,22.4188,953.0224
1907.0000,17.4525,19.6738,953.5197
1908.0000,14.9525,19.1697,954.0192
1909.0000,18.0438,20.0662,954.5201
1910.0000,18.4745,22.7036,955.0227
1911.0000,17.3759,19.4563,955.5195
1912.0000,14.9208,19.1443,956.0191
1913.0000,17.9215,20.0845,956.5201
1914.0000,18.0740,20.1979,957.0202
1915.0000,18.0319,20.2668,957.5203
1916.0000,13.4516,15.9953,958.0160
1917.0000,12.9474,16.2648,958.5163
1918.0000,18.1396,22.3907,959.0224
1919.0000,17.3202,17.9946,959.5180
1920.0000,14.6486,17.0437,960.0170
1921.0000,18.8039,21.7335,960.5217
1922.0000,17.8572,19.8549,961.0199
1923.0000,18.0492,20.0808,961.5201
1924.0000,13.4766,16.0254,962.0160
1925.0000,12.4890,14.6888,962.5147
1926.0000,18.2560,22.4995,963.0225
1927.0000,17.5081,19.5144,963.5195
1928.0000,15.0931,18.5325,964.0185
1929.0000,17.9154,20.0783,964.5201
1930.0000,17.9004,20.3460,965.0204
1931.0000,17.8378,20.1815,965.5202
1932.0000,13.6513,17.5919,966.0176
1933.0000,17.9467,20.0939,966.5201
1934.0000,18.4624,22.4291,967.0224
1935.0000,17.7197,19.7863,967.5198
1936.0000,15.2591,16.8821,968.0169
1937.0000,17.7707,19.8979,968.5199
1938.0000,14.1948,16.5095,969.0165
1939.0000,17.7122,19.7783,969.5198
1940.0000,15.1122,17.1354,970.0171
1941.0000,17.9461,19.9985,970.5200
1942.0000,17.9165,19.9799,971.0200
1943.0000,17.5860,19.9368,971.5199
1944.0000,15.2601,19.4850,972.0195
1945.0000,17.8249,18.5561,972.5186
1946.0000,17.8120,20.1147,973.0201
1947.0000,17.7565,19.7962,973.5198
1948.0000,14.8543,17.3070,974.0173
1949.0000,17.9411,19.9344,974.5199
1950.0000,17.7899,20.3155,975.0203
1951.0000,17.9668,19.9517,975.5200
1952.0000,14.8539,17.5112,976.0175
1953.0000,17.9665,20.1060,976.5201
1954.0000,17.9100,19.8842,977.0199
1955.0000,17.8065,19.8911,977.5199
1956.0000,13.8404,14.9083,978.0149
1957.0000,7.8509,8.9651,978.5090
1958.0000,15.1074,18.9492,979.0190
1959.0000,18.0074,20.0363,979.5200
1960.0000,13.4420,16.1792,980.0162
1961.0000,12.4020,14.7318,980.5147
1962.0000,17.8506,18.5735,981.0186
1963.0000,18.0645,20.1402,981.5201
1964.0000,13.6780,17.6035,982.0176
1965.0000,18.0005,20.3177,982.5203
1966.0000,18.1885,22.4459,983.0225
1967.0000,17.6071,19.7354,983.5197
1968.0000,14.8220,17.1856,984.0172
1969.0000,17.8394,19.9046,984.5199
1970.0000,12.9734,13.2918,985.0133
1971.0000,42.7877,44.9948,985.5450
1972.0000,41.2243,42.1295,986.0421
1973.0000,18.0904,20.2818,986.5203
1974.0000,17.8889,20.9102,987.0209
1975.0000,17.7758,19.7587,987.5198
1976.0000,14.8979,17.3205,988.0173
1977.0000,17.9307,20.0616,988.5201
1978.0000,17.7232,20.2237,989.0202
1979.0000,17.7241,19.7851,989.5198
1980.0000,14.8792,16.4886,990.0165
1981.0000,17.8333,20.2652,990.5203
1982.0000,17.8011,19.7512,991.0198
1983.0000,17.8778,19.9307,991.5199
1984.0000,14.9033,18.7589,992.0188
1985.0000,17.6526,20.0301,992.5200
1986.0000,18.0431,21.0299,993.0210
1987.0000,37.7881,38.6798,993.5387
1988.0000,37.9161,40.6484,994.0407
1989.0000,34.8687,35.6530,994.5357
1990.0000,28.3524,28.8588,995.0289
1991.0000,17.8672,19.8989,995.5199
1992.0000,15.0349,17.1619,996.0172
1993.0000,47.6157,49.9598,996.5500
1994.0000,44.3384,46.1414,997.0461
1995.0000,43.1186,44.4107,997.5444
1996.0000,15.9099,18.0604,998.0181
1997.0000,18.0552,20.2508,998.5203
1998.0000,43.6671,47.2761,999.0473
1999.0000,42.3158,43.4948,999.5435
2000.0000,38.1367,39.2031,1000.0392
2001.0000,43.0556,44.0501,1000.5441
2002.0000,41.9462,46.2365,1001.0462
2003.0000,42.8967,44.3934,1001.5444
2004.0000,35.9651,36.9642,1002.0370
2005.0000,15.6632,18.4409,1002.5184
2006.0000,10.4949,12.6933,1003.0127
2007.0000,17.8535,19.9845,1003.5200
2008.0000,13.7496,17.7525,1004.0178
2009.0000,18.4322,20.9714,1004.5210
2010.0000,18.3809,22.6085,1005.0226
2011.0000,17.7135,19.7633,1005.5198
2012.0000,14.8776,19.1206,1006.0191
2013.0000,17.9570,20.0219,1006.5200
2014.0000,18.0559,20.3762,1007.0204
2015.0000,17.9290,20.0943,1007.5201
2016.0000,13.6372,17.8597,1008.0180
2017.0000,17.9222,20.0335,1008.5200
2018.0000,18.5017,21.4794,1009.0215
2019.0000,17.5945,19.7883,1009.5198
2020.0000,15.1098,17.2424,1010.0172
2021.0000,18.0153,20.0334,1010.5200
2022.0000,18.1090,20.2663,1011.0203
2023.0000,17.8352,20.2607,1011.5203
2024.0000,13.5925,17.8125,1012.0178
2025.0000,18.1519,20.2303,1012.5202
2026.0000,18.5072,22.4836,1013.0225
2027.0000,5.5072,5.8687,1013.5059
2028.0000,5.6659,5.8966,1014.0059
2029.0000,12.4037,12.9273,1014.5129
2030.0000,18.1136,20.2287,1015.0202
2031.0000,17.8603,19.9914,1015.5200
2032.0000,14.6540,16.4926,1016.0165
2033.0000,17.9640,20.3096,1016.5203
2034.0000,17.9627,20.8459,1017.0209
2035.0000,18.0196,20.4601,1017.5205
2036.0000,48.4532,52.4582,1018.0525
2037.0000,43.9754,44.7805,1018.5448
2038.0000,45.4651,50.5651,1019.0506
2039.0000,17.9782,20.1985,1019.5202
2040.0000,13.4979,16.4004,1020.0164
2041.0000,12.6114,14.6766,1020.5147
2042.0000,17.8846,19.9212,1021.0199
2043.0000,37.9337,38.3049,1021.5383
2044.0000,48.9278,54.1634,1022.0542
2045.0000,39.0704,40.8836,1022.5409
2046.0000,40.8137,43.2325,1023.0432
2047.0000,42.8148,44.4683,1023.5445
2048.0000,35.6932,38.3421,1024.0383
2049.0000,44.8072,46.6411,1024.5466
2050.0000,10.4801,10.8585,1025.0109
2051.0000,43.4921,44.3158,1025.5443
2052.0000,37.3612,41.3050,1026.0413
2053.0000,34.5364,35.5238,1026.5355
2054.0000,43.4895,46.1286,1027.0461
2055.0000,43.1095,43.9850,1027.5440
2056.0000,37.2164,39.2827,1028.0393
2057.0000,16.0790,19.1478,1028.5191
2058.0000,16.7086,18.1824,1029.0182
2059.0000,17.7742,19.7688,1029.5198
2060.0000,15.0178,17.1214,1030.0171
2061.0000,15.6790,18.0564,1030.5181
2062.0000,18.1989,20.7684,1031.0208
2063.0000,17.8373,18.5129,1031.5185
2064.0000,15.1470,17.2448,1032.0172
2065.0000,17.8961,19.9542,1032.5200
2066.0000,17.8599,19.9542,1033.0200
2067.0000,17.9401,18.4686,1033.5185
2068.0000,14.8309,17.2534,1034.0173
2069.0000,17.8057,19.9034,1034.5199
2070.0000,17.9769,20.3293,1035.0203
2071.0000,17.8936,19.8286,1035.5198
2072.0000,14.9896,17.2242,1036.0172
2073.0000,17.8159,20.1627,1036.5202
2074.0000,17.9313,19.8436,1037.0198
2075.0000,17.5902,19.7288,1037.5197
2076.0000,14.4599,16.2202,1038.0162
2077.0000,13.6291,15.8619,1038.5159
2078.0000,17.8586,20.0803,1039.0201
2079.0000,17.7613,18.5020,1039.5185
2080.0000,38.1673,38.5296,1040.0385
2081.0000,41.6598,42.4660,1040.5425
2082.0000,36.3279,37.2624,1041.0373
2083.0000,18.0091,20.4533,1041.5205
2084.0000,47.7165,53.6653,1042.0537
2085.0000,47.6009,49.6149,1042.5496
2086.0000,42.3494,43.1248,1043.0431
2087.0000,43.4992,44.3720,1043.5444
2088.0000,36.9385,39.0540,1044.0391
2089.0000,41.3537,43.0600,1044.5431
2090.0000,35.5738,36.7388,1045.0367
2091.0000,41.7611,42.5198,1045.5425
2092.0000,39.6831,40.7990,1046.0408
2093.0000,34.2018,34.9767,1046.5350
2094.0000,43.5073,45.0552,1047.0451
2095.0000,42.5372,44.1361,1047.5441
2096.0000,37.4807,41.5138,1048.0415
2097.0000,15.5890,17.7683,1048.5178
2098.0000,18.3802,21.2801,1049.0213
2099.0000,17.6430,19.7590,1049.5198
2100.0000,14.7841,17.4110,1050.0174
2101.0000,17.9631,20.3145,1050.5203
2102.0000,17.8118,19.9452,1051.0199
2103.0000,17.7123,19.8479,1051.5199
2104.0000,14.6913,17.4254,1052.0174
2105.0000,18.4582,21.0085,1052.5210
2106.0000,17.7810,20.3643,1053.0204
2107.0000,17.8030,19.9808,1053.5200
2108.0000,14.9435,18.7989,1054.0188
2109.0000,17.7484,19.8961,1054.5199
2110.0000,17.9269,20.5070,1055.0205
2111.0000,17.8054,19.8841,1055.5199
2112.0000,15.0085,17.3238,1056.0173
2113.0000,17.9305,20.0775,1056.5201
2114.0000,18.1336,20.3802,1057.0204
2115.0000,17.8877,20.0464,1057.5200
2116.0000,13.6610,17.1164,1058.0171
2117.0000,18.0819,20.1678,1058.5202
2118.0000,18.3025,22.5471,1059.0226
2119.0000,17.6983,19.9242,1059.5199
2120.0000,14.8581,17.2904,1060.0173
2121.0000,17.9595,20.0261,1060.5200
2122.0000,18.3136,22.2941,1061.0223
2123.0000,17.5352,19.6570,1061.5197
2124.0000,14.9802,19.2143,1062.0192
2125.0000,18.1598,20.2332,1062.5202
2126.0000,18.3604,22.2061,1063.0222
2127.0000,17.5728,19.7334,1063.5197
2128.0000,14.9688,17.3653,1064.0174
2129.0000,18.1004,20.2436,1064.5202
2130.0000,18.3824,21.9302,1065.0219
2131.0000,17.4746,19.6156,1065.5196
2132.0000,15.1591,19.1136,1066.0191
2133.0000,17.9880,19.9773,1066.5200
2134.0000,18.0254,20.4207,1067.0204
2135.0000,17.9192,20.4733,1067.5205
2136.0000,4.4720,5.0903,1068.0051
2137.0000,5.3493,5.5726,1068.5056
2138.0000,25.6308,28.8393,1069.0288
2139.0000,18.0776,20.0466,1069.5201
2140.0000,13.2919,15.5899,1070.0156
2141.0000,12.5788,14.7788,1070.5148
2142.0000,17.9803,20.1089,1071.0201
2143.0000,17.4502,19.5869,1071.5196
2144.0000,14.9392,19.1632,1072.0192
2145.0000,18.1875,18.7164,1072.5187
2146.0000,17.8981,20.3913,1073.0204
2147.0000,18.0864,20.2796,1073.5203
2148.0000,13.6173,17.8381,1074.0178
2149.0000,18.0017,20.3261,1074.5203
2150.0000,18.2015,22.4427,1075.0224
2151.0000,17.7139,19.7748,1075.5198
2152.0000,15.0609,19.0527,1076.0191
2153.0000,17.8662,19.9761,1076.5200
2154.0000,18.5391,22.4690,1077.0225
2155.0000,17.5520,20.0408,1077.5200
2156.0000,13.4036,15.9917,1078.0160
2157.0000,12.4992,15.3660,1078.5154
2158.0000,18.2607,22.4882,1079.0225
2159.0000,17.6689,19.7842,1079.5198
2160.0000,15.0751,17.3471,1080.0173
2161.0000,17.1541,19.1266,1080.5191
2162.0000,18.4718,21.5169,1081.0215
2163.0000,17.5416,19.6404,1081.5196
2164.0000,14.8745,19.1240,1082.0191
2165.0000,17.8363,20.2728,1082.5203
2166.0000,17.6482,20.2616,1083.0203
2167.0000,18.0093,20.2202,1083.5202
2168.0000,13.4041,15.5660,1084.0156
2169.0000,12.3391,14.3550,1084.5144
2170.0000,18.2492,22.4681,1085.0225
2171.0000,17.5691,19.6351,1085.5196
2172.0000,14.8712,16.8694,1086.0169
2173.0000,17.7468,19.7970,1086.5198
2174.0000,18.4841,22.4050,1087.0224
2175.0000,17.3596,19.4789,1087.5195
2176.0000,14.8782,17.6465,1088.0176
2177.0000,17.8391,19.9891,1088.5200
2178.0000,17.9147,19.9955,1089.0200
2179.0000,17.9073,18.6031,1089.5186
2180.0000,14.9846,18.3574,1090.0184
2181.0000,17.8046,19.9983,1090.5200
2182.0000,17.9354,20.3482,1091.0204
2183.0000,17.8149,18.3492,1091.5184
2184.0000,14.7715,17.2272,1092.0172
2185.0000,17.5683,19.5984,1092.5196
2186.0000,17.8117,20.3688,1093.0204
2187.0000,17.7917,20.1587,1093.5202
2188.0000,13.5724,16.9627,1094.0170
2189.0000,17.7560,20.0894,1094.5201
2190.0000,17.9531,20.0203,1095.0200
2191.0000,17.5972,19.5495,1095.5196
2192.0000,14.6800,17.2110,1096.0172
2193.0000,17.8665,19.9969,1096.5200
2194.0000,17.6090,19.8234,1097.0198
2195.0000,17.7931,19.9327,1097.5199
2196.0000,14.7395,17.3905,1098.0174
2197.0000,17.8341,19.8224,1098.5198
2198.0000,17.7664,20.3075,1099.0203
2199.0000,17.8510,18.4955,1099.5185
2200.0000,14.7758,17.7660,1100.0178
2201.0000,17.9784,19.9987,1100.5200
2202.0000,17.8933,20.0593,1101.0201
2203.0000,17.7739,19.9068,1101.5199
2204.0000,14.9956,17.1716,1102.0172
2205.0000,18.0157,20.1998,1102.5202
2206.0000,18.3472,22.3683,1103.0224
2207.0000,17.4799,20.0034,1103.5200
2208.0000,13.3964,15.8117,1104.0158
2209.0000,12.4371,14.4639,1104.5145
2210.0000,18.1572,20.3455,1105.0203
2211.0000,18.0135,19.9930,1105.5200
2212.0000,13.7186,17.8818,1106.0179
2213.0000,17.9970,20.1552,1106.5202
2214.0000,17.6793,18.9741,1107.0190
2215.0000,18.9346,20.9709,1107.5210
2216.0000,47.6413,53.5342,1108.0535
2217.0000,47.7160,49.4288,1108.5494
2218.0000,44.8684,47.0992,1109.0471
2219.0000,42.6440,44.4842,1109.5445
2220.0000,37.8979,42.2348,1110.0422
2221.0000,37.1002,37.8792,1110.5379
2222.0000,42.6840,47.7640,1111.0478
2223.0000,42.4017,43.2288,1111.5432
2224.0000,37.2373,38.2861,1112.0383
2225.0000,18.1631,20.6274,1112.5206
2226.0000,18.0379,20.4328,1113.0204
2227.0000,18.0259,20.0753,1113.5201
2228.0000,13.4795,17.6613,1114.0177
2229.0000,17.9586,20.0088,1114.5200
2230.0000,18.4177,22.6385,1115.0226
2231.0000,17.4653,19.5049,1115.5195
2232.0000,14.9007,17.2515,1116.0173
2233.0000,17.9896,20.3795,1116.5204
2234.0000,18.3441,22.5923,1117.0226
2235.0000,17.5863,19.6194,1117.5196
2236.0000,14.9081,19.1511,1118.0192
2237.0000,17.9020,20.0751,1118.5201
2238.0000,18.3920,22.6347,1119.0226
2239.0000,17.4051,19.6656,1119.5197
2240.0000,14.9584,17.0423,1120.0170
2241.0000,17.8183,19.8351,1120.5198
2242.0000,18.0170,20.2031,1121.0202
2243.0000,17.9449,20.1908,1121.5202
2244.0000,13.6362,17.1410,1122.0171
2245.0000,17.9511,20.0360,1122.5200
2246.0000,18.1993,22.1059,1123.0221
2247.0000,17.6133,19.7648,1123.5198
2248.0000,15.0858,18.9969,1124.0190
2249.0000,17.9598,19.9966,1124.5200
2250.0000,18.2740,22.4858,1125.0225
2251.0000,17.5302,19.5857,1125.5196
2252.0000,15.0322,19.2718,1126.0193
2253.0000,18.1284,20.1726,1126.5202
2254.0000,17.9701,20.0924,1127.0201
2255.0000,17.9948,20.0500,1127.5201
2256.0000,13.4940,15.8478,1128.0159
2257.0000,12.2758,14.3248,1128.5143
2258.0000,18.4533,22.2485,1129.0223
2259.0000,17.5154,19.9938,1129.5200
2260.0000,13.2568,15.6924,1130.0157
2261.0000,12.4934,14.6580,1130.5147
2262.0000,18.5407,21.5422,1131.0215
2263.0000,17.6047,19.7148,1131.5197
2264.0000,15.0379,18.9961,1132.0190
2265.0000,18.0597,20.0717,1132.5201
2266.0000,17.8669,20.2550,1133.0203
2267.0000,17.9455,19.9974,1133.5200
2268.0000,13.3820,15.5216,1134.0155
2269.0000,12.3662,14.4397,1134.5144
2270.0000,17.9374,20.3558,1135.0204
2271.0000,17.7361,19.9626,1135.5200
2272.0000,14.7419,17.3271,1136.0173
2273.0000,17.9157,20.1243,1136.5201
2274.0000,17.8005,20.1166,1137.0201
2275.0000,17.9081,20.0011,1137.5200
2276.0000,13.4472,15.9374,1138.0159
2277.0000,12.4732,14.6273,1138.5146
2278.0000,18.4495,22.6937,1139.0227
2279.0000,17.5462,19.6714,1139.5197
2280.0000,14.7762,17.5607,1140.0176
2281.0000,17.9983,20.0199,1140.5200
2282.0000,18.2545,22.4989,1141.0225
2283.0000,17.5302,19.6137,1141.5196
2284.0000,15.1150,18.5603,1142.0186
2285.0000,17.9766,20.0281,1142.5200
2286.0000,17.8804,20.3647,1143.0204
2287.0000,18.0457,20.1958,1143.5202
2288.0000,13.3297,15.8214,1144.0158
2289.0000,12.3127,14.4477,1144.5145
2290.0000,18.3392,21.0940,1145.0211
2291.0000,17.6878,19.5920,1145.5196
2292.0000,14.9286,17.3902,1146.0174
2293.0000,17.9835,20.0731,1146.5201
2294.0000,18.1895,22.1356,1147.0221
2295.0000,17.8033,19.9340,1147.5199
2296.0000,14.9374,19.1656,1148.0192
2297.0000,17.9769,20.0207,1148.5200
2298.0000,17.9616,20.2221,1149.0202
2299.0000,18.0199,20.1861,1149.5202
2300.0000,13.5879,17.8318,1150.0178
2301.0000,17.8124,19.9107,1150.5199
2302.0000,17.8805,20.4576,1151.0205
2303.0000,42.4864,44.8314,1151.5448
2304.0000,38.0329,43.0197,1152.0430
2305.0000,36.9038,37.8662,1152.5379
2306.0000,20.1254,21.8449,1153.0218
2307.0000,17.6743,19.7519,1153.5198
2308.0000,15.0189,19.2467,1154.0192
2309.0000,17.9856,20.0185,1154.5200
2310.0000,18.0732,20.1725,1155.0202
2311.0000,17.8047,19.8339,1155.5198
2312.0000,15.0839,17.1714,1156.0172
2313.0000,18.2549,21.3428,1156.5213
2314.0000,18.1690,22.3740,1157.0224
2315.0000,17.6140,19.6949,1157.5197
2316.0000,14.8904,19.1112,1158.0191
2317.0000,15.9301,18.1829,1158.5182
2318.0000,17.9518,20.0124,1159.0200
2319.0000,18.0613,20.0894,1159.5201
2320.0000,13.6914,17.6382,1160.0176
2321.0000,17.9113,20.0137,1160.5200
2322.0000,18.2574,21.5134,1161.0215
2323.0000,17.4657,19.6734,1161.5197
2324.0000,15.0150,17.0610,1162.0171
2325.0000,18.0446,18.7110,1162.5187
2326.0000,18.3466,22.5673,1163.0226
2327.0000,17.7203,20.1052,1163.5201
2328.0000,13.7244,17.1461,1164.0171
2329.0000,17.9207,19.9750,1164.5200
2330.0000,17.7960,20.4276,1165.0204
2331.0000,17.9403,19.9471,1165.5200
2332.0000,14.9434,18.9108,1166.0189
2333.0000,18.1080,20.2393,1166.5202
2334.0000,18.1944,20.2355,1167.0202
2335.0000,17.9311,20.0008,1167.5200
2336.0000,13.4444,15.6059,1168.0156
2337.0000,12.5194,14.8995,1168.5149
2338.0000,18.5976,22.4174,1169.0224
2339.0000,17.5677,19.8054,1169.5198
2340.0000,14.8816,19.1113,1170.0191
2341.0000,17.8138,19.8485,1170.5199
2342.0000,17.8513,20.8118,1171.0208
2343.0000,17.7619,19.8340,1171.5198
2344.0000,15.0879,17.0810,1172.0171
2345.0000,17.8979,20.0663,1172.5201
2346.0000,17.8569,20.2039,1173.0202
2347.0000,18.2426,18.7694,1173.5188
2348.0000,14.9291,17.2035,1174.0172
2349.0000,18.6390,21.6661,1174.5217
2350.0000,17.7602,19.7458,1175.0197
2351.0000,18.0606,20.1535,1175.5202
2352.0000,18.9062,19.1694,1176.0192
2353.0000,37.0167,39.4803,1176.5395
2354.0000,34.8979,35.6696,1177.0357
2355.0000,30.2493,30.6697,1177.5307
2356.0000,28.8285,29.5595,1178.0296
2357.0000,27.6292,28.3028,1178.5283
2358.0000,15.4284,18.5148,1179.0185
2359.0000,17.9603,18.2390,1179.5182
2360.0000,8.1940,9.9831,1180.0100
2361.0000,17.4484,20.4501,1180.5205
2362.0000,13.1429,15.2154,1181.0152
2363.0000,11.8667,13.9447,1181.5139
2364.0000,17.7545,20.2467,1182.0203
2365.0000,17.8748,20.0167,1182.5200
2366.0000,12.5622,13.5384,1183.0135
2367.0000,13.9671,16.3300,1183.5163
2368.0000,17.7909,20.2924,1184.0203
2369.0000,17.6515,19.8565,1184.5199
2370.0000,14.9012,18.4537,1185.0185
2371.0000,17.8977,20.4405,1185.5204
2372.0000,18.3076,20.9471,1186.0209
2373.0000,17.7696,19.8113,1186.5198
2374.0000,15.4973,17.8227,1187.0178
2375.0000,18.5881,21.8642,1187.5219
2376.0000,19.0826,19.5763,1188.0196
2377.0000,19.3189,19.7892,1188.5198
2378.0000,17.9265,19.0316,1189.0190
2379.0000,18.2399,18.6978,1189.5187
2380.0000,18.6639,19.0678,1190.0191
2381.0000,18.9247,19.2924,1190.5193
2382.0000,18.9887,19.5212,1191.0195
2383.0000,15.3452,16.7569,1191.5168
2384.0000,17.7999,19.5386,1192.0195
2385.0000,18.6433,20.9437,1192.5209
2386.0000,42.3691,43.1875,1193.0432
2387.0000,17.8033,20.3976,1193.5204
2388.0000,17.7755,19.9303,1194.0199
2389.0000,17.8899,20.4594,1194.5205
2390.0000,41.8030,43.8883,1195.0439
2391.0000,33.3157,35.4789,1195.5355
2392.0000,34.4107,35.3365,1196.0353
2393.0000,43.8111,45.8961,1196.5459
2394.0000,36.7825,37.9243,1197.0379
2395.0000,17.9944,20.3905,1197.5204
2396.0000,17.9567,20.0269,1198.0200
2397.0000,17.4724,21.6592,1198.5217
2398.0000,16.2647,18.3115,1199.0183
2399.0000,48.4567,50.6975,1199.5507
2400.0000,45.8310,47.4728,1200.0475
2401.0000,18.7689,21.0469,1200.5210
2402.0000,16.9896,20.1510,1201.0202
2403.0000,39.6346,44.0302,1201.5440
2404.0000,34.6491,35.4303,1202.0354
2405.0000,42.0639,43.0015,1202.5430
2406.0000,41.7529,42.8662,1203.0429
2407.0000,37.4086,42.4057,1203.5424
2408.0000,18.1018,21.2559,1204.0213
2409.0000,17.7760,19.7945,1204.5198
2410.0000,15.1585,17.2206,1205.0172
2411.0000,18.6037,22.5618,1205.5226
2412.0000,17.8693,19.9219,1206.0199
2413.0000,17.8352,20.3241,1206.5203
2414.0000,13.3245,15.3426,1207.0153
2415.0000,13.5280,17.6959,1207.5177
2416.0000,17.8983,20.0513,1208.0201
2417.0000,17.9258,20.3948,1208.5204
2418.0000,13.4707,15.5197,1209.0155
2419.0000,13.3279,17.5404,1209.5175
2420.0000,45.2199,45.8855,1210.0459
2421.0000,45.5516,46.4479,1210.5465
2422.0000,16.1751,18.4908,1211.0185
2423.0000,18.3115,22.1858,1211.5222
2424.0000,17.8423,20.1954,1212.0202
2425.0000,17.4887,21.7104,1212.5217
2426.0000,47.4523,50.6595,1213.0507
2427.0000,46.7355,48.3353,1213.5483
2428.0000,45.4963,47.2133,1214.0472
2429.0000,41.2270,45.3497,1214.5454
2430.0000,33.7427,34.5621,1215.0346
2431.0000,18.4507,21.6144,1215.5216
2432.0000,17.9589,20.3388,1216.0204
2433.0000,17.6968,20.4073,1216.5204
2434.0000,13.3535,15.4433,1217.0154
2435.0000,13.3632,17.2993,1217.5173
2436.0000,18.0086,20.0810,1218.0201
2437.0000,17.5180,21.6066,1218.5216
2438.0000,16.1747,18.4388,1219.0184
2439.0000,45.6410,51.7619,1219.5518
2440.0000,43.8872,44.8332,1220.0448
2441.0000,44.4224,45.2200,1220.5452
2442.0000,33.6224,34.5447,1221.0345
2443.0000,46.4935,50.7502,1221.5508
2444.0000,43.0410,45.4762,1222.0455
2445.0000,40.7149,45.8489,1222.5459
2446.0000,34.4383,36.2408,1223.0362
2447.0000,48.0517,48.9355,1223.5489
2448.0000,45.3469,47.0910,1224.0471
2449.0000,41.4551,45.7809,1224.5458
2450.0000,33.9284,34.8610,1225.0349
2451.0000,46.3593,50.7598,1225.5508
2452.0000,44.7160,45.5579,1226.0456
2453.0000,45.4051,46.4643,1226.5465
2454.0000,34.0845,34.9943,1227.0350
2455.0000,15.7930,18.2672,1227.5183
2456.0000,17.9708,20.1092,1228.0201
2457.0000,17.8638,20.1046,1228.5201
2458.0000,13.3909,15.4292,1229.0154
2459.0000,12.5192,14.6928,1229.5147
2460.0000,17.8835,20.0423,1230.0200
2461.0000,17.8157,19.8557,1230.5199
2462.0000,14.9661,17.0967,1231.0171
2463.0000,18.3189,22.3106,1231.5223
2464.0000,17.9425,20.1176,1232.0201
2465.0000,17.4392,21.6779,1232.5217
2466.0000,40.7417,43.0164,1233.0430
2467.0000,38.4715,42.7915,1233.5428
2468.0000,37.8252,38.6664,1234.0387
2469.0000,42.4178,44.2557,1234.5443
2470.0000,17.4668,20.6908,1235.0207
2471.0000,18.1643,22.3896,1235.5224
2472.0000,17.9609,20.0580,1236.0201
2473.0000,18.1564,21.1577,1236.5212
2474.0000,40.1104,42.2519,1237.0423
2475.0000,39.2966,44.3191,1237.5443
2476.0000,33.2139,34.0753,1238.0341
2477.0000,40.4796,45.7692,1238.5458
2478.0000,33.9747,34.9764,1239.0350
2479.0000,45.7298,50.8628,1239.5509
2480.0000,44.1789,45.7035,1240.0457
2481.0000,44.3320,45.9657,1240.5460
2482.0000,16.3228,18.6772,1241.0187
2483.0000,46.4395,49.8159,1241.5498
2484.0000,45.0221,46.7354,1242.0467
2485.0000,41.6372,45.9925,1242.5460
2486.0000,33.2272,34.9274,1243.0349
2487.0000,18.0032,20.2197,1243.5202
2488.0000,18.0138,19.9974,1244.0200
2489.0000,17.7467,21.6184,1244.5216
2490.0000,17.1033,17.4714,1245.0175
2491.0000,47.7354,49.9357,1245.5499
2492.0000,43.1323,44.1088,1246.0441
2493.0000,43.5688,44.5049,1246.5445
2494.0000,34.4339,35.3323,1247.0353
2495.0000,16.0537,18.9939,1247.5190
2496.0000,17.8136,20.0357,1248.0200
2497.0000,17.8524,20.2686,1248.5203
2498.0000,13.4223,15.4328,1249.0154
2499.0000,12.5771,14.7707,1249.5148
2500.0000,11.5186,13.0000,1250.0130
2501.0000,17.3722,19.3935,1250.5194
2502.0000,14.9798,17.2194,1251.0172
2503.0000,18.2127,20.2397,1251.5202
2504.0000,17.8716,20.2560,1252.0203
2505.0000,17.7589,20.1907,1252.5202
2506.0000,13.3947,15.4338,1253.0154
2507.0000,12.6220,14.8221,1253.5148
2508.0000,17.9679,19.9778,1254.0200
2509.0000,17.9688,20.3061,1254.5203
2510.0000,10.3201,12.8771,1255.0129
2511.0000,12.0154,16.2194,1255.5162
2512.0000,17.8495,19.9203,1256.0199
2513.0000,18.2514,21.2578,1256.5213
2514.0000,40.8856,43.1548,1257.0432
2515.0000,38.8917,43.2053,1257.5432
2516.0000,37.3131,39.1962,1258.0392
2517.0000,17.7689,20.4748,1258.5205
2518.0000,40.5148,42.7093,1259.0427
2519.0000,17.9543,20.4300,1259.5204
2520.0000,17.9571,20.0833,1260.0201
2521.0000,17.7959,19.8996,1260.5199
2522.0000,15.0208,17.1505,1261.0172
2523.0000,17.9383,20.3414,1261.5203
2524.0000,17.9459,20.0325,1262.0200
2525.0000,17.9279,20.2752,1262.5203
2526.0000,13.4225,15.5571,1263.0156
2527.0000,12.6983,14.7750,1263.5148
2528.0000,17.9206,19.9650,1264.0200
2529.0000,12.8082,14.2668,1264.5143
2530.0000,16.2316,18.3382,1265.0183
2531.0000,18.2145,22.1797,1265.5222
2532.0000,17.9844,20.0180,1266.0200
2533.0000,17.6376,21.4890,1266.5215
2534.0000,16.2284,18.2792,1267.0183
2535.0000,46.6043,50.9015,1267.5509
2536.0000,42.0695,42.8622,1268.0429
2537.0000,40.9785,46.2313,1268.5462
2538.0000,35.0708,35.9442,1269.0360
2539.0000,45.7383,50.8287,1269.5508
2540.0000,43.3856,45.5368,1270.0455
2541.0000,43.1571,44.0798,1270.5441
2542.0000,37.1970,38.2877,1271.0383
2543.0000,45.1444,50.2246,1271.5502
2544.0000,44.8515,45.6759,1272.0457
2545.0000,41.3751,45.7025,1272.5457
2546.0000,16.1230,18.4207,1273.0184
2547.0000,47.0192,51.3195,1273.5513
2548.0000,43.5883,45.3535,1274.0454
2549.0000,41.7847,46.1296,1274.5461
2550.0000,17.7020,20.9040,1275.0209
2551.0000,17.9762,20.0821,1275.5201
2552.0000,17.9637,20.0422,1276.0200
2553.0000,18.0241,20.4210,1276.5204
2554.0000,13.2543,15.3523,1277.0154
2555.0000,12.6542,14.9181,1277.5149
2556.0000,17.9301,20.0043,1278.0200
2557.0000,17.6399,21.5577,1278.5216
2558.0000,40.6242,42.8363,1279.0428
2559.0000,37.2415,41.2093,1279.5412
2560.0000,36.7483,37.6256,1280.0378
2561.0000,43.0127,43.9681,1280.5440
2562.0000,38.8465,41.2498,1281.0413
2563.0000,39.1859,41.5012,1281.5415
2564.0000,17.8818,20.1769,1282.0202
2565.0000,18.3773,20.9733,1282.5210
2566.0000,39.9880,42.3911,1283.0424
2567.0000,35.8805,37.5330,1283.5375
2568.0000,28.6331,29.0987,1284.0291
2569.0000,17.6971,18.1656,1284.5182
2570.0000,14.2507,16.1991,1285.0162
2571.0000,13.6386,15.6970,1285.5157
2572.0000,17.7692,19.7187,1286.0197
2573.0000,18.0361,20.1343,1286.5201
2574.0000,13.1252,15.1177,1287.0151
2575.0000,12.0601,12.7471,1287.5127
2576.0000,17.9309,20.4787,1288.0205
2577.0000,17.9140,20.1210,1288.5201
2578.0000,13.1553,15.1746,1289.0152
2579.0000,12.2640,14.3336,1289.5143
2580.0000,41.7260,42.6183,1290.0426
2581.0000,44.5399,45.6259,1290.5456
2582.0000,33.5199,35.5395,1291.0355
2583.0000,18.0086,20.1598,1291.5202
2584.0000,17.7886,19.9614,1292.0200
2585.0000,17.8492,20.8683,1292.5209
2586.0000,40.6696,42.0311,1293.0420
2587.0000,36.6871,37.5307,1293.5375
2588.0000,41.4777,42.3234,1294.0423
2589.0000,44.6530,45.6080,1294.5456
2590.0000,34.0142,34.8294,1295.0348
2591.0000,43.6568,44.4537,1295.5445
2592.0000,45.9262,46.7811,1296.0468
2593.0000,41.8132,43.6152,1296.5436
2594.0000,37.1364,38.2701,1297.0383
2595.0000,46.2165,48.4414,1297.5484
2596.0000,46.2506,47.0836,1298.0471
2597.0000,40.9823,46.1301,1298.5461
2598.0000,16.1738,18.4527,1299.0185
2599.0000,48.1333,51.8514,1299.5519
2600.0000,44.5249,45.3387,1300.0453
2601.0000,44.9131,46.9323,1300.5469
2602.0000,7.8871,8.3396,1301.0083
2603.0000,12.3058,13.4271,1301.5134
2604.0000,42.2515,43.2752,1302.0433
2605.0000,44.2733,45.1416,1302.5451
2606.0000,37.7495,38.4673,1303.0385
2607.0000,35.4499,36.4414,1303.5364
2608.0000,41.6065,42.4191,1304.0424
2609.0000,41.6178,45.7059,1304.5457
2610.0000,37.9698,38.7993,1305.0388
2611.0000,18.0095,20.2308,1305.5202
2612.0000,17.9319,19.9679,1306.0200
2613.0000,17.8524,21.4091,1306.5214
2614.0000,16.2091,18.1697,1307.0182
2615.0000,42.9439,45.0980,1307.5451
2616.0000,45.7206,46.5306,1308.0465
2617.0000,42.3601,44.4241,1308.5444
2618.0000,16.1780,18.3036,1309.0183
2619.0000,17.8299,19.9688,1309.5200
2620.0000,17.9449,19.9052,1310.0199
2621.0000,17.7816,20.1454,1310.5201
2622.0000,18.2861,18.7499,1311.0188
2623.0000,46.7269,50.4409,1311.5504
2624.0000,46.0251,46.7923,1312.0468
2625.0000,42.3112,46.1692,1312.5462
2626.0000,17.1568,20.1362,1313.0201
2627.0000,17.8963,20.3259,1313.5203
2628.0000,17.7446,20.0978,1314.0201
2629.0000,17.3737,21.5699,1314.5216
2630.0000,41.4578,43.8750,1315.0439
2631.0000,38.0703,43.1188,1315.5431
2632.0000,16.7934,19.0549,1316.0191
2633.0000,17.7139,21.5528,1316.5216
2634.0000,16.1584,18.3046,1317.0183
2635.0000,47.3614,51.4861,1317.5515
2636.0000,42.7583,43.7232,1318.0437
2637.0000,16.9308,18.6299,1318.5186
2638.0000,16.7762,17.1491,1319.0171
2639.0000,5.4919,5.7271,1319.5057
2640.0000,5.4002,5.6101,1320.0056
2641.0000,16.5342,18.3050,1320.5183
2642.0000,15.0243,17.1205,1321.0171
2643.0000,13.1381,15.1672,1321.5152
2644.0000,17.6828,20.0640,1322.0201
2645.0000,9.6971,10.4334,1322.5104
2646.0000,4.6181,4.7576,1323.0048
2647.0000,6.3408,6.4863,1323.5065
2648.0000,7.7042,7.8722,1324.0079
2649.0000,12.5431,12.7683,1324.5128
2650.0000,12.9702,14.4655,1325.0145
2651.0000,20.3635,20.5249,1325.5256
2652.0000,16.2035,22.2327,1326.0222
2653.0000,3.9687,4.1090,1326.5041
2654.0000,5.8383,5.9918,1327.0060
2655.0000,101.4154,101.6398,1327.6016
2656.0000,5.8633,7.3865,1328.0074
2657.0000,7.1113,7.5487,1328.5075
2658.0000,9.5538,11.5131,1329.0115
2659.0000,13.1821,14.8754,1329.5149
2660.0000,15.3233,17.9729,1330.0180
2661.0000,15.2055,15.5016,1330.5155
2662.0000,12.4049,12.9317,1331.0129
2663.0000,13.4730,15.6289,1331.5156
2664.0000,14.5495,16.8052,1332.0168
2665.0000,13.9669,16.1586,1332.5162
2666.0000,13.4487,16.0525,1333.0161
2667.0000,13.5216,15.6823,1333.5157
2668.0000,14.8249,17.5639,1334.0176
2669.0000,28.6820,30.1098,1334.5301
2670.0000,30.2928,31.3544,1335.0314
2671.0000,13.5916,15.6176,1335.5156
2672.0000,7.3138,8.5044,1336.0085
2673.0000,13.8683,17.4446,1336.5174
2674.0000,9.7666,11.8181,1337.0118
2675.0000,13.7057,15.5813,1337.5156
2676.0000,16.1973,18.2081,1338.0182
2677.0000,46.5372,50.9570,1338.5510
2678.0000,45.6425,49.6558,1339.0497
2679.0000,43.1347,43.9504,1339.5440
2680.0000,36.2639,38.1028,1340.0381
2681.0000,17.8642,20.0818,1340.5201
2682.0000,41.5088,42.3894,1341.0424
2683.0000,43.7405,44.6397,1341.5447
2684.0000,38.3186,41.4905,1342.0415
2685.0000,40.7749,43.1845,1342.5432
2686.0000,39.3146,42.7528,1343.0428
2687.0000,43.1797,43.9738,1343.5440
2688.0000,37.6229,39.6841,1344.0397
2689.0000,18.2570,21.4254,1344.5214
2690.0000,17.7388,20.3639,1345.0204
2691.0000,17.6876,19.9958,1345.5200
2692.0000,13.0469,15.7708,1346.0158
2693.0000,12.4955,14.9071,1346.5149
2694.0000,17.6829,20.1463,1347.0201
2695.0000,17.8538,20.2702,1347.5203
2696.0000,13.4704,15.8468,1348.0158
2697.0000,12.0549,13.5366,1348.5135
2698.0000,17.9271,19.8960,1349.0199
2699.0000,17.9535,20.0423,1349.5200
2700.0000,13.4393,15.8331,1350.0158
2701.0000,12.5898,14.9131,1350.5149
2702.0000,17.8989,20.3265,1351.0203
2703.0000,17.9204,20.3038,1351.5203
2704.0000,13.6019,17.8422,1352.0178
2705.0000,18.1796,20.3731,1352.5204
2706.0000,17.8133,19.9888,1353.0200
2707.0000,17.8503,20.2376,1353.5202
2708.0000,5.8046,6.0561,1354.0061
2709.0000,6.0458,8.4236,1354.5084
2710.0000,10.6031,11.0759,1355.0111
2711.0000,16.7423,18.4115,1355.5184
2712.0000,13.9946,15.2671,1356.0153
2713.0000,13.5680,15.4297,1356.5154
2714.0000,17.6373,19.8836,1357.0199
2715.0000,17.1562,19.1061,1357.5191
2716.0000,14.8860,17.1633,1358.0172
2717.0000,18.4238,20.9417,1358.5209
2718.0000,18.1868,20.7837,1359.0208
2719.0000,17.7396,19.7470,1359.5197
2720.0000,10.9526,12.9971,1360.0130
2721.0000,11.8585,14.2559,1360.5143
2722.0000,17.8659,21.6191,1361.0216
2723.0000,17.5247,19.8391,1361.5198
2724.0000,37.4338,37.7756,1362.0378
2725.0000,15.7867,18.0249,1362.5180
2726.0000,17.9220,20.2956,1363.0203
2727.0000,17.9321,19.5911,1363.5196
2728.0000,14.9126,17.4891,1364.0175
2729.0000,17.8541,19.9983,1364.5200
2730.0000,17.4316,19.2846,1365.0193
2731.0000,18.4500,20.9921,1365.5210
2732.0000,40.7978,43.0132,1366.0430
2733.0000,33.4145,34.3044,1366.5343
2734.0000,43.9952,48.4287,1367.0484
2735.0000,42.6443,43.6026,1367.5436
2736.0000,38.2856,39.3989,1368.0394
2737.0000,42.4484,43.3760,1368.5434
2738.0000,37.0909,38.4811,1369.0385
2739.0000,43.5209,44.4960,1369.5445
2740.0000,36.7781,39.0525,1370.0391
2741.0000,43.0071,43.8040,1370.5438
2742.0000,36.2016,37.0928,1371.0371
2743.0000,42.0363,43.8103,1371.5438
2744.0000,38.1723,39.1743,1372.0392
2745.0000,42.5187,43.4473,1372.5435
2746.0000,39.8241,43.3183,1373.0433
2747.0000,33.3308,34.1422,1373.5341
2748.0000,29.4199,31.9280,1374.0319
2749.0000,5.4371,6.9537,1374.5070
2750.0000,14.6820,17.2469,1375.0173
2751.0000,17.8469,19.9686,1375.5200
2752.0000,14.7829,17.4496,1376.0175
2753.0000,17.9315,20.0367,1376.5200
2754.0000,17.8354,19.9145,1377.0199
2755.0000,17.8594,19.7697,1377.5198
2756.0000,15.1363,17.2339,1378.0172
2757.0000,17.9211,20.3713,1378.5204
2758.0000,17.7326,19.7915,1379.0198
2759.0000,17.6489,19.6929,1379.5197
2760.0000,15.0173,17.1793,1380.0172
2761.0000,17.8146,19.8878,1380.5199
2762.0000,17.8632,20.0223,1381.0200
2763.0000,17.7845,20.1732,1381.5202
2764.0000,17.7043,18.8074,1382.0188
2765.0000,17.8847,19.8984,1382.5199
2766.0000,18.5457,22.5108,1383.0225
2767.0000,17.3752,19.7247,1383.5197
2768.0000,14.9806,19.2401,1384.0192
2769.0000,16.4773,18.1799,1384.5182
2770.0000,18.4979,22.2515,1385.0223
2771.0000,17.7027,20.2068,1385.5202
2772.0000,13.4164,15.5855,1386.0156
2773.0000,12.6421,14.8001,1386.5148
2774.0000,17.6755,19.6729,1387.0197
2775.0000,18.1252,18.5141,1387.5185
2776.0000,15.0021,17.4736,1388.0175
2777.0000,17.7918,20.1587,1388.5202
2778.0000,18.3099,22.6194,1389.0226
2779.0000,17.6413,19.6949,1389.5197
2780.0000,14.7845,17.3336,1390.0173
2781.0000,17.8586,19.9094,1390.5199
2782.0000,18.2169,22.0423,1391.0220
2783.0000,16.8998,18.5760,1391.5186
2784.0000,14.8780,17.6197,1392.0176
2785.0000,17.9846,20.3141,1392.5203
2786.0000,18.0311,18.8709,1393.0189
2787.0000,17.6561,20.0114,1393.5200
2788.0000,13.4306,15.6754,1394.0157
2789.0000,4.9132,6.0379,1394.5060
2790.0000,14.0936,16.1920,1395.0162
2791.0000,17.7991,19.7786,1395.5198
2792.0000,8.6829,10.1327,1396.0101
2793.0000,11.2306,13.4604,1396.5135
2794.0000,17.8363,19.9408,1397.0199
2795.0000,17.9489,19.9564,1397.5200
2796.0000,15.0190,19.2622,1398.0193
2797.0000,17.8665,19.9865,1398.5200
2798.0000,17.4748,21.4614,1399.0215
2799.0000,15.2349,17.2681,1399.5173
2800.0000,15.1244,19.0870,1400.0191
2801.0000,17.7600,19.8043,1400.5198
2802.0000,18.0744,20.4011,1401.0204
2803.0000,16.0821,16.5252,1401.5167
2804.0000,14.7183,17.3352,1402.0173
2805.0000,47.2539,47.5334,1402.5476
2806.0000,44.6833,46.8087,1403.0468
2807.0000,43.2141,44.0754,1403.5441
2808.0000,37.6461,39.5688,1404.0396
2809.0000,42.3193,43.1833,1404.5432
2810.0000,33.1497,34.0402,1405.0340
2811.0000,41.5062,42.3748,1405.5424
2812.0000,38.7419,40.4700,1406.0405
2813.0000,38.4378,39.2784,1406.5393
2814.0000,40.1169,41.0937,1407.0411
2815.0000,43.0887,45.3693,1407.5454
2816.0000,34.4652,37.5715,1408.0376
2817.0000,49.0717,49.8816,1408.5499
2818.0000,45.5341,46.5143,1409.0465
2819.0000,43.3067,44.2789,1409.5443
2820.0000,36.2496,38.9324,1410.0389
2821.0000,42.6151,43.3913,1410.5434
2822.0000,39.0306,41.5997,1411.0416
2823.0000,44.1474,45.0215,1411.5450
2824.0000,34.7583,36.3655,1412.0364
2825.0000,18.1165,21.2513,1412.5213
2826.0000,17.6447,20.5112,1413.0205
2827.0000,17.7036,19.8605,1413.5199
2828.0000,14.7543,17.4189,1414.0174
2829.0000,17.7171,19.7434,1414.5197
2830.0000,18.3386,22.6053,1415.0226
2831.0000,17.7243,19.8797,1415.5199
2832.0000,14.8879,17.5689,1416.0176
2833.0000,18.0357,20.4904,1416.5205
2834.0000,18.4793,22.4377,1417.0224
2835.0000,17.5382,19.5571,1417.5196
2836.0000,14.9321,17.2550,1418.0173
2837.0000,18.4167,21.4160,1418.5214
2838.0000,18.3726,22.2884,1419.0223
2839.0000,13.5478,14.8375,1419.5148
2840.0000,15.0935,18.9845,1420.0190
2841.0000,17.9286,19.5334,1420.5195
2842.0000,18.3645,22.1973,1421.0222
2843.0000,17.6044,19.7720,1421.5198
2844.0000,14.7859,17.6044,1422.0176
2845.0000,17.8417,20.2637,1422.5203
2846.0000,18.0144,20.4181,1423.0204
2847.0000,17.7499,20.0749,1423.5201
2848.0000,17.0708,17.8928,1424.0179
2849.0000,17.7979,19.8607,1424.5199
2850.0000,44.5059,47.9221,1425.0479
2851.0000,42.8454,43.7278,1425.5437
2852.0000,37.5614,40.0520,1426.0401
2853.0000,42.5589,43.5142,1426.5435
2854.0000,16.9932,19.9817,1427.0200
2855.0000,17.7540,19.8764,1427.5199
2856.0000,14.7593,17.4446,1428.0174
2857.0000,17.7368,19.7686,1428.5198
2858.0000,18.0558,20.2811,1429.0203
2859.0000,17.5906,19.5950,1429.5196
2860.0000,14.8032,17.3015,1430.0173
2861.0000,17.6467,20.3590,1430.5204
2862.0000,18.2986,22.1588,1431.0222
2863.0000,17.2637,19.4771,1431.5195
2864.0000,15.0319,17.0953,1432.0171
2865.0000,17.8531,19.9398,1432.5199
2866.0000,17.9180,20.3718,1433.0204
2867.0000,17.9665,20.3758,1433.5204
2868.0000,13.5537,17.5032,1434.0175
2869.0000,18.0264,20.1232,1434.5201
2870.0000,17.8741,20.5097,1435.0205
2871.0000,17.5167,19.5154,1435.5195
2872.0000,14.9393,17.3221,1436.0173
2873.0000,17.8917,20.5252,1436.5206
2874.0000,17.8932,20.8874,1437.0209
2875.0000,17.7580,20.0978,1437.5201
2876.0000,13.4499,15.6094,1438.0156
2877.0000,12.5135,14.6243,1438.5146
2878.0000,18.1822,21.9504,1439.0220
2879.0000,17.3015,19.5020,1439.5195
2880.0000,14.7113,17.2800,1440.0173
2881.0000,7.6494,8.3894,1440.5084
2882.0000,14.7694,17.7259,1441.0177
2883.0000,17.5868,19.2729,1441.5193
2884.0000,14.9644,18.8617,1442.0190
2885.0000,17.7251,20.0272,1442.5200
2886.0000,17.8458,22.1289,1443.0221
2887.0000,17.2761,19.6322,1443.5196
2888.0000,14.9105,17.3486,1444.0173
2889.0000,17.4769,19.5159,1444.5195
2890.0000,17.6673,19.7612,1445.0198
2891.0000,17.5229,19.8951,1445.5199
2892.0000,15.0183,19.2123,1446.0192
2893.0000,17.1126,19.5627,1446.5196
2894.0000,17.9388,20.2358,1447.0202
2895.0000,18.1908,18.5219,1447.5185
2896.0000,15.0580,17.2268,1448.0172
2897.0000,17.8049,19.8402,1448.5198
2898.0000,18.2422,20.7936,1449.0208
2899.0000,17.7732,20.1566,1449.5202
2900.0000,13.2644,15.7636,1450.0158
2901.0000,12.4881,14.8304,1450.5148
2902.0000,18.3533,20.9545,1451.0210
2903.0000,18.1624,21.2609,1451.5213
2904.0000,48.6414,53.7031,1452.0537
2905.0000,48.4778,49.5089,1452.5495
2906.0000,45.0849,48.1143,1453.0481
2907.0000,42.7430,43.6709,1453.5437
2908.0000,38.4521,39.6037,1454.0396
2909.0000,36.1431,36.9279,1454.5369
2910.0000,43.7819,45.6976,1455.0457
2911.0000,47.0093,47.9216,1455.5479
2912.0000,33.0314,35.4937,1456.0355
2913.0000,17.7659,20.1458,1456.5201
2914.0000,18.4415,22.6751,1457.0227
2915.0000,17.5208,19.4716,1457.5195
2916.0000,14.9417,19.1670,1458.0192
2917.0000,18.1727,18.8085,1458.5188
2918.0000,45.9840,47.5169,1459.0475
2919.0000,42.1629,42.9467,1459.5430
2920.0000,37.9767,40.6667,1460.0407
2921.0000,39.1889,40.0326,1460.5400
2922.0000,41.5314,43.3427,1461.0433
2923.0000,44.0753,44.8878,1461.5449
2924.0000,33.6587,35.9488,1462.0360
2925.0000,50.0641,50.8709,1462.5509
2926.0000,44.5848,45.4582,1463.0455
2927.0000,11.3998,11.7427,1463.5117
2928.0000,16.7969,17.9348,1464.0179
2929.0000,7.5052,8.4911,1464.5085
2930.0000,15.4634,18.7944,1465.0188
2931.0000,17.9768,19.9731,1465.5200
2932.0000,14.6432,16.0702,1466.0161
2933.0000,11.9751,13.8616,1466.5139
2934.0000,17.9188,19.9575,1467.0200
2935.0000,17.8999,19.7655,1467.5198
2936.0000,14.9993,18.9166,1468.0189
2937.0000,18.0597,20.2539,1468.5203
2938.0000,17.7383,20.2644,1469.0203
2939.0000,17.5142,19.5589,1469.5196
2940.0000,14.9811,17.2537,1470.0173
2941.0000,17.8730,19.9169,1470.5199
2942.0000,17.7468,19.9065,1471.0199
2943.0000,38.0253,39.0157,1471.5390
2944.0000,40.2033,42.6446,1472.0426
2945.0000,33.0370,33.8903,1472.5339
2946.0000,44.6535,47.4410,1473.0474
2947.0000,43.4921,44.3623,1473.5444
2948.0000,36.7644,37.7605,1474.0378
2949.0000,18.0101,20.2175,1474.5202
2950.0000,18.1920,22.3642,1475.0224
2951.0000,17.5365,20.0262,1475.5200
2952.0000,13.4721,16.2569,1476.0163
2953.0000,12.5072,14.7479,1476.5147
2954.0000,17.9444,20.5318,1477.0207
2955.0000,17.8943,20.0530,1477.5201
2956.0000,13.3611,15.4863,1478.0155
2957.0000,12.5557,15.0728,1478.5151
2958.0000,18.4506,22.6603,1479.0227
2959.0000,17.9677,20.8863,1479.5209
2960.0000,49.4788,53.7679,1480.0538
2961.0000,16.6937,18.2282,1480.5182
2962.0000,42.6916,47.8299,1481.0478
2963.0000,42.9868,43.8666,1481.5439
2964.0000,43.2156,47.6666,1482.0477
2965.0000,31.3237,33.6528,1482.5337
2966.0000,45.6053,46.4523,1483.0465
2967.0000,42.5581,43.3031,1483.5433
2968.0000,37.9527,39.0477,1484.0391
2969.0000,42.3356,43.1938,1484.5432
2970.0000,41.7016,45.5305,1485.0455
2971.0000,43.8535,44.6524,1485.5447
2972.0000,35.7326,38.4115,1486.0384
2973.0000,44.7816,45.6050,1486.5456
2974.0000,44.7885,47.3070,1487.0473
2975.0000,42.1867,43.4541,1487.5435
2976.0000,38.5732,40.8773,1488.0409
2977.0000,40.6582,42.7852,1488.5428
2978.0000,40.1414,42.4362,1489.0424
2979.0000,43.2356,44.0915,1489.5441
2980.0000,36.9680,39.6320,1490.0396
2981.0000,43.4063,44.2700,1490.5443
2982.0000,38.1885,39.8226,1491.0398
2983.0000,17.7169,20.9851,1491.5210
2984.0000,46.8477,50.6246,1492.0506
2985.0000,49.9197,51.8010,1492.5518
2986.0000,43.3933,45.2485,1493.0453
2987.0000,41.6789,42.1438,1493.5421
2988.0000,37.3851,41.3952,1494.0414
2989.0000,18.0133,20.1639,1494.5202
2990.0000,17.9086,20.3222,1495.0203
2991.0000,17.9354,20.1848,1495.5202
2992.0000,13.3188,15.9736,1496.0160
2993.0000,12.5218,14.8521,1496.5149
2994.0000,17.7295,20.3550,1497.0204
2995.0000,17.7440,19.8288,1497.5198
2996.0000,14.8978,18.7949,1498.0188
2997.0000,17.7203,20.2063,1498.5202
2998.0000,18.5428,22.1081,1499.0221
2999.0000,17.4619,19.5802,1499.5196
3000.0000,14.8662,17.2312,1500.0172
3001.0000,17.9894,20.0549,1500.5201
3002.0000,17.7716,20.1126,1501.0201
3003.0000,17.6899,19.7148,1501.5197
3004.0000,14.6814,17.2384,1502.0172
3005.0000,17.7144,20.2071,1502.5202
3006.0000,17.9196,20.3937,1503.0204
3007.0000,17.7042,20.2042,1503.5202
3008.0000,13.2994,15.5191,1504.0155
3009.0000,12.0374,14.0559,1504.5141
3010.0000,18.0590,20.3379,1505.0203
3011.0000,17.8304,20.0962,1505.5201
3012.0000,15.2828,16.9700,1506.0170
3013.0000,17.9668,19.9807,1506.5200
3014.0000,18.5180,22.2035,1507.0222
3015.0000,17.7982,19.6664,1507.5197
3016.0000,14.7833,17.5948,1508.0176
3017.0000,17.9862,20.3114,1508.5203
3018.0000,17.9860,20.3887,1509.0204
3019.0000,18.1664,19.0305,1509.5190
3020.0000,14.8496,17.2540,1510.0173
3021.0000,15.8622,17.4827,1510.5175
3022.0000,17.7002,19.7275,1511.0197
3023.0000,17.8749,20.1393,1511.5201
3024.0000,13.1294,15.5629,1512.0156
3025.0000,12.5580,15.1478,1512.5151
3026.0000,17.7867,20.0961,1513.0201
3027.0000,18.0241,20.1547,1513.5202
3028.0000,13.2353,15.7196,1514.0157
3029.0000,8.0690,10.0466,1514.5100
3030.0000,14.1896,16.6530,1515.0167
3031.0000,18.1160,21.0142,1515.5210
3032.0000,49.6690,53.7408,1516.0537
3033.0000,49.3520,50.1634,1516.5502
3034.0000,43.9566,48.2980,1517.0483
3035.0000,42.6655,43.1529,1517.5432
3036.0000,42.6301,46.8730,1518.0469
3037.0000,32.1254,33.0387,1518.5330
3038.0000,46.6610,47.5851,1519.0476
3039.0000,43.5166,44.4815,1519.5445
3040.0000,39.3623,44.4431,1520.0444
3041.0000,17.8958,20.0352,1520.5200
3042.0000,18.1720,22.4122,1521.0224
3043.0000,17.5470,19.9820,1521.5200
3044.0000,13.3707,15.5424,1522.0155
3045.0000,12.5969,14.8712,1522.5149
3046.0000,18.0832,22.3492,1523.0224
3047.0000,17.4688,19.7970,1523.5198
3048.0000,15.0759,17.1971,1524.0172
3049.0000,17.7524,19.7917,1524.5198
3050.0000,18.3738,22.5762,1525.0226
3051.0000,17.6658,20.0120,1525.5200
3052.0000,13.1452,15.2171,1526.0152
3053.0000,12.6124,15.0600,1526.5151
3054.0000,18.1221,22.3909,1527.0224
3055.0000,17.6299,19.8662,1527.5199
3056.0000,14.9421,19.1817,1528.0192
3057.0000,17.9792,20.3571,1528.5204
3058.0000,17.8736,20.1172,1529.0201
3059.0000,17.6474,19.9578,1529.5200
3060.0000,14.9492,19.2346,1530.0192
3061.0000,17.8539,20.0714,1530.5201
3062.0000,17.6189,19.7208,1531.0197
3063.0000,17.7764,20.2175,1531.5202
3064.0000,13.4985,17.7433,1532.0177
3065.0000,17.7887,20.3553,1532.5204
3066.0000,18.2528,22.1973,1533.0222
3067.0000,17.3978,19.4573,1533.5195
3068.0000,15.0613,19.0192,1534.0190
3069.0000,17.9699,19.9906,1534.5200
3070.0000,17.9017,20.3962,1535.0204
3071.0000,17.8019,20.2913,1535.5203
3072.0000,13.3155,15.4081,1536.0154
3073.0000,12.5285,14.9806,1536.5150
3074.0000,17.9252,19.9213,1537.0199
3075.0000,18.0008,18.3113,1537.5183
3076.0000,14.8133,18.8973,1538.0189
3077.0000,18.0125,20.4118,1538.5204
3078.0000,18.3142,22.5645,1539.0226
3079.0000,17.5373,19.7750,1539.5198
3080.0000,14.8843,19.1137,1540.0191
3081.0000,17.8008,19.7824,1540.5198
3082.0000,18.2527,22.1908,1541.0222
3083.0000,17.6651,19.1616,1541.5192
3084.0000,14.8906,19.1148,1542.0191
3085.0000,17.9958,20.2667,1542.5203
3086.0000,17.8357,20.2957,1543.0203
3087.0000,17.7794,20.0855,1543.5201
3088.0000,13.2059,15.1986,1544.0152
3089.0000,12.4429,14.7094,1544.5147
3090.0000,17.9481,20.7907,1545.0208
3091.0000,17.5631,20.0349,1545.5200
3092.0000,13.1581,15.7648,1546.0158
3093.0000,12.4138,14.5902,1546.5146
3094.0000,17.8907,20.4910,1547.0205
3095.0000,21.6636,21.9394,1547.5219
3096.0000,49.0381,53.4033,1548.0534
3097.0000,48.6048,50.8243,1548.5508
3098.0000,45.0293,47.1389,1549.0471
3099.0000,17.3981,19.9588,1549.5200
3100.0000,14.6749,17.3353,1550.0173
3101.0000,17.6024,19.7069,1550.5197
3102.0000,18.2897,22.0428,1551.0220
3103.0000,17.5138,19.9360,1551.5199
3104.0000,14.7201,17.2740,1552.0173
3105.0000,17.8783,20.2685,1552.5203
3106.0000,18.2431,22.2070,1553.0222
3107.0000,17.3057,19.3731,1553.5194
3108.0000,14.9484,19.2014,1554.0192
3109.0000,17.8182,19.9637,1554.5200
3110.0000,17.7301,19.9400,1555.0199
3111.0000,17.6696,19.9889,1555.5200
3112.0000,14.7625,17.5076,1556.0175
3113.0000,17.7110,20.1763,1556.5202
3114.0000,18.1200,22.0942,1557.0221
3115.0000,17.5876,19.8088,1557.5198
3116.0000,15.0780,18.9622,1558.0190
3117.0000,17.8543,20.2928,1558.5203
3118.0000,17.8946,20.1149,1559.0201
3119.0000,17.8077,19.9344,1559.5199
3120.0000,14.9915,18.9211,1560.0189
3121.0000,17.9138,19.3864,1560.5194
3122.0000,18.2800,22.1567,1561.0222
3123.0000,17.4472,19.7551,1561.5198
3124.0000,14.9375,18.8022,1562.0188
3125.0000,17.8572,20.1404,1562.5201
3126.0000,18.2340,22.1864,1563.0222
3127.0000,17.3941,19.7565,1563.5198
3128.0000,14.8093,17.4390,1564.0174
3129.0000,17.8320,19.8527,1564.5199
3130.0000,17.7136,20.0681,1565.0201
3131.0000,17.8003,20.0996,1565.5201
3132.0000,13.3921,15.8382,1566.0158
3133.0000,12.3584,14.1333,1566.5141
3134.0000,18.5341,22.2785,1567.0223
3135.0000,17.5881,19.4545,1567.5195
3136.0000,17.0727,17.7689,1568.0178
3137.0000,47.4143,49.7129,1568.5497
3138.0000,45.7345,46.6197,1569.0466
3139.0000,42.6967,43.5125,1569.5435
3140.0000,41.6901,45.2223,1570.0452
3141.0000,33.6874,34.5697,1570.5346
3142.0000,43.1114,48.0137,1571.0480
3143.0000,45.3250,47.6634,1571.5477
3144.0000,29.5191,31.3162,1572.0313
3145.0000,30.4055,32.3608,1572.5324
3146.0000,43.8549,48.1242,1573.0481
3147.0000,43.4774,44.3907,1573.5444
3148.0000,17.4722,20.3829,1574.0204
3149.0000,15.7051,17.7165,1574.5177
3150.0000,18.1831,19.0980,1575.0191
3151.0000,17.8640,19.9270,1575.5199
3152.0000,15.0831,19.0420,1576.0190
3153.0000,17.9171,19.9711,1576.5200
3154.0000,18.3164,22.2590,1577.0223
3155.0000,17.6005,19.4756,1577.5195
3156.0000,15.1276,19.0558,1578.0191
3157.0000,17.9219,20.1449,1578.5201
3158.0000,17.8190,20.3351,1579.0203
3159.0000,17.7387,19.7746,1579.5198
3160.0000,14.8780,17.4953,1580.0175
3161.0000,17.8519,19.8788,1580.5199
3162.0000,17.8511,20.3930,1581.0204
3163.0000,17.8170,20.1294,1581.5201
3164.0000,13.4107,16.0188,1582.0160
3165.0000,12.3043,14.3045,1582.5143
3166.0000,18.3351,22.4436,1583.0224
3167.0000,17.5780,20.0294,1583.5200
3168.0000,13.6602,17.4754,1584.0175
3169.0000,15.8082,17.7886,1584.5178
3170.0000,17.2840,19.0074,1585.0190
3171.0000,17.8010,20.0397,1585.5200
3172.0000,13.7196,17.7734,1586.0178
3173.0000,17.9667,19.9654,1586.5200
3174.0000,18.2667,22.5205,1587.0225
3175.0000,17.5302,19.9415,1587.5199
3176.0000,13.4955,17.7054,1588.0177
3177.0000,17.7933,20.2457,1588.5202
3178.0000,18.2235,22.4364,1589.0224
3179.0000,17.2324,19.3424,1589.5193
3180.0000,15.0286,17.1774,1590.0172
3181.0000,17.6639,19.6586,1590.5197
3182.0000,17.9990,20.2361,1591.0202
3183.0000,17.9003,20.2671,1591.5203
3184.0000,13.6169,17.8340,1592.0179
3185.0000,17.7678,19.9694,1592.5200
3186.0000,18.1819,22.1390,1593.0221
3187.0000,17.6626,20.0116,1593.5200
3188.0000,13.6342,17.8591,1594.0179
3189.0000,17.8291,20.1510,1594.5202
3190.0000,17.8947,18.8158,1595.0188
3191.0000,17.7486,20.0398,1595.5200
3192.0000,13.5339,17.7299,1596.0177
3193.0000,17.5015,19.5279,1596.5195
3194.0000,18.0069,20.2823,1597.0203
3195.0000,17.8787,20.0320,1597.5200
3196.0000,13.5777,17.7998,1598.0178
3197.0000,17.9150,20.2060,1598.5202
3198.0000,18.5379,22.4981,1599.0225
3199.0000,17.7168,19.8095,1599.5198
3200.0000,15.0060,18.9615,1600.0190
3201.0000,18.0166,18.5217,1600.5185
3202.0000,17.9170,20.3424,1601.0203
3203.0000,17.9795,20.3793,1601.5204
3204.0000,13.2942,15.5676,1602.0156
3205.0000,12.5711,14.6226,1602.5146
3206.0000,17.9451,20.0014,1603.0200
3207.0000,17.7201,20.0533,1603.5201
3208.0000,13.3367,16.7419,1604.0168
3209.0000,17.6441,19.6341,1604.5196
3210.0000,17.6749,20.2409,1605.0202
3211.0000,17.9016,20.0498,1605.5201
3212.0000,13.3003,15.9705,1606.0160
3213.0000,12.3890,14.6895,1606.5147
3214.0000,18.1970,20.8312,1607.0208
3215.0000,17.7919,20.1808,1607.5202
3216.0000,13.4545,16.1046,1608.0161
3217.0000,12.4737,14.7480,1608.5148
3218.0000,18.3292,21.2430,1609.0212
3219.0000,17.7936,19.8456,1609.5198
3220.0000,15.0564,18.8055,1610.0188
3221.0000,17.4714,18.8691,1610.5189
3222.0000,17.9956,20.0676,1611.0201
3223.0000,17.9485,20.3234,1611.5203
3224.0000,13.2741,15.7879,1612.0158
3225.0000,12.3754,14.4834,1612.5145
3226.0000,18.1895,22.3931,1613.0224
3227.0000,17.6501,20.0817,1613.5201
3228.0000,13.5749,17.7883,1614.0178
3229.0000,15.9879,18.0744,1614.5181
3230.0000,18.0842,19.0261,1615.0190
3231.0000,17.8160,20.2073,1615.5202
3232.0000,12.3718,14.3569,1616.0144
3233.0000,13.7049,15.9701,1616.5160
3234.0000,17.8871,20.4448,1617.0204
3235.0000,18.0153,20.1053,1617.5201
3236.0000,13.4701,15.6377,1618.0156
3237.0000,12.5964,14.8519,1618.5149
3238.0000,18.4026,22.1783,1619.0222
3239.0000,17.5948,19.6403,1619.5196
3240.0000,14.9178,17.5864,1620.0176
3241.0000,17.6865,18.3559,1620.5184
3242.0000,17.9272,20.0498,1621.0201
3243.0000,17.6346,19.7387,1621.5197
3244.0000,14.9076,17.3212,1622.0173
3245.0000,17.7837,20.2073,1622.5202
3246.0000,42.6249,44.4127,1623.0444
3247.0000,42.9173,43.6327,1623.5436
3248.0000,37.7969,40.2726,1624.0405
3249.0000,39.4233,40.3292,1624.5403
3250.0000,38.3846,39.1186,1625.0391
3251.0000,41.4911,42.2233,1625.5422
3252.0000,39.3011,40.3035,1626.0403
3253.0000,40.3601,42.4104,1626.5424
3254.0000,41.6815,46.7208,1627.0467
3255.0000,42.1278,44.7290,1627.5447
3256.0000,39.4677,44.4830,1628.0445
3257.0000,34.6636,36.9502,1628.5370
3258.0000,42.4856,43.4884,1629.0435
3259.0000,42.7996,43.5925,1629.5436
3260.0000,38.2610,39.3053,1630.0393
3261.0000,41.3002,43.2557,1630.5433
3262.0000,32.2168,33.3514,1631.0334
3263.0000,42.0048,44.1346,1631.5441
3264.0000,35.3902,36.5298,1632.0366
3265.0000,48.6860,49.4930,1632.5495
3266.0000,49.8291,51.4651,1633.0515
3267.0000,17.9917,21.0286,1633.5210
3268.0000,16.0048,18.4226,1634.0184
3269.0000,47.2272,50.7564,1634.5508
3270.0000,44.5029,45.4099,1635.0454
3271.0000,45.7354,48.3121,1635.5483
3272.0000,29.2508,32.5298,1636.0342
3273.0000,17.7910,20.1891,1636.5202
3274.0000,17.7992,20.1873,1637.0202
3275.0000,17.7759,20.1105,1637.5201
3276.0000,13.2227,15.8799,1638.0159
3277.0000,12.3738,14.5741,1638.5146
3278.0000,17.5939,19.9593,1639.0200
3279.0000,17.5316,19.5415,1639.5195
3280.0000,14.8828,17.2653,1640.0173
3281.0000,17.8360,19.8371,1640.5198
3282.0000,17.5852,20.0855,1641.0201
3283.0000,17.6759,19.9722,1641.5200
3284.0000,15.0705,18.7332,1642.0187
3285.0000,17.8217,20.4213,1642.5204
3286.0000,18.4394,22.2942,1643.0223
3287.0000,17.5482,19.9147,1643.5199
3288.0000,14.7283,17.5608,1644.0176
3289.0000,17.7593,19.7976,1644.5198
3290.0000,18.0307,22.2604,1645.0223
3291.0000,17.4975,19.6945,1645.5197
3292.0000,14.7920,17.2845,1646.0173
3293.0000,17.9467,20.2423,1646.5202
3294.0000,37.8405,38.2428,1647.0382
3295.0000,42.0353,44.2018,1647.5442
3296.0000,35.6940,37.7390,1648.0377
3297.0000,48.0865,49.8664,1648.5499
3298.0000,44.6014,46.5858,1649.0466
3299.0000,43.7008,44.4865,1649.5445
3300.0000,35.5019,38.0869,1650.0381
3301.0000,46.2060,47.0002,1650.5470
3302.0000,46.0061,47.7122,1651.0477
3303.0000,42.6600,43.5080,1651.5435
3304.0000,37.2575,39.3986,1652.0394
3305.0000,42.4531,43.3066,1652.5433
3306.0000,37.9111,39.8284,1653.0398
3307.0000,42.2588,43.1173,1653.5431
3308.0000,37.5653,40.0541,1654.0401
3309.0000,43.0735,43.9647,1654.5440
3310.0000,37.2202,38.1305,1655.0381
3311.0000,42.9369,45.0423,1655.5450
3312.0000,36.8478,37.7520,1656.0378
3313.0000,17.8367,20.1706,1656.5202
3314.0000,18.2959,20.7153,1657.0207
3315.0000,17.9503,20.1487,1657.5202
3316.0000,13.2065,15.7523,1658.0158
3317.0000,12.3989,14.5602,1658.5146
3318.0000,17.8489,20.4442,1659.0204
3319.0000,17.5701,19.6666,1659.5197
3320.0000,13.3914,15.7494,1660.0158
3321.0000,12.3316,14.3625,1660.5144
3322.0000,18.4282,22.3796,1661.0224
3323.0000,17.5408,20.0412,1661.5200
3324.0000,13.6616,17.8780,1662.0179
3325.0000,17.9333,20.0599,1662.5201
3326.0000,17.9042,20.2436,1663.0202
3327.0000,17.6733,20.0727,1663.5201
3328.0000,13.0547,15.1536,1664.0152
3329.0000,8.0115,10.0947,1664.5101
3330.0000,14.0522,16.1656,1665.0162
3331.0000,17.7341,19.7687,1665.5198
3332.0000,15.1235,17.9630,1666.0180
3333.0000,17.8759,19.9499,1666.5200
3334.0000,17.6033,20.3086,1667.0203
3335.0000,17.8072,20.1295,1667.5201
3336.0000,13.2588,15.4822,1668.0155
3337.0000,12.4629,14.6814,1668.5147
3338.0000,17.9204,20.1499,1669.0202
3339.0000,17.4775,19.5340,1669.5195
3340.0000,14.7201,17.3723,1670.0174
3341.0000,17.6697,19.9235,1670.5199
3342.0000,18.1430,21.9919,1671.0220
3343.0000,17.5007,20.3681,1671.5204
3344.0000,13.2291,15.8802,1672.0159
3345.0000,11.8223,14.1803,1672.5142
3346.0000,18.2599,22.2172,1673.0222
3347.0000,17.7817,19.9169,1673.5199
3348.0000,15.3046,16.9558,1674.0170
3349.0000,17.9678,20.0235,1674.5200
3350.0000,18.3802,22.3238,1675.0223
3351.0000,17.2223,19.3568,1675.5194
3352.0000,15.0111,18.8509,1676.0189
3353.0000,17.9303,20.4289,1676.5204
3354.0000,18.5582,22.7492,1677.0228
3355.0000,17.3827,19.5406,1677.5195
3356.0000,14.9094,17.5951,1678.0176
3357.0000,17.7362,19.7905,1678.5198
3358.0000,17.7596,20.1864,1679.0202
3359.0000,17.8261,19.9020,1679.5199
3360.0000,14.8847,17.4000,1680.0174
3361.0000,16.9670,18.5974,1680.5186
3362.0000,18.2976,20.8805,1681.0209
3363.0000,17.7755,20.2390,1681.5202
3364.0000,13.2401,15.8728,1682.0159
3365.0000,12.4151,14.9191,1682.5149
3366.0000,17.8723,20.4952,1683.0205
3367.0000,17.8182,20.0633,1683.5201
3368.0000,17.0930,17.6170,1684.0176
3369.0000,17.7772,19.7694,1684.5198
3370.0000,18.0332,20.0501,1685.0201
3371.0000,17.9571,19.9820,1685.5200
3372.0000,16.9825,17.8406,1686.0178
3373.0000,48.4322,50.7385,1686.5507
3374.0000,44.1326,48.0206,1687.0480
3375.0000,44.4215,45.3633,1687.5454
3376.0000,35.2166,37.8464,1688.0378
3377.0000,48.8726,49.7890,1688.5498
3378.0000,46.3415,47.3525,1689.0474
3379.0000,43.0915,43.9314,1689.5439
3380.0000,37.4649,39.8461,1690.0398
3381.0000,42.4706,43.4707,1690.5435
3382.0000,37.8522,39.6479,1691.0397
3383.0000,40.9898,41.8576,1691.5419
3384.0000,48.9286,53.2432,1692.0532
3385.0000,44.5211,46.3238,1692.5463
3386.0000,44.0484,48.4063,1693.0484
3387.0000,41.6371,43.5158,1693.5435
3388.0000,42.8251,47.9494,1694.0480
3389.0000,30.4699,31.2489,1694.5313
3390.0000,44.3185,48.6751,1695.0487
3391.0000,45.8766,46.6745,1695.5467
3392.0000,33.9441,35.0292,1696.0350
3393.0000,15.6263,18.0777,1696.5181
3394.0000,17.8769,20.5266,1697.0207
3395.0000,17.7335,20.0765,1697.5201
3396.0000,13.7346,17.6865,1698.0177
3397.0000,18.0482,20.0847,1698.5201
3398.0000,17.8461,20.2040,1699.0202
3399.0000,17.8583,20.0616,1699.5201
3400.0000,13.4614,15.9044,1700.0159
3401.0000,12.5106,14.7667,1700.5148
3402.0000,17.9134,20.0080,1701.0200
3403.0000,17.9215,20.3336,1701.5203
3404.0000,13.3265,15.5205,1702.0155
3405.0000,12.6356,14.9908,1702.5150
3406.0000,18.4112,22.0165,1703.0220
3407.0000,17.5899,20.0520,1703.5201
3408.0000,13.5785,17.8243,1704.0178
3409.0000,17.7886,19.8045,1704.5198
3410.0000,17.8475,20.2374,1705.0202
3411.0000,17.9011,20.4041,1705.5204
3412.0000,13.4472,15.5927,1706.0156
3413.0000,12.5190,14.9083,1706.5149
3414.0000,18.3696,22.6301,1707.0226
3415.0000,17.1546,19.3779,1707.5194
3416.0000,14.9515,19.1586,1708.0192
3417.0000,17.8944,20.2885,1708.5203
3418.0000,17.8894,20.3479,1709.0204
3419.0000,17.6043,19.7938,1709.5198
3420.0000,14.9096,19.1540,1710.0192
3421.0000,17.7608,19.9635,1710.5200
3422.0000,18.5513,21.5756,1711.0216
3423.0000,17.5821,19.7348,1711.5197
3424.0000,14.9578,19.1850,1712.0192
3425.0000,17.9699,20.0704,1712.5201
3426.0000,17.9295,20.1310,1713.0201
3427.0000,17.8877,20.3702,1713.5204
3428.0000,13.7447,17.7026,1714.0177
3429.0000,17.6494,19.7203,1714.5197
3430.0000,18.0681,20.2527,1715.0203
3431.0000,17.6849,19.8879,1715.5199
3432.0000,15.0243,19.1859,1716.0192
3433.0000,17.9068,20.0789,1716.5201
3434.0000,18.3351,22.4397,1717.0224
3435.0000,17.5248,19.7231,1717.5197
3436.0000,14.9727,17.0934,1718.0171
3437.0000,17.7580,19.8364,1718.5198
3438.0000,18.3652,22.2025,1719.0222
3439.0000,17.9070,20.0522,1719.5201
3440.0000,13.4878,17.7174,1720.0177
3441.0000,17.6836,19.8564,1720.5199
3442.0000,18.3734,22.3488,1721.0224
3443.0000,17.4974,19.9069,1721.5199
3444.0000,15.0697,18.9327,1722.0189
3445.0000,17.9300,20.3879,1722.5204
3446.0000,18.0104,20.1738,1723.0202
3447.0000,18.1368,18.6244,1723.5186
3448.0000,15.0587,17.2391,1724.0172
3449.0000,17.7544,19.7719,1724.5198
3450.0000,17.8327,19.8886,1725.0199
3451.0000,17.7866,19.9958,1725.5200
3452.0000,13.0601,15.7687,1726.0158
3453.0000,12.4790,14.7289,1726.5147
3454.0000,17.7771,20.1794,1727.0202
3455.0000,17.6792,19.8017,1727.5198
3456.0000,14.9970,19.0447,1728.0190
3457.0000,17.7497,20.2414,1728.5202
3458.0000,17.8209,20.4436,1729.0204
3459.0000,17.5143,19.6657,1729.5197
3460.0000,14.8189,17.5108,1730.0175
3461.0000,17.8918,19.9263,1730.5199
3462.0000,17.9316,20.0461,1731.0200
3463.0000,17.7959,19.9739,1731.5200
3464.0000,14.7773,17.3511,1732.0174
3465.0000,17.7091,20.2062,1732.5202
3466.0000,17.8814,20.1829,1733.0202
3467.0000,18.0473,20.3580,1733.5204
3468.0000,13.3902,15.5737,1734.0156
3469.0000,12.3149,14.4299,1734.5144
3470.0000,18.4331,22.0128,1735.0220
3471.0000,17.1400,19.0640,1735.5191
3472.0000,12.1779,14.8272,1736.0148
3473.0000,8.4594,10.6591,1736.5107
3474.0000,12.2583,13.0696,1737.0131
3475.0000,17.8276,20.0371,1737.5200
3476.0000,13.5872,17.4909,1738.0175
3477.0000,46.7765,50.1249,1738.5501
3478.0000,45.9613,46.7736,1739.0468
3479.0000,42.1671,43.1643,1739.5432
3480.0000,37.2040,39.0904,1740.0391
3481.0000,17.7054,19.9732,1740.5200
3482.0000,17.7051,20.2727,1741.0203
3483.0000,18.0544,20.2198,1741.5202
3484.0000,13.2874,15.8608,1742.0159
3485.0000,12.5291,14.8015,1742.5148
3486.0000,17.9628,21.3672,1743.0214
3487.0000,17.5543,19.7646,1743.5198
3488.0000,14.9988,17.3540,1744.0174
3489.0000,17.7940,19.8356,1744.5198
3490.0000,17.8025,20.3945,1745.0204
3491.0000,17.6294,19.7905,1745.5198
3492.0000,15.2614,17.3351,1746.0173
3493.0000,17.9791,20.0795,1746.5201
3494.0000,17.7949,20.3291,1747.0203
3495.0000,17.7313,20.3520,1747.5204
3496.0000,17.0955,17.4742,1748.0175
3497.0000,48.6564,50.7680,1748.5508
3498.0000,44.2731,47.3619,1749.0474
3499.0000,43.0371,43.9331,1749.5439
3500.0000,36.6819,39.4351,1750.0394
3501.0000,42.1870,43.0603,1750.5431
3502.0000,40.9147,45.9169,1751.0459
3503.0000,42.7093,43.5135,1751.5435
3504.0000,41.8068,46.1620,1752.0462
3505.0000,31.0839,32.0784,1752.5321
3506.0000,43.0210,48.1377,1753.0481
3507.0000,42.0102,44.2024,1753.5442
3508.0000,39.7747,44.2730,1754.0443
3509.0000,37.8717,38.7569,1754.5388
3510.0000,42.5244,46.4954,1755.0465
3511.0000,44.9664,46.0213,1755.5460
3512.0000,37.8735,38.6473,1756.0387
3513.0000,45.3203,47.5962,1756.5476
3514.0000,45.9967,47.9902,1757.0480
3515.0000,43.4874,45.3946,1757.5454
3516.0000,34.1054,38.0459,1758.0380
3517.0000,39.2309,39.9958,1758.5400
3518.0000,32.1171,32.7371,1759.0327
3519.0000,42.4956,42.9950,1759.5430
3520.0000,39.1988,40.1829,1760.0402
3521.0000,38.9220,39.7885,1760.5398
3522.0000,42.9723,47.9643,1761.0480
3523.0000,41.9781,44.2496,1761.5443
3524.0000,40.0641,44.4830,1762.0445
3525.0000,33.4040,34.1931,1762.5342
3526.0000,44.6953,49.0597,1763.0491
3527.0000,42.3128,44.4353,1763.5444
3528.0000,37.0784,39.0535,1764.0391
3529.0000,42.6206,43.5201,1764.5435
3530.0000,25.5576,26.2484,1765.0263
3531.0000,43.8392,45.7306,1765.5457
3532.0000,34.0358,34.8600,1766.0349
3533.0000,33.0773,35.3128,1766.5353
3534.0000,17.9395,20.0321,1767.0200
3535.0000,18.0527,20.1795,1767.5202
3536.0000,13.5131,17.3284,1768.0173
3537.0000,17.9455,18.6362,1768.5186
3538.0000,17.7872,20.2195,1769.0202
3539.0000,17.9702,20.0254,1769.5200
3540.0000,13.6919,17.9259,1770.0179
3541.0000,17.9603,19.9515,1770.5200
3542.0000,17.9402,20.5237,1771.0205
3543.0000,18.0198,20.0835,1771.5201
3544.0000,13.6539,17.8238,1772.0178
3545.0000,17.9604,20.3959,1772.5204
3546.0000,18.4254,22.6650,1773.0227
3547.0000,17.5735,19.7183,1773.5197
3548.0000,13.5582,17.9267,1774.0179
3549.0000,8.4842,10.5505,1774.5106
3550.0000,13.7958,16.3945,1775.0164
3551.0000,17.9227,20.3102,1775.5203
3552.0000,13.2665,15.6931,1776.0157
3553.0000,12.6942,14.8482,1776.5148
3554.0000,18.3179,21.0408,1777.0210
3555.0000,17.8817,19.9391,1777.5199
3556.0000,14.9187,19.1453,1778.0191
3557.0000,17.9682,20.4498,1778.5205
3558.0000,18.2932,22.5411,1779.0225
3559.0000,17.5039,19.5882,1779.5196
3560.0000,23.8319,24.8803,1780.0249
3561.0000,32.1736,32.9758,1780.5330
3562.0000,44.8564,45.6387,1781.0456
3563.0000,43.6011,45.8073,1781.5458
3564.0000,35.3940,39.5076,1782.0395
3565.0000,42.2253,43.1347,1782.5431
3566.0000,35.0239,35.9447,1783.0360
3567.0000,41.6038,42.4737,1783.5425
3568.0000,38.5711,39.6464,1784.0397
3569.0000,42.6696,43.4171,1784.5434
3570.0000,40.8478,45.1211,1785.0451
3571.0000,43.4277,45.3408,1785.5453
3572.0000,34.7761,36.9875,1786.0370
3573.0000,49.0427,49.8525,1786.5499
3574.0000,46.0077,48.0517,1787.0481
3575.0000,42.0476,44.2337,1787.5442
3576.0000,39.7708,43.8150,1788.0438
3577.0000,37.9773,38.8708,1788.5389
3578.0000,43.6241,45.5279,1789.0455
3579.0000,43.8869,44.7326,1789.5447
3580.0000,35.9752,37.7056,1790.0377
3581.0000,17.8672,20.0010,1790.5200
3582.0000,17.7583,20.3400,1791.0203
3583.0000,17.7634,20.1594,1791.5202
3584.0000,13.5735,17.4326,1792.0174
3585.0000,9.5649,12.1259,1792.5121
3586.0000,12.6609,14.7277,1793.0147
3587.0000,42.8481,45.4086,1793.5454
3588.0000,36.6148,38.9957,1794.0390
3589.0000,42.1257,42.9244,1794.5429
3590.0000,41.7247,45.9183,1795.0459
3591.0000,42.4003,44.4371,1795.5444
3592.0000,35.9229,38.0204,1796.0380
3593.0000,45.4086,46.2892,1796.5463
3594.0000,45.6608,48.2148,1797.0482
3595.0000,42.5532,44.2497,1797.5443
3596.0000,35.1011,37.6187,1798.0376
3597.0000,47.4768,49.4579,1798.5495
3598.0000,43.9776,44.8751,1799.0449
3599.0000,43.1480,44.1513,1799.5442
3600.0000,35.5122,36.6404,1800.0366
3601.0000,16.5989,19.1828,1800.5192
3602.0000,17.8244,20.1642,1801.0202
3603.0000,17.6818,20.0544,1801.5201
3604.0000,12.9785,15.0146,1802.0150
3605.0000,12.3177,14.7132,1802.5147
3606.0000,17.7070,20.1064,1803.0201
3607.0000,18.2682,20.0282,1803.5200
3608.0000,13.4261,15.7610,1804.0158
3609.0000,12.2939,14.3221,1804.5143
3610.0000,18.0272,19.7800,1805.0198
3611.0000,17.7971,20.5284,1805.5208
3612.0000,48.6672,53.0467,1806.0531
3613.0000,44.7662,46.5823,1806.5466
3614.0000,44.5233,47.7549,1807.0478
3615.0000,41.6630,43.6609,1807.5437
3616.0000,38.8783,40.0605,1808.0401
3617.0000,42.4215,43.3865,1808.5434
3618.0000,37.1866,37.8622,1809.0379
3619.0000,39.2947,40.0595,1809.5401
3620.0000,40.1131,42.5468,1810.0426
3621.0000,17.8611,20.1440,1810.5201
3622.0000,18.2184,22.4583,1811.0225
3623.0000,17.4677,19.7971,1811.5198
3624.0000,15.1059,19.5918,1812.0196
3625.0000,17.8471,20.2012,1812.5202
3626.0000,18.1439,22.3849,1813.0224
3627.0000,17.6821,20.0668,1813.5201
3628.0000,5.3584,13.7931,1814.0138
3629.0000,5.6941,6.8459,1814.5068
3630.0000,7.1233,8.9326,1815.0089
3631.0000,17.9592,20.2336,1815.5202
3632.0000,37.8602,38.6427,1816.0387
3633.0000,41.8919,42.7494,1816.5428
3634.0000,36.1782,38.3145,1817.0383
3635.0000,41.5520,42.3183,1817.5423
3636.0000,39.4861,40.6100,1818.0406
3637.0000,40.9331,43.2810,1818.5433
3638.0000,16.8290,19.9038,1819.0199
3639.0000,17.6419,19.6848,1819.5197
3640.0000,14.1756,16.0294,1820.0160
3641.0000,13.5560,15.6125,1820.5156
3642.0000,17.6576,20.1510,1821.0202
3643.0000,17.6603,19.9674,1821.5200
3644.0000,14.9812,18.6390,1822.0186
3645.0000,46.0018,46.3670,1822.5464
3646.0000,46.2082,48.5055,1823.0485
3647.0000,43.6540,44.4744,1823.5445
3648.0000,33.5271,34.8086,1824.0348
3649.0000,17.7294,19.9970,1824.5200
3650.0000,17.6032,20.1618,1825.0202
3651.0000,17.9075,20.3204,1825.5203
3652.0000,13.2316,15.9420,1826.0159
3653.0000,12.3787,14.8823,1826.5149
3654.0000,17.7494,20.3488,1827.0204
3655.0000,17.9710,20.4569,1827.5205
3656.0000,49.3515,53.8156,1828.0538
3657.0000,48.8471,49.6638,1828.5497
3658.0000,42.0310,46.3391,1829.0463
3659.0000,42.8110,43.7528,1829.5438
3660.0000,43.2617,47.6104,1830.0477
3661.0000,16.1913,19.0028,1830.5190
3662.0000,18.4339,22.2577,1831.0223
3663.0000,17.5500,20.1000,1831.5201
3664.0000,13.2182,15.7739,1832.0158
3665.0000,12.7018,15.1271,1832.5151
3666.0000,17.7282,20.2528,1833.0203
3667.0000,17.6932,20.1889,1833.5202
3668.0000,13.4299,17.1261,1834.0171
3669.0000,18.0983,20.2050,1834.5202
3670.0000,17.7676,20.1726,1835.0202
3671.0000,17.7702,20.0141,1835.5200
3672.0000,13.1891,15.6971,1836.0157
3673.0000,12.4022,14.4954,1836.5145
3674.0000,17.9771,19.9023,1837.0199
3675.0000,17.8236,19.9509,1837.5200
3676.0000,14.9117,17.1313,1838.0171
3677.0000,17.7301,19.4916,1838.5195
3678.0000,18.1859,22.0448,1839.0220
3679.0000,10.7481,11.1754,1839.5112
3680.0000,15.8940,18.5709,1840.0186
3681.0000,17.9051,19.9893,1840.5200
3682.0000,17.6314,20.1078,1841.0201
3683.0000,18.0082,20.1902,1841.5202
3684.0000,13.2220,15.8154,1842.0158
3685.0000,12.5964,14.9741,1842.5150
3686.0000,17.9617,20.0657,1843.0201
3687.0000,18.1963,21.5312,1843.5215
3688.0000,47.0983,50.3652,1844.0504
3689.0000,48.9946,49.9217,1844.5499
3690.0000,18.6564,19.0568,1845.0191
3691.0000,17.9324,20.0500,1845.5201
3692.0000,13.3079,15.9401,1846.0159
3693.0000,12.3679,14.7395,1846.5147
3694.0000,18.5016,22.2113,1847.0222
3695.0000,17.4781,19.9626,1847.5200
3696.0000,13.2464,14.1846,1848.0142
3697.0000,12.5051,14.9692,1848.5150
3698.0000,18.5280,21.1020,1849.0211
3699.0000,17.5202,19.5682,1849.5196
3700.0000,15.3915,19.6173,1850.0196
3701.0000,17.7711,20.1714,1850.5202
3702.0000,17.7966,20.2072,1851.0202
3703.0000,17.7618,20.0478,1851.5201
3704.0000,13.4344,16.1274,1852.0161
3705.0000,12.4424,14.7805,1852.5148
3706.0000,17.9289,20.3008,1853.0203
3707.0000,17.8485,18.9652,1853.5190
3708.0000,14.7794,17.4229,1854.0174
3709.0000,17.8261,19.8929,1854.5199
3710.0000,17.8283,20.4144,1855.0204
3711.0000,17.9426,20.1677,1855.5202
3712.0000,13.2458,15.5200,1856.0155
3713.0000,12.2570,14.2374,1856.5142
3714.0000,15.7948,19.8390,1857.0198
3715.0000,17.9889,20.2803,1857.5203
3716.0000,13.4877,15.7619,1858.0158
3717.0000,4.6716,4.8666,1858.5049
3718.0000,4.7626,4.9726,1859.0050
3719.0000,7.9563,8.2740,1859.5083
3720.0000,17.8579,18.3777,1860.0184
3721.0000,18.9166,19.4430,1860.5194
3722.0000,19.1278,19.7554,1861.0198
3723.0000,19.3719,21.0605,1861.5211
3724.0000,16.7961,18.5852,1862.0186
3725.0000,18.2268,18.7339,1862.5187
3726.0000,18.9670,19.4885,1863.0195
3727.0000,19.1099,19.6352,1863.5196
3728.0000,15.7137,16.9386,1864.0169
3729.0000,14.4073,15.6763,1864.5157
3730.0000,7.0690,7.3764,1865.0074
3731.0000,7.7571,8.1328,1865.5081
3732.0000,16.2696,18.2536,1866.0183
3733.0000,17.9696,20.1656,1866.5202
3734.0000,17.9786,19.9929,1867.0200
3735.0000,18.1045,20.2140,1867.5202
3736.0000,17.0589,17.7230,1868.0177
3737.0000,17.9024,20.1878,1868.5202
3738.0000,45.3469,48.9472,1869.0490
3739.0000,42.6251,43.4154,1869.5434
3740.0000,43.1317,48.2144,1870.0482
3741.0000,30.9185,31.8955,1870.5319
3742.0000,8.2399,8.9869,1871.0090
3743.0000,7.1732,8.6874,1871.5087
3744.0000,16.1051,18.6435,1872.0186
3745.0000,17.8934,20.3552,1872.5204
3746.0000,18.3006,22.2509,1873.0223
3747.0000,17.4804,18.2386,1873.5182
3748.0000,35.9843,36.3433,1874.0363
3749.0000,49.2161,50.0227,1874.5500
3750.0000,43.7148,48.0806,1875.0481
3751.0000,43.2355,45.3796,1875.5454
3752.0000,35.2833,37.5443,1876.0375
3753.0000,48.6686,49.7542,1876.5498
3754.0000,39.1339,39.6462,1877.0397
3755.0000,41.6846,42.5384,1877.5425
3756.0000,38.5410,40.8875,1878.0409
3757.0000,40.3469,42.4418,1878.5424
3758.0000,37.0131,37.9435,1879.0379
3759.0000,18.0177,21.1955,1879.5212
3760.0000,40.4882,42.6666,1880.0427
3761.0000,32.9553,33.8803,1880.5339
3762.0000,18.0202,23.5995,1881.0236
3763.0000,17.7789,20.2181,1881.5202
3764.0000,13.6482,17.5951,1882.0176
3765.0000,17.9728,20.1311,1882.5201
3766.0000,18.2292,22.1956,1883.0222
3767.0000,17.5995,19.8706,1883.5199
3768.0000,15.0382,19.2687,1884.0193
3769.0000,17.8067,19.9633,1884.5200
3770.0000,18.3988,22.3545,1885.0224
3771.0000,17.3236,19.3795,1885.5194
3772.0000,15.0696,19.0189,1886.0190
3773.0000,17.9714,20.3141,1886.5203
3774.0000,17.8534,20.4156,1887.0204
3775.0000,17.9852,20.4401,1887.5204
3776.0000,13.3193,16.3871,1888.0164
3777.0000,12.6023,14.8524,1888.5149
3778.0000,17.8623,19.9037,1889.0199
3779.0000,17.7451,19.8905,1889.5199
3780.0000,14.8659,17.3344,1890.0173
3781.0000,17.7561,19.9539,1890.5200
3782.0000,17.9215,20.5224,1891.0205
3783.0000,18.0581,20.2891,1891.5203
3784.0000,13.4923,16.1902,1892.0162
3785.0000,12.6155,14.7667,1892.5148
3786.0000,18.3230,22.5259,1893.0225
3787.0000,17.6091,20.0681,1893.5201
3788.0000,13.7826,17.9000,1894.0179
3789.0000,17.7291,19.8095,1894.5198
3790.0000,18.2616,22.4848,1895.0225
3791.0000,17.6735,19.9071,1895.5199
3792.0000,14.8645,17.3528,1896.0174
3793.0000,17.8194,19.9945,1896.5200
3794.0000,17.8846,20.3576,1897.0204
3795.0000,17.5906,21.4562,1897.5215
3796.0000,16.1570,18.1780,1898.0182
3797.0000,46.8204,50.5409,1898.5505
3798.0000,44.4403,45.2855,1899.0453
3799.0000,43.5900,44.4110,1899.5444
3800.0000,35.8049,37.8154,1900.0378
3801.0000,39.0527,39.9741,1900.5400
3802.0000,38.6504,40.8742,1901.0409
3803.0000,43.9346,44.7179,1901.5447
3804.0000,17.4661,20.0084,1902.0200
3805.0000,47.7304,49.8822,1902.5499
3806.0000,46.7672,48.0310,1903.0480
3807.0000,42.9232,43.6957,1903.5437
3808.0000,37.5750,38.2801,1904.0383
3809.0000,36.4285,37.2156,1904.5372
3810.0000,43.0100,45.0592,1905.0451
3811.0000,43.0215,45.0454,1905.5451
3812.0000,33.7308,34.5565,1906.0346
3813.0000,47.8983,48.8284,1906.5488
3814.0000,44.7697,47.1799,1907.0472
3815.0000,43.3152,44.2143,1907.5442
3816.0000,36.5456,37.6965,1908.0377
3817.0000,48.1141,49.0134,1908.5490
3818.0000,45.0790,48.3565,1909.0484
3819.0000,42.7274,43.7067,1909.5437
3820.0000,38.3277,39.2596,1910.0393
3821.0000,27.9210,28.2797,1910.5283
3822.0000,15.9742,19.6946,1911.0197
3823.0000,17.6698,19.7626,1911.5198
3824.0000,14.9280,18.7982,1912.0188
3825.0000,18.1599,20.4096,1912.5204
3826.0000,17.7973,20.2849,1913.0203
3827.0000,17.7834,20.1735,1913.5202
3828.0000,13.1304,15.8429,1914.0158
3829.0000,12.1014,14.2103,1914.5142
3830.0000,18.1918,22.0779,1915.0221
3831.0000,17.2334,19.3184,1915.5193
3832.0000,14.8080,17.2575,1916.0173
3833.0000,17.6073,19.9453,1916.5199
3834.0000,17.7149,20.0685,1917.0201
3835.0000,38.3732,38.6950,1917.5387
3836.0000,40.4881,42.1082,1918.0421
3837.0000,36.4514,37.2989,1918.5373
3838.0000,44.3448,45.2140,1919.0452
3839.0000,43.2465,44.1892,1919.5442
3840.0000,36.0076,37.7803,1920.0378
3841.0000,15.1877,16.1787,1920.5162
3842.0000,39.2084,40.0788,1921.0401
3843.0000,16.3027,18.9991,1921.5190
3844.0000,13.2307,15.6218,1922.0156
3845.0000,12.4339,14.4277,1922.5144
3846.0000,18.2465,21.0707,1923.0211
3847.0000,17.6651,19.9028,1923.5199
3848.0000,14.8562,17.5424,1924.0175
3849.0000,18.0181,20.2398,1924.5202
3850.0000,18.4003,22.6342,1925.0226
3851.0000,17.4069,19.7611,1925.5198
3852.0000,15.0241,19.2456,1926.0192
3853.0000,17.9978,20.4900,1926.5205
3854.0000,18.2799,22.5030,1927.0225
3855.0000,17.6551,19.7922,1927.5198
3856.0000,15.3459,17.2186,1928.0172
3857.0000,15.6551,17.7506,1928.5177
3858.0000,18.5331,22.4749,1929.0225
3859.0000,17.2843,17.9433,1929.5179
3860.0000,14.9871,17.1228,1930.0171
3861.0000,17.8735,19.9486,1930.5200
3862.0000,17.8094,19.9787,1931.0200
3863.0000,18.8293,19.5712,1931.5196
3864.0000,15.1061,17.2921,1932.0173
3865.0000,18.2322,20.6648,1932.5207
3866.0000,18.2814,22.0866,1933.0221
3867.0000,17.5345,19.9132,1933.5199
3868.0000,15.2739,19.2254,1934.0192
3869.0000,17.6408,19.5919,1934.5196
3870.0000,18.4074,22.3345,1935.0223
3871.0000,17.4158,19.4887,1935.5195
3872.0000,14.8055,17.4256,1936.0174
3873.0000,17.9773,20.3665,1936.5204
3874.0000,17.9150,20.4853,1937.0205
3875.0000,18.0733,21.0712,1937.5211
3876.0000,47.2412,52.4534,1938.0525
3877.0000,48.2142,49.0234,1938.5490
3878.0000,44.7760,46.5104,1939.0465
3879.0000,43.4627,44.3327,1939.5443
3880.0000,36.0158,38.6826,1940.0387
3881.0000,42.2973,44.2069,1940.5442
3882.0000,40.7872,45.8308,1941.0458
3883.0000,43.5954,44.4577,1941.5445
3884.0000,39.0650,44.1817,1942.0442
3885.0000,35.9047,36.7910,1942.5368
3886.0000,42.4115,47.5269,1943.0475
3887.0000,44.1080,45.0609,1943.5451
3888.0000,36.9247,41.9980,1944.0420
3889.0000,37.1270,37.9921,1944.5380
3890.0000,42.3943,46.7185,1945.0467
3891.0000,42.5348,43.5327,1945.5435
3892.0000,38.0382,39.0413,1946.0390
3893.0000,43.1348,45.4164,1946.5454
3894.0000,43.7955,48.9113,1947.0489
3895.0000,42.7303,43.7270,1947.5437
3896.0000,43.0576,47.4144,1948.0474
3897.0000,16.0226,18.3926,1948.5184
3898.0000,45.1276,46.6373,1949.0466
3899.0000,43.2179,44.2445,1949.5443
3900.0000,38.8677,43.7887,1950.0438
3901.0000,36.5045,37.3909,1950.5374
3902.0000,43.4536,48.4656,1951.0485
3903.0000,43.1879,45.4396,1951.5454
3904.0000,33.9470,34.9191,1952.0349
3905.0000,49.3499,50.2684,1952.5503
3906.0000,42.7152,47.7859,1953.0478
3907.0000,42.2549,44.6776,1953.5447
3908.0000,39.6897,44.7477,1954.0448
3909.0000,32.8291,33.8283,1954.5338
3910.0000,43.9837,49.0827,1955.0491
3911.0000,41.8395,42.6935,1955.5427
3912.0000,42.4435,47.5740,1956.0476
3913.0000,31.6320,34.0609,1956.5341
3914.0000,42.9537,48.1482,1957.0482
3915.0000,42.7059,45.0633,1957.5451
3916.0000,36.6446,41.4534,1958.0415
3917.0000,28.8758,29.2661,1958.5293
3918.0000,45.5426,48.1150,1959.0481
3919.0000,43.3361,44.1322,1959.5441
3920.0000,36.6052,37.4930,1960.0375
3921.0000,48.3108,49.2530,1960.5493
3922.0000,44.8175,48.8979,1961.0489
3923.0000,42.2247,43.2543,1961.5433
3924.0000,36.5640,39.1669,1962.0392
3925.0000,39.1391,41.2243,1962.5412
3926.0000,39.5142,41.8732,1963.0419
3927.0000,17.2961,19.4737,1963.5195
3928.0000,13.3350,15.5191,1964.0155
3929.0000,11.7941,12.4186,1964.5124
3930.0000,14.8879,17.0615,1965.0171
3931.0000,17.6977,20.0324,1965.5200
3932.0000,13.0804,15.2566,1966.0153
3933.0000,12.4720,14.7265,1966.5147
3934.0000,17.9684,20.5240,1967.0206
3935.0000,17.7296,20.3262,1967.5203
3936.0000,13.2142,15.5013,1968.0155
3937.0000,11.7843,14.0252,1968.5140
3938.0000,17.9925,20.5076,1969.0205
3939.0000,17.7797,20.0138,1969.5200
3940.0000,13.5733,16.7909,1970.0168
3941.0000,18.0308,20.0955,1970.5201
3942.0000,17.9049,20.1767,1971.0202
3943.0000,17.6124,19.5873,1971.5196
3944.0000,15.0249,19.2376,1972.0192
3945.0000,17.8637,19.8585,1972.5199
3946.0000,17.9192,20.0447,1973.0201
3947.0000,17.8454,20.2772,1973.5203
3948.0000,13.5661,17.4962,1974.0175
3949.0000,17.9006,19.9709,1974.5200
3950.0000,18.0089,20.1746,1975.0202
3951.0000,17.8577,19.9297,1975.5199
3952.0000,14.8498,17.2725,1976.0173
3953.0000,43.4815,45.8101,1976.5458
3954.0000,44.2370,48.3351,1977.0483
3955.0000,42.2243,44.2848,1977.5443
3956.0000,39.0639,43.3527,1978.0434
3957.0000,38.3744,40.4849,1978.5405
3958.0000,37.7829,38.6062,1979.0386
3959.0000,42.2445,43.0593,1979.5431
3960.0000,38.0112,39.0028,1980.0390
3961.0000,36.8147,37.6373,1980.5376
3962.0000,42.0497,42.9521,1981.0430
3963.0000,42.9427,44.8793,1981.5449
3964.0000,36.2952,37.8458,1982.0378
3965.0000,48.8865,51.1786,1982.5512
3966.0000,44.6916,47.2549,1983.0473
3967.0000,41.9269,44.2294,1983.5442
3968.0000,35.8992,38.6162,1984.0386
3969.0000,44.8814,45.8077,1984.5458
3970.0000,45.1443,47.6955,1985.0477
3971.0000,42.0971,43.8101,1985.5438
3972.0000,35.9520,37.5741,1986.0376
3973.0000,48.2680,49.0941,1986.5491
3974.0000,45.1019,46.7395,1987.0467
3975.0000,41.4047,43.2815,1987.5433
3976.0000,37.6069,38.4662,1988.0385
3977.0000,45.0138,45.7609,1988.5458
3978.0000,44.3509,48.7687,1989.0488
3979.0000,42.3784,43.2381,1989.5432
3980.0000,37.3008,38.4024,1990.0384
3981.0000,17.9064,20.2294,1990.5202
3982.0000,18.0378,20.5288,1991.0207
3983.0000,17.6701,19.8454,1991.5198
3984.0000,14.9582,18.8181,1992.0188
3985.0000,17.8661,20.3245,1992.5203
3986.0000,18.2748,22.5061,1993.0225
3987.0000,17.4651,19.9081,1993.5199
3988.0000,15.0551,18.9980,1994.0190
3989.0000,17.6714,18.3430,1994.5183
3990.0000,18.0126,20.1050,1995.0201
3991.0000,17.8068,20.1265,1995.5201
3992.0000,13.3838,15.8347,1996.0158
3993.0000,12.5184,14.9800,1996.5150
3994.0000,17.8530,20.0306,1997.0200
3995.0000,17.9573,20.2996,1997.5203
3996.0000,13.2668,15.7652,1998.0158
3997.0000,12.4868,14.8742,1998.5149
3998.0000,18.4604,22.1972,1999.0222
3999.0000,17.4279,19.5703,1999.5196
4000.0000,14.8994,19.1138,2000.0191
4001.0000,17.9157,20.0006,2000.5200
4002.0000,17.8986,20.0138,2001.0200
4003.0000,17.8305,20.0545,2001.5201
4004.0000,13.7168,17.8420,2002.0178
4005.0000,17.9067,20.3737,2002.5204
4006.0000,18.3001,22.5162,2003.0225
4007.0000,17.8454,19.9677,2003.5200
4008.0000,14.9564,19.1756,2004.0192
4009.0000,17.6147,19.6965,2004.5197
4010.0000,18.2569,19.0555,2005.0191
4011.0000,17.7941,20.2943,2005.5203
4012.0000,13.2413,15.7288,2006.0157
4013.0000,12.4248,14.6314,2006.5146
4014.0000,18.1502,22.3741,2007.0224
4015.0000,17.6233,19.7737,2007.5198
4016.0000,15.0844,19.0754,2008.0191
4017.0000,17.9950,20.2153,2008.5202
4018.0000,18.3520,22.5845,2009.0226
4019.0000,17.5245,19.6230,2009.5196
4020.0000,14.8162,17.4216,2010.0174
4021.0000,17.6960,19.7742,2010.5198
4022.0000,18.3089,22.2781,2011.0223
4023.0000,17.3956,19.8695,2011.5199
4024.0000,15.0689,18.8460,2012.0188
4025.0000,17.9306,20.3491,2012.5204
4026.0000,18.4004,22.6380,2013.0226
4027.0000,17.5017,19.8107,2013.5198
4028.0000,14.9348,19.1786,2014.0192
4029.0000,17.8647,19.9499,2014.5200
4030.0000,18.2557,22.4849,2015.0225
4031.0000,17.7794,21.1573,2015.5212
4032.0000,48.4569,53.4481,2016.0535
4033.0000,46.4758,47.3318,2016.5473
4034.0000,46.0653,47.9867,2017.0480
4035.0000,42.8213,43.6073,2017.5436
4036.0000,42.6573,47.0553,2018.0471
4037.0000,30.2031,31.2141,2018.5312
4038.0000,44.3874,48.6804,2019.0487
4039.0000,43.8137,44.6357,2019.5446
4040.0000,37.4872,41.8145,2020.0418
4041.0000,36.1245,37.0359,2020.5370
4042.0000,42.9326,45.8572,2021.0459
4043.0000,44.2706,45.0764,2021.5451
4044.0000,34.5108,37.1887,2022.0372
4045.0000,48.1207,50.2161,2022.5502
4046.0000,45.6900,46.5865,2023.0466
4047.0000,42.6769,43.4450,2023.5435
4048.0000,37.3330,40.0897,2024.0401
4049.0000,17.6485,19.9421,2024.5199
4050.0000,17.7272,19.8449,2025.0198
4051.0000,17.8740,20.3547,2025.5204
4052.0000,13.1972,15.8309,2026.0158
4053.0000,12.2486,14.5715,2026.5146
4054.0000,17.7817,20.2398,2027.0202
4055.0000,17.6780,19.9567,2027.5200
4056.0000,15.0265,18.8829,2028.0189
4057.0000,17.8779,20.2601,2028.5203
4058.0000,17.7508,19.8862,2029.0199
4059.0000,17.8717,19.8764,2029.5199
4060.0000,14.7575,17.3143,2030.0173
4061.0000,17.9657,20.0946,2030.5201
4062.0000,17.7127,19.8247,2031.0198
4063.0000,17.6372,19.7716,2031.5198
4064.0000,14.9668,18.3528,2032.0184
4065.0000,17.7740,20.0862,2032.5201
4066.0000,18.0206,21.7687,2033.0218
4067.0000,17.0281,19.4692,2033.5195
4068.0000,15.0201,19.2571,2034.0193
4069.0000,17.9680,19.9860,2034.5200
4070.0000,18.2954,22.5519,2035.0226
4071.0000,17.0432,19.5432,2035.5195
4072.0000,15.2921,20.2270,2036.0202
4073.0000,18.0139,20.3834,2036.5204
4074.0000,17.9785,20.2648,2037.0203
4075.0000,17.9014,20.0039,2037.5200
4076.0000,13.4551,15.8401,2038.0158
4077.0000,12.5147,14.8681,2038.5149
4078.0000,18.2496,22.1465,2039.0221
4079.0000,17.3126,19.6703,2039.5197
4080.0000,14.7165,17.4304,2040.0174
4081.0000,17.7536,20.0497,2040.5201
4082.0000,18.2943,21.9733,2041.0220
4083.0000,17.3801,19.9394,2041.5199
4084.0000,13.4406,16.1101,2042.0161
4085.0000,12.5776,15.0652,2042.5151
4086.0000,18.0140,20.0629,2043.0201
4087.0000,17.9094,19.9824,2043.5200
4088.0000,14.8567,17.5589,2044.0176
4089.0000,17.7956,20.4163,2044.5204
4090.0000,17.8828,20.0045,2045.0200
4091.0000,17.8273,19.9554,2045.5200
4092.0000,14.7120,17.1448,2046.0171
4093.0000,17.9678,20.1832,2046.5202
4094.0000,17.8650,20.1697,2047.0202
4095.0000,17.8338,19.9794,2047.5200
4096.0000,16.6636,17.5461,2048.0175
4097.0000,47.9746,52.9554,2048.5530
4098.0000,41.2133,42.1812,2049.0422
4099.0000,43.2699,44.2378,2049.5442
4100.0000,36.6138,37.7119,2050.0377
4101.0000,48.9666,49.8231,2050.5498
4102.0000,45.7903,47.5345,2051.0475
4103.0000,44.0153,44.9094,2051.5449
4104.0000,36.8135,41.1674,2052.0412
4105.0000,41.0593,42.8915,2052.5429
4106.0000,41.2863,46.1708,2053.0462
4107.0000,43.4068,45.2230,2053.5452
4108.0000,37.0378,42.0773,2054.0421
4109.0000,18.1607,20.3996,2054.5204
4110.0000,18.5026,22.4310,2055.0224
4111.0000,17.4074,19.8441,2055.5198
4112.0000,14.9738,19.1816,2056.0192
4113.0000,18.2553,20.7904,2056.5208
4114.0000,18.3456,22.2948,2057.0223
4115.0000,17.5900,20.0378,2057.5200
4116.0000,13.6331,17.4421,2058.0174
4117.0000,17.5909,20.0727,2058.5201
4118.0000,18.4830,22.4273,2059.0224
4119.0000,17.3879,18.9383,2059.5189
4120.0000,15.0258,18.9743,2060.0190
4121.0000,17.9422,20.0160,2060.5200
4122.0000,18.5066,22.4684,2061.0225
4123.0000,17.5638,19.9337,2061.5199
4124.0000,13.3747,15.9298,2062.0159
4125.0000,12.5838,14.9092,2062.5149
4126.0000,17.8626,20.1347,2063.0201
4127.0000,17.8602,19.9981,2063.5200
4128.0000,15.0740,17.4518,2064.0175
4129.0000,17.9267,20.0242,2064.5200
4130.0000,18.2382,22.3671,2065.0224
4131.0000,17.5559,20.0533,2065.5201
4132.0000,13.6784,17.6203,2066.0176
4133.0000,17.9229,20.1164,2066.5201
4134.0000,18.1958,22.4396,2067.0224
4135.0000,17.5666,19.6169,2067.5196
4136.0000,15.0084,18.9601,2068.0190
4137.0000,18.0459,20.8148,2068.5208
4138.0000,18.3550,22.6027,2069.0226
4139.0000,17.4488,19.6136,2069.5196
4140.0000,14.9901,17.4822,2070.0175
4141.0000,18.4312,20.9163,2070.5209
4142.0000,18.0531,20.4489,2071.0205
4143.0000,17.7689,20.2213,2071.5202
4144.0000,13.7017,17.8985,2072.0179
4145.0000,47.7354,48.4288,2072.5484
4146.0000,43.5538,48.5267,2073.0486
4147.0000,43.2970,44.2514,2073.5443
4148.0000,36.1406,38.2030,2074.0382
4149.0000,42.7926,43.8034,2074.5438
4150.0000,41.2184,46.2079,2075.0462
4151.0000,42.3656,45.1485,2075.5452
4152.0000,37.3310,42.3945,2076.0424
4153.0000,37.6021,39.9903,2076.5400
4154.0000,41.3310,46.3559,2077.0464
4155.0000,13.7129,14.0771,2077.5141
4156.0000,15.0955,17.1867,2078.0172
4157.0000,17.6300,19.5329,2078.5195
4158.0000,18.2257,22.1337,2079.0221
4159.0000,17.3551,19.4877,2079.5195
4160.0000,14.9096,16.1482,2080.0162
4161.0000,11.8892,14.0510,2080.5141
4162.0000,16.5524,18.2304,2081.0182
4163.0000,40.7939,42.9888,2081.5430
4164.0000,37.1364,39.5471,2082.0396
4165.0000,44.0727,45.0338,2082.5450
4166.0000,45.6919,48.2545,2083.0483
4167.0000,44.4181,45.2187,2083.5452
4168.0000,35.9478,38.5231,2084.0385
4169.0000,17.6814,19.9088,2084.5199
4170.0000,17.6822,20.5005,2085.0205
4171.0000,37.9497,38.3058,2085.5383
4172.0000,49.2671,53.4105,2086.0534
4173.0000,47.9054,49.7154,2086.5497
4174.0000,43.8566,44.3677,2087.0444
4175.0000,43.2918,44.3107,2087.5443
4176.0000,35.3536,37.7090,2088.0377
4177.0000,47.6521,50.0195,2088.5500
4178.0000,44.5973,46.3769,2089.0464
4179.0000,42.9979,43.8498,2089.5439
4180.0000,40.8902,41.3878,2090.0414
4181.0000,39.7396,41.8970,2090.5419
4182.0000,18.1235,21.3185,2091.0213
4183.0000,37.4602,37.7991,2091.5378
4184.0000,41.0889,42.0701,2092.0421
4185.0000,35.9518,36.8280,2092.5368
4186.0000,36.5201,37.2890,2093.0373
4187.0000,12.6507,14.3347,2093.5143
4188.0000,15.0946,18.9976,2094.0190
4189.0000,17.7240,19.8115,2094.5198
4190.0000,18.0145,20.2465,2095.0203
4191.0000,17.8099,20.2041,2095.5202
4192.0000,13.4097,15.7988,2096.0158
4193.0000,11.6967,14.1240,2096.5141
4194.0000,17.7935,20.3611,2097.0204
4195.0000,17.8783,20.1392,2097.5201
4196.0000,13.6204,17.4909,2098.0175
4197.0000,17.4388,17.8286,2098.5178
4198.0000,18.3092,22.1593,2099.0222
4199.0000,39.8878,40.2535,2099.5403
4200.0000,49.4740,53.8172,2100.0538
4201.0000,48.8321,49.6189,2100.5496
4202.0000,45.1609,47.3174,2101.0473
4203.0000,42.0214,44.3779,2101.5444
4204.0000,37.7526,41.8148,2102.0418
4205.0000,17.5640,20.2765,2102.5203
4206.0000,17.8857,20.3142,2103.0203
4207.0000,17.9207,20.0092,2103.5200
4208.0000,15.0081,18.9034,2104.0189
4209.0000,17.7070,19.7342,2104.5197
4210.0000,18.3801,22.1547,2105.0222
4211.0000,17.4319,19.6659,2105.5197
4212.0000,14.7855,17.3945,2106.0174
4213.0000,17.7010,20.2139,2106.5202
4214.0000,17.3722,19.4285,2107.0194
4215.0000,17.6738,20.0323,2107.5200
4216.0000,13.1042,15.3242,2108.0153
4217.0000,11.3379,11.7583,2108.5118
4218.0000,15.1592,17.3695,2109.0174
4219.0000,17.9259,20.0743,2109.5201
4220.0000,13.2399,15.9239,2110.0159
4221.0000,12.4549,15.0223,2110.5150
4222.0000,17.6922,19.9938,2111.0200
4223.0000,17.6776,21.1821,2111.5212
4224.0000,48.6505,53.9683,2112.0540
4225.0000,47.7989,48.6390,2112.5486
4226.0000,44.1600,48.3245,2113.0483
4227.0000,43.0218,43.8193,2113.5438
4228.0000,42.7436,47.9061,2114.0479
4229.0000,31.9928,32.9369,2114.5329
4230.0000,44.3559,48.6620,2115.0487
4231.0000,44.1264,46.4776,2115.5465
4232.0000,35.3534,40.4175,2116.0404
4233.0000,39.7968,40.8432,2116.5408
4234.0000,42.3376,44.9127,2117.0449
4235.0000,45.0645,46.0068,2117.5460
4236.0000,37.8034,42.6895,2118.0427
4237.0000,37.5467,38.4455,2118.5385
4238.0000,43.1596,44.8714,2119.0449
4239.0000,44.8499,45.6759,2119.5457
4240.0000,36.9237,41.3899,2120.0414
4241.0000,18.2786,21.4483,2120.5215
4242.0000,18.3939,21.3737,2121.0214
4243.0000,17.5834,20.0966,2121.5201
4244.0000,13.5021,16.1803,2122.0162
4245.0000,12.7002,15.1125,2122.5151
4246.0000,18.0767,20.1897,2123.0202
4247.0000,17.8844,19.9841,2123.5200
4248.0000,15.2124,19.0296,2124.0190
4249.0000,17.6789,18.3018,2124.5183
4250.0000,18.5964,22.4517,2125.0225
4251.0000,17.7211,19.9458,2125.5199
4252.0000,13.6328,17.5670,2126.0176
4253.0000,17.7405,20.1647,2126.5202
4254.0000,18.4015,22.3458,2127.0223
4255.0000,17.4542,19.9709,2127.5200
4256.0000,13.4082,15.8451,2128.0158
4257.0000,12.6657,15.1847,2128.5152
4258.0000,17.8966,20.3976,2129.0204
4259.0000,17.7856,19.8740,2129.5199
4260.0000,15.1148,17.1623,2130.0172
4261.0000,18.0519,20.3352,2130.5203
4262.0000,17.8452,20.4209,2131.0204
4263.0000,17.9244,20.3451,2131.5203
4264.0000,13.4470,16.0879,2132.0161
4265.0000,12.5418,14.6874,2132.5147
4266.0000,18.5548,22.0683,2133.0221
4267.0000,17.6072,19.7071,2133.5197
4268.0000,15.0898,19.2803,2134.0193
4269.0000,17.7485,19.8750,2134.5199
4270.0000,18.5020,22.4832,2135.0225
4271.0000,17.5224,19.9192,2135.5199
4272.0000,15.1703,19.1135,2136.0191
4273.0000,16.4791,18.7701,2136.5188
4274.0000,18.3037,22.2274,2137.0222
4275.0000,17.4839,19.6432,2137.5196
4276.0000,14.8737,18.8369,2138.0188
4277.0000,17.9549,20.2824,2138.5203
4278.0000,18.3529,22.5788,2139.0226
4279.0000,17.2284,19.3775,2139.5194
4280.0000,14.8097,17.4291,2140.0174
4281.0000,18.0347,20.3830,2140.5204
4282.0000,18.4920,21.1966,2141.0212
4283.0000,17.8806,20.4531,2141.5205
4284.0000,47.5924,53.7438,2142.0538
4285.0000,16.2192,18.1144,2142.5181
4286.0000,18.3373,20.9526,2143.0210
4287.0000,17.8917,20.0127,2143.5200
4288.0000,13.2582,15.6761,2144.0157
4289.0000,12.3901,14.4026,2144.5144
4290.0000,17.8381,20.1153,2145.0201
4291.0000,17.7478,19.9621,2145.5200
4292.0000,14.8085,17.3483,2146.0173
4293.0000,17.6279,18.0785,2146.5181
4294.0000,17.9337,20.1013,2147.0201
4295.0000,17.6719,20.4783,2147.5205
4296.0000,48.9527,53.4237,2148.0534
4297.0000,48.8149,49.5919,2148.5496
4298.0000,46.7261,47.7561,2149.0478
4299.0000,44.1143,44.8499,2149.5449
4300.0000,35.3027,37.4472,2150.0374
4301.0000,45.4757,46.2816,2150.5463
4302.0000,43.5186,46.7511,2151.0468
4303.0000,42.9118,43.6807,2151.5437
4304.0000,41.7428,45.0931,2152.0451
4305.0000,18.2181,20.8440,2152.5208
4306.0000,17.9186,19.5754,2153.0196
4307.0000,17.7527,20.1154,2153.5201
4308.0000,13.4257,15.9039,2154.0159
4309.0000,12.3117,14.4014,2154.5144
4310.0000,18.4388,22.3172,2155.0223
4311.0000,16.7316,19.0042,2155.5190
4312.0000,14.9177,19.1021,2156.0191
4313.0000,18.1374,20.4154,2156.5204
4314.0000,18.2426,22.2714,2157.0223
4315.0000,17.6796,20.2601,2157.5203
4316.0000,13.2266,15.8253,2158.0158
4317.0000,12.6524,14.7662,2158.5148
4318.0000,18.4465,22.2844,2159.0223
4319.0000,17.6476,19.7551,2159.5198
4320.0000,15.0908,19.0061,2160.0190
4321.0000,14.0779,15.2151,2160.5152
4322.0000,18.2552,22.4283,2161.0224
4323.0000,17.2348,19.6617,2161.5197
4324.0000,14.7389,17.2962,2162.0173
4325.0000,17.7033,19.8409,2162.5198
4326.0000,18.2001,21.4429,2163.0214
4327.0000,17.1740,19.4603,2163.5195
4328.0000,15.0116,18.8676,2164.0189
4329.0000,17.6636,19.7181,2164.5197
4330.0000,17.6227,19.9110,2165.0199
4331.0000,17.7803,19.8360,2165.5198
4332.0000,14.8709,18.8013,2166.0188
4333.0000,17.6313,19.6827,2166.5197
4334.0000,17.7371,20.1742,2167.0202
4335.0000,17.6768,20.1424,2167.5201
4336.0000,13.4304,16.1994,2168.0162
4337.0000,12.5654,14.9831,2168.5150
4338.0000,17.8821,19.7610,2169.0198
4339.0000,17.8546,19.9262,2169.5199
4340.0000,14.9253,17.0765,2170.0171
4341.0000,17.8369,19.9933,2170.5200
4342.0000,17.7984,19.8733,2171.0199
4343.0000,17.8169,19.9839,2171.5200
4344.0000,13.4693,15.4864,2172.0155
4345.0000,12.5098,14.5753,2172.5146
4346.0000,16.6084,20.1160,2173.0201
4347.0000,17.1441,18.9573,2173.5190
4348.0000,16.2395,16.5341,2174.0167
4349.0000,16.9885,17.3452,2174.5173
4350.0000,22.3149,23.0743,2175.0231
4351.0000,33.3303,33.7502,2175.5338
4352.0000,13.4510,16.6927,2176.0167
4353.0000,9.3705,11.7387,2176.5117
4354.0000,14.4461,16.8745,2177.0169
4355.0000,18.0046,20.1919,2177.5202
4356.0000,13.2407,15.8621,2178.0159
4357.0000,12.2621,14.5758,2178.5146
4358.0000,17.6912,20.3137,2179.0203
4359.0000,17.9357,19.8968,2179.5199
4360.0000,15.0732,17.2854,2180.0173
4361.0000,17.8200,20.1524,2180.5202
4362.0000,17.9179,20.0270,2181.0200
4363.0000,18.0358,20.3981,2181.5204
4364.0000,13.1508,15.8017,2182.0158
4365.0000,12.3899,14.8627,2182.5149
4366.0000,18.7249,22.5739,2183.0226
4367.0000,17.5225,19.6401,2183.5196
4368.0000,14.6660,17.2987,2184.0173
4369.0000,17.7540,19.8066,2184.5198
4370.0000,17.7741,19.7915,2185.0198
4371.0000,17.8064,19.8499,2185.5199
4372.0000,15.0677,17.1526,2186.0172
4373.0000,17.8577,20.2850,2186.5203
4374.0000,18.3714,22.3270,2187.0223
4375.0000,17.0284,17.7433,2187.5177
4376.0000,14.6932,18.9752,2188.0190
4377.0000,18.0412,20.4781,2188.5205
4378.0000,18.5229,22.7489,2189.0228
4379.0000,17.3899,19.4204,2189.5194
4380.0000,13.7802,16.0388,2190.0160
4381.0000,13.5543,15.9264,2190.5159
4382.0000,17.8259,19.9622,2191.0200
4383.0000,13.9440,16.0147,2191.5160
4384.0000,16.7061,17.6373,2192.0176
4385.0000,47.9298,50.1165,2192.5501
4386.0000,44.4710,46.3272,2193.0463
4387.0000,42.7135,43.6090,2193.5436
4388.0000,37.6526,39.9648,2194.0400
4389.0000,42.7089,43.5353,2194.5435
4390.0000,36.6113,37.4407,2195.0374
4391.0000,40.0371,40.7665,2195.5408
4392.0000,40.2443,42.2587,2196.0423
4393.0000,38.4104,39.2108,2196.5392
4394.0000,42.5890,46.7271,2197.0467
4395.0000,43.0651,43.9494,2197.5440
4396.0000,38.0724,39.1034,2198.0391
4397.0000,43.9012,46.2755,2198.5463
4398.0000,46.2805,48.7252,2199.0487
4399.0000,40.6037,41.3237,2199.5413
4400.0000,49.2772,54.4078,2200.0544
4401.0000,45.5752,46.4481,2200.5465
4402.0000,36.4247,37.2710,2201.0373
4403.0000,41.1679,43.5066,2201.5435
4404.0000,37.1151,39.6358,2202.0396
4405.0000,43.6083,45.9548,2202.5460
4406.0000,44.6767,48.6839,2203.0487
4407.0000,42.5058,43.3741,2203.5434
4408.0000,25.5488,25.9290,2204.0259
4409.0000,17.8237,19.8345,2204.5198
4410.0000,17.7841,19.9433,2205.0199
4411.0000,17.7843,19.9440,2205.5199
4412.0000,14.6199,17.3407,2206.0173
4413.0000,17.5329,19.7786,2206.5198
4414.0000,17.8914,20.4959,2207.0205
4415.0000,17.6126,19.6993,2207.5197
4416.0000,14.9083,17.3606,2208.0174
4417.0000,17.6873,20.3620,2208.5204
4418.0000,17.7790,20.0087,2209.0200
4419.0000,17.6577,19.7314,2209.5197
4420.0000,4.6723,5.2823,2210.0053
4421.0000,12.5672,14.8646,2210.5149
4422.0000,17.9472,20.4927,2211.0205
4423.0000,17.8178,19.9401,2211.5199
4424.0000,14.9375,17.4179,2212.0174
4425.0000,17.9538,20.2350,2212.5202
4426.0000,17.9320,20.4836,2213.0205
4427.0000,17.7987,20.4398,2213.5204
4428.0000,13.6837,16.7704,2214.0168
4429.0000,17.9130,18.5382,2214.5185
4430.0000,18.3249,22.1959,2215.0222
4431.0000,17.4249,19.8721,2215.5199
4432.0000,14.6512,16.4450,2216.0164
4433.0000,12.4134,14.6495,2216.5146
4434.0000,18.3121,22.4175,2217.0224
4435.0000,17.4823,19.8977,2217.5199
4436.0000,14.7418,17.4669,2218.0175
4437.0000,18.1263,20.2510,2218.5203
4438.0000,18.3055,22.5555,2219.0226
4439.0000,17.5590,19.6701,2219.5197
4440.0000,14.9454,19.1780,2220.0192
4441.0000,17.8827,20.2730,2220.5203
4442.0000,10.4995,10.9149,2221.0109
4443.0000,18.0344,20.1878,2221.5202
4444.0000,27.9504,29.7661,2222.0298
4445.0000,30.0797,30.9048,2222.5309
4446.0000,45.8403,46.7910,2223.0468
4447.0000,42.8229,43.6967,2223.5437
4448.0000,41.0368,42.2158,2224.0422
4449.0000,17.7860,20.0880,2224.5201
4450.0000,17.6669,19.6672,2225.0197
4451.0000,17.7338,20.0141,2225.5200
4452.0000,13.2620,15.7724,2226.0158
4453.0000,12.1580,14.3525,2226.5144
4454.0000,17.7771,20.1203,2227.0201
4455.0000,17.8414,20.1438,2227.5201
4456.0000,13.1491,15.2534,2228.0153
4457.0000,12.5990,15.0399,2228.5150
4458.0000,17.7814,20.0615,2229.0201
4459.0000,17.5773,19.7866,2229.5198
4460.0000,14.7085,17.1845,2230.0172
4461.0000,17.6059,19.8765,2230.5199
4462.0000,22.2243,22.8843,2231.0229
4463.0000,16.7945,18.9224,2231.5189
4464.0000,15.0460,17.0757,2232.0171
4465.0000,17.8672,20.1385,2232.5201
4466.0000,17.6717,20.1798,2233.0202
4467.0000,17.8943,20.2348,2233.5202
4468.0000,13.7820,17.3357,2234.0173
4469.0000,17.6953,19.7193,2234.5197
4470.0000,18.5093,22.4514,2235.0225
4471.0000,17.5277,19.5298,2235.5195
4472.0000,14.8431,17.2400,2236.0172
4473.0000,17.8198,20.0482,2236.5201
4474.0000,17.8686,20.3188,2237.0203
4475.0000,17.7550,18.5538,2237.5186
4476.0000,15.1530,17.2988,2238.0173
4477.0000,18.0048,20.0168,2238.5200
4478.0000,17.8977,20.4912,2239.0205
4479.0000,17.8790,19.9688,2239.5200
4480.0000,14.8351,17.5718,2240.0176
4481.0000,17.9052,20.3186,2240.5203
4482.0000,17.8784,20.3352,2241.0203
4483.0000,17.8492,19.9797,2241.5200
4484.0000,13.4564,17.3522,2242.0174
4485.0000,17.7689,20.0148,2242.5200
4486.0000,18.0554,19.0738,2243.0191
4487.0000,17.7926,19.9216,2243.5199
4488.0000,14.7700,17.4352,2244.0174
4489.0000,17.5048,19.5212,2244.5195
4490.0000,17.7352,20.2992,2245.0203
4491.0000,17.8194,19.8634,2245.5199
4492.0000,15.1028,17.1784,2246.0172
4493.0000,17.7054,19.9769,2246.5200
4494.0000,18.2146,22.0821,2247.0221
4495.0000,9.6239,11.3073,2247.5113
4496.0000,13.1822,15.8196,2248.0158
4497.0000,12.6293,14.8409,2248.5148
4498.0000,17.8613,19.9896,2249.0200
4499.0000,17.5565,19.6145,2249.5196
4500.0000,14.6992,17.1083,2250.0171
4501.0000,17.6731,19.8977,2250.5199
4502.0000,17.8573,19.9249,2251.0199
4503.0000,17.8345,20.3073,2251.5203
4504.0000,13.3214,16.3759,2252.0164
4505.0000,12.6534,15.0332,2252.5150
4506.0000,18.0883,22.3403,2253.0223
4507.0000,17.6296,19.7658,2253.5198
4508.0000,14.9574,19.2540,2254.0193
4509.0000,17.6131,19.7013,2254.5197
4510.0000,18.4380,22.7034,2255.0227
4511.0000,17.5720,19.9486,2255.5200
4512.0000,13.5889,17.4513,2256.0175
4513.0000,17.8668,20.0289,2256.5200
4514.0000,18.1331,22.0181,2257.0220
4515.0000,17.2647,19.4238,2257.5194
4516.0000,14.8234,17.2286,2258.0172
4517.0000,17.7771,19.7484,2258.5198
4518.0000,17.8064,20.3046,2259.0203
4519.0000,19.2879,21.6060,2259.5216
4520.0000,49.6901,53.9813,2260.0540
4521.0000,47.1252,49.3315,2260.5493
4522.0000,45.5668,46.4084,2261.0464
4523.0000,43.1836,44.0021,2261.5440
4524.0000,43.8410,47.2386,2262.0472
4525.0000,33.4549,34.3690,2262.5344
4526.0000,44.1139,46.1226,2263.0461
4527.0000,42.7814,43.6808,2263.5437
4528.0000,38.0665,39.1053,2264.0391
4529.0000,35.0107,35.8273,2264.5358
4530.0000,43.7826,46.2920,2265.0463
4531.0000,42.3953,43.1860,2265.5432
4532.0000,42.3771,46.3579,2266.0464
4533.0000,32.9875,35.2389,2266.5352
4534.0000,45.1195,47.4081,2267.0474
4535.0000,42.1532,44.6445,2267.5446
4536.0000,35.6707,38.1992,2268.0382
4537.0000,45.8813,49.2922,2268.5493
4538.0000,43.6548,47.7773,2269.0478
4539.0000,43.0177,44.0162,2269.5440
4540.0000,43.2136,47.3842,2270.0474
4541.0000,29.2389,30.0150,2270.5300
4542.0000,45.3400,47.6774,2271.0477
4543.0000,42.5563,43.3625,2271.5434
4544.0000,36.3481,38.8511,2272.0389
4545.0000,43.1178,45.4093,2272.5454
4546.0000,45.0892,46.4172,2273.0464
4547.0000,42.7416,44.5043,2273.5445
4548.0000,36.5453,37.7070,2274.0377
4549.0000,48.3809,49.9353,2274.5499
4550.0000,44.7870,45.7489,2275.0458
4551.0000,43.9617,44.8149,2275.5448
4552.0000,36.3611,38.4035,2276.0384
4553.0000,44.3223,46.0128,2276.5460
4554.0000,46.1272,47.3517,2277.0474
4555.0000,43.1131,43.9826,2277.5440
4556.0000,37.5502,38.5692,2278.0386
4557.0000,44.6822,46.3785,2278.5464
4558.0000,45.2887,46.9660,2279.0470
4559.0000,43.7501,44.7302,2279.5447
4560.0000,39.2329,44.2852,2280.0443
4561.0000,19.1425,20.3154,2280.5203
4562.0000,18.0481,20.3299,2281.0203
4563.0000,17.9429,20.0905,2281.5201
4564.0000,13.6437,17.5769,2282.0176
4565.0000,17.8412,20.3275,2282.5203
4566.0000,17.7685,18.6389,2283.0186
4567.0000,17.9440,20.0346,2283.5200
4568.0000,13.5398,17.7688,2284.0178
4569.0000,18.1178,18.6287,2284.5186
4570.0000,18.3949,22.6140,2285.0226
4571.0000,17.7377,19.8016,2285.5198
4572.0000,14.9288,19.1435,2286.0191
4573.0000,17.8272,20.3678,2286.5204
4574.0000,18.5670,22.7870,2287.0228
4575.0000,17.4917,19.5789,2287.5196
4576.0000,14.8671,17.3691,2288.0174
4577.0000,18.1148,18.8815,2288.5189
4578.0000,17.7422,19.8745,2289.0199
4579.0000,18.0093,20.0385,2289.5200
4580.0000,13.6758,17.6057,2290.0176
4581.0000,17.8040,20.0469,2290.5201
4582.0000,17.8830,20.2608,2291.0203
4583.0000,17.9328,19.9246,2291.5199
4584.0000,14.7882,17.3722,2292.0174
4585.0000,17.9374,20.3751,2292.5204
4586.0000,17.9745,20.3071,2293.0203
4587.0000,17.8393,20.3164,2293.5203
4588.0000,13.4728,15.5787,2294.0156
4589.0000,12.0527,14.0620,2294.5141
4590.0000,23.1188,25.6214,2295.0256
4591.0000,17.6331,20.0311,2295.5200
4592.0000,13.6285,17.8397,2296.0178
4593.0000,18.0796,20.1916,2296.5202
4594.0000,18.2314,22.1821,2297.0222
4595.0000,17.4919,19.9476,2297.5200
4596.0000,14.9219,19.1388,2298.0191
4597.0000,17.9416,20.3763,2298.5204
4598.0000,17.7795,19.8790,2299.0199
4599.0000,17.7430,19.8133,2299.5198
4600.0000,14.9443,19.1579,2300.0192
4601.0000,17.9353,20.3781,2300.5204
4602.0000,17.2058,18.8020,2301.0188
4603.0000,18.0436,20.5205,2301.5205
4604.0000,48.4604,54.0527,2302.0541
4605.0000,48.9369,49.8499,2302.5499
4606.0000,44.0453,46.7833,2303.0468
4607.0000,42.9252,43.9158,2303.5439
4608.0000,37.4286,38.8037,2304.0388
4609.0000,15.8146,18.0081,2304.5180
4610.0000,18.0672,20.3296,2305.0203
4611.0000,17.8562,19.9148,2305.5199
4612.0000,15.1321,18.3979,2306.0184
4613.0000,17.8726,19.9481,2306.5200
4614.0000,18.4852,22.7147,2307.0227
4615.0000,17.5243,19.6532,2307.5197
4616.0000,14.9521,17.2784,2308.0173
4617.0000,18.0299,18.7745,2308.5188
4618.0000,15.2438,16.7128,2309.0167
4619.0000,17.7484,20.9536,2309.5210
4620.0000,49.5191,53.6528,2310.0537
4621.0000,45.9635,46.8418,2310.5468
4622.0000,46.8067,49.6621,2311.0497
4623.0000,41.8105,42.5748,2311.5426
4624.0000,37.9577,40.1484,2312.0401
4625.0000,38.9210,39.8256,2312.5398
4626.0000,42.3077,45.9832,2313.0460
4627.0000,42.7421,43.6399,2313.5436
4628.0000,42.6334,46.5302,2314.0465
4629.0000,30.4909,31.4505,2314.5315
4630.0000,44.6467,47.0858,2315.0471
4631.0000,42.6477,43.4332,2315.5434
4632.0000,37.7824,40.0901,2316.0401
4633.0000,39.1961,40.1111,2316.5401
4634.0000,18.3506,22.1749,2317.0222
4635.0000,17.9010,19.9764,2317.5200
4636.0000,13.2410,15.4623,2318.0155
4637.0000,12.4473,14.9008,2318.5149
4638.0000,17.8801,19.9617,2319.0200
4639.0000,17.9817,20.0498,2319.5201
4640.0000,13.2415,15.8321,2320.0158
4641.0000,12.3990,14.8320,2320.5148
4642.0000,17.7604,20.3426,2321.0203
4643.0000,17.9015,20.0714,2321.5201
4644.0000,13.5086,16.0610,2322.0161
4645.0000,12.4515,14.8914,2322.5149
4646.0000,18.2254,19.0550,2323.0191
4647.0000,17.7435,19.6306,2323.5196
4648.0000,15.0609,19.0107,2324.0190
4649.0000,17.8857,19.8570,2324.5199
4650.0000,18.5356,22.4362,2325.0224
4651.0000,17.7617,20.0981,2325.5201
4652.0000,13.3231,15.6032,2326.0156
4653.0000,12.4962,14.5649,2326.5146
4654.0000,18.0450,20.2286,2327.0202
4655.0000,17.8168,20.2732,2327.5203
4656.0000,13.3602,17.0712,2328.0171
4657.0000,17.9909,18.7748,2328.5188
4658.0000,17.7758,20.3330,2329.0203
4659.0000,17.7298,19.7460,2329.5197
4660.0000,14.1217,18.0121,2330.0180
4661.0000,17.9999,20.1603,2330.5202
4662.0000,17.8640,20.0373,2331.0200
4663.0000,17.7958,19.7576,2331.5198
4664.0000,14.6629,17.4877,2332.0175
4665.0000,17.7014,19.9454,2332.5199
4666.0000,18.0312,20.4336,2333.0204
4667.0000,17.8654,20.1666,2333.5202
4668.0000,16.9874,17.5121,2334.0175
4669.0000,16.9558,18.9516,2334.5190
4670.0000,42.4692,47.4653,2335.0475
4671.0000,42.5369,44.2772,2335.5443
4672.0000,34.9589,37.4006,2336.0374
4673.0000,17.9639,20.2262,2336.5202
4674.0000,18.3518,22.2755,2337.0223
4675.0000,17.6132,20.2634,2337.5203
4676.0000,13.6323,17.8406,2338.0178
4677.0000,17.9937,20.2738,2338.5203
4678.0000,18.4660,21.0918,2339.0211
4679.0000,17.7515,19.7782,2339.5198
4680.0000,14.8239,17.4449,2340.0174
4681.0000,17.9572,20.1056,2340.5201
4682.0000,17.8466,20.4012,2341.0204
4683.0000,17.9869,20.0568,2341.5201
4684.0000,13.5163,17.4326,2342.0174
4685.0000,18.0317,20.3530,2342.5204
4686.0000,17.8048,20.4189,2343.0204
4687.0000,9.9776,14.8570,2343.5149
4688.0000,12.1346,14.8343,2344.0148
4689.0000,12.3068,14.4913,2344.5145
4690.0000,18.4233,22.1404,2345.0221
4691.0000,17.4891,20.4464,2345.5204
4692.0000,13.1553,15.6254,2346.0156
4693.0000,12.4321,14.8384,2346.5148
4694.0000,17.6498,19.5861,2347.0196
4695.0000,17.5974,19.7543,2347.5198
4696.0000,14.7110,17.3581,2348.0174
4697.0000,18.1498,18.9674,2348.5190
4698.0000,17.9413,19.6681,2349.0197
4699.0000,17.8402,19.9081,2349.5199
4700.0000,15.3048,18.5326,2350.0185
4701.0000,18.1557,20.1849,2350.5202
4702.0000,18.1103,20.2319,2351.0202
4703.0000,17.9038,20.1163,2351.5201
4704.0000,13.6974,17.6466,2352.0176
4705.0000,17.9279,20.4153,2352.5204
4706.0000,18.1680,22.3831,2353.0224
4707.0000,17.5515,19.9813,2353.5200
4708.0000,13.5735,14.4565,2354.0145
4709.0000,12.4721,14.5018,2354.5145
4710.0000,18.2724,22.4626,2355.0225
4711.0000,17.4576,19.7088,2355.5197
4712.0000,14.9373,19.1427,2356.0191
4713.0000,17.7875,20.2179,2356.5202
4714.0000,18.5097,22.3458,2357.0223
4715.0000,17.3983,19.5211,2357.5195
4716.0000,14.8517,17.4051,2358.0174
4717.0000,47.2817,49.2607,2358.5493
4718.0000,45.7912,46.7008,2359.0467
4719.0000,42.9721,43.7814,2359.5438
4720.0000,37.3392,39.1176,2360.0391
4721.0000,43.5794,46.1110,2360.5461
4722.0000,49.0281,53.2269,2361.0532
4723.0000,41.5176,42.4981,2361.5425
4724.0000,42.6849,47.8332,2362.0478
4725.0000,30.2109,31.2271,2362.5312
4726.0000,17.9873,23.0519,2363.0231
4727.0000,17.6113,19.7285,2363.5197
4728.0000,14.9751,19.2352,2364.0192
4729.0000,17.5768,19.6595,2364.5197
4730.0000,18.2664,22.1810,2365.0222
4731.0000,17.2332,19.4164,2365.5194
4732.0000,14.8741,19.1210,2366.0191
4733.0000,17.7490,20.2127,2366.5202
4734.0000,18.4306,22.4014,2367.0224
4735.0000,17.5591,20.0714,2367.5201
4736.0000,13.4746,15.8231,2368.0158
4737.0000,12.6299,15.0789,2368.5151
4738.0000,18.4245,22.6321,2369.0226
4739.0000,17.2456,19.3842,2369.5194
4740.0000,14.8771,19.1302,2370.0191
4741.0000,17.9195,19.9428,2370.5199
4742.0000,17.9723,20.4720,2371.0205
4743.0000,17.8932,20.2065,2371.5202
4744.0000,13.5453,16.2626,2372.0163
4745.0000,12.5594,15.0587,2372.5151
4746.0000,17.9358,20.3621,2373.0204
4747.0000,17.7651,20.3350,2373.5203
4748.0000,13.2279,16.0982,2374.0161
4749.0000,12.2739,14.5714,2374.5146
4750.0000,18.2925,22.5264,2375.0225
4751.0000,17.3749,19.5121,2375.5195
4752.0000,14.6465,17.3609,2376.0174
4753.0000,17.9329,20.1098,2376.5201
4754.0000,18.2438,21.7238,2377.0217
4755.0000,17.5415,19.7979,2377.5198
4756.0000,14.7542,17.2097,2378.0172
4757.0000,17.7302,20.1990,2378.5202
4758.0000,17.8844,20.0559,2379.0201
4759.0000,17.8495,19.9099,2379.5199
4760.0000,14.8451,17.2588,2380.0173
4761.0000,17.8004,20.0798,2380.5201
4762.0000,18.1323,21.8606,2381.0219
4763.0000,17.5374,19.6485,2381.5197
4764.0000,14.8808,17.3584,2382.0174
4765.0000,17.8113,20.1927,2382.5202
4766.0000,17.7091,20.0659,2383.0201
4767.0000,17.9162,19.9673,2383.5200
4768.0000,14.7466,17.3760,2384.0174
4769.0000,17.6798,19.6979,2384.5197
4770.0000,17.7696,19.8586,2385.0199
4771.0000,17.8860,20.3485,2385.5204
4772.0000,13.2016,15.7169,2386.0157
4773.0000,12.4793,14.8404,2386.5148
4774.0000,17.7772,20.0505,2387.0201
4775.0000,17.6782,20.0747,2387.5201
4776.0000,13.2010,15.8212,2388.0158
4777.0000,12.3917,14.6058,2388.5146
4778.0000,18.2202,19.1266,2389.0191
4779.0000,17.7174,20.1524,2389.5202
4780.0000,13.5972,17.5329,2390.0175
4781.0000,17.8761,20.0141,2390.5200
4782.0000,18.3628,20.8605,2391.0209
4783.0000,17.7552,19.9547,2391.5200
4784.0000,14.8279,17.1889,2392.0172
4785.0000,17.7718,19.8314,2392.5198
4786.0000,17.8488,19.9353,2393.0199
4787.0000,17.7997,20.2078,2393.5202
4788.0000,13.3496,15.7252,2394.0157
4789.0000,12.3608,14.4181,2394.5144
4790.0000,17.6366,20.2610,2395.0203
4791.0000,17.8314,19.8813,2395.5199
4792.0000,14.8472,17.3251,2396.0173
4793.0000,17.2500,19.2492,2396.5193
4794.0000,18.1257,20.1210,2397.0201
4795.0000,17.8942,20.2322,2397.5202
4796.0000,13.2878,15.4354,2398.0154
4797.0000,12.0948,14.3009,2398.5143
4798.0000,18.2340,22.0983,2399.0221
4799.0000,17.3161,19.4294,2399.5194
4800.0000,14.7812,17.3750,2400.0174
4801.0000,17.3286,20.2766,2400.5203
4802.0000,17.7810,19.9172,2401.0199
4803.0000,4.8480,5.5171,2401.5055
4804.0000,16.1582,18.2787,2402.0183
4805.0000,17.7109,19.7078,2402.5197
4806.0000,43.8411,48.7295,2403.0487
4807.0000,42.9806,44.9688,2403.5450
4808.0000,33.6516,35.8236,2404.0358
4809.0000,48.6082,49.5168,2404.5495
4810.0000,45.1483,46.0335,2405.0460
4811.0000,43.0713,43.8293,2405.5438
4812.0000,42.3330,47.4464,2406.0475
4813.0000,29.8992,30.7681,2406.5308
4814.0000,44.1624,48.3474,2407.0484
4815.0000,41.9682,44.3664,2407.5444
4816.0000,37.4917,41.8417,2408.0418
4817.0000,38.1387,40.5234,2408.5406
4818.0000,37.4018,38.6030,2409.0386
4819.0000,41.5442,42.4027,2409.5424
4820.0000,43.0626,47.4629,2410.0475
4821.0000,29.4160,30.9436,2410.5309
4822.0000,44.3570,48.7212,2411.0487
4823.0000,41.8861,42.8402,2411.5428
4824.0000,42.9129,47.2682,2412.0473
4825.0000,29.3340,30.2621,2412.5303
4826.0000,45.3598,46.3306,2413.0463
4827.0000,43.1986,44.1218,2413.5441
4828.0000,36.5144,37.5322,2414.0375
4829.0000,48.6303,49.5668,2414.5496
4830.0000,45.9804,47.9367,2415.0479
4831.0000,17.7724,19.3315,2415.5193
4832.0000,15.0668,18.9742,2416.0190
4833.0000,18.0119,19.9910,2416.5200
4834.0000,17.8611,20.2830,2417.0203
4835.0000,17.8351,20.0675,2417.5201
4836.0000,13.6599,17.5939,2418.0176
4837.0000,17.8126,19.9394,2418.5199
4838.0000,17.8228,20.0257,2419.0200
4839.0000,17.9885,18.6755,2419.5187
4840.0000,14.9161,18.9896,2420.0190
4841.0000,17.8833,20.3117,2420.5203
4842.0000,17.8392,20.2376,2421.0202
4843.0000,18.0607,20.4535,2421.5205
4844.0000,40.7197,42.9264,2422.0429
4845.0000,18.3745,21.5604,2422.5216
4846.0000,18.3109,22.2674,2423.0223
4847.0000,17.1914,19.4927,2423.5195
4848.0000,14.8524,17.2548,2424.0173
4849.0000,17.8758,19.9604,2424.5200
4850.0000,18.1164,18.8024,2425.0188
4851.0000,17.8972,19.8837,2425.5199
4852.0000,14.9463,17.2743,2426.0173
4853.0000,17.9117,20.3454,2426.5203
4854.0000,17.9326,20.0556,2427.0201
4855.0000,18.0054,20.5157,2427.5205
4856.0000,46.2183,52.4856,2428.0525
4857.0000,34.1836,35.2030,2428.5352
4858.0000,41.4561,42.1525,2429.0422
4859.0000,43.6382,44.4479,2429.5445
4860.0000,35.8284,37.8364,2430.0378
4861.0000,45.1940,46.1362,2430.5461
4862.0000,45.8606,49.9893,2431.0500
4863.0000,42.3398,43.1702,2431.5432
4864.0000,42.1471,46.2900,2432.0463
4865.0000,16.8020,17.8200,2432.5178
4866.0000,24.1691,24.4478,2433.0245
4867.0000,16.6655,18.9486,2433.5190
4868.0000,14.7791,17.0286,2434.0170
4869.0000,17.6794,19.7173,2434.5197
4870.0000,17.8399,20.0736,2435.0201
4871.0000,17.5763,19.8498,2435.5199
4872.0000,14.6554,17.3699,2436.0174
4873.0000,17.4026,19.0731,2436.5191
4874.0000,17.9463,20.0696,2437.0201
4875.0000,17.7162,19.9813,2437.5200
4876.0000,13.1737,15.2915,2438.0153
4877.0000,12.4956,14.9463,2438.5149
4878.0000,17.6169,20.1416,2439.0201
4879.0000,17.5882,19.8642,2439.5199
4880.0000,14.7977,17.4688,2440.0175
4881.0000,17.6460,19.6749,2440.5197
4882.0000,17.7951,19.8878,2441.0199
4883.0000,17.6644,20.1585,2441.5202
4884.0000,13.0453,15.0996,2442.0151
4885.0000,12.4262,14.8660,2442.5149
4886.0000,18.3619,22.5962,2443.0226
4887.0000,17.3587,19.3295,2443.5193
4888.0000,14.6955,17.1642,2444.0172
4889.0000,17.5587,19.5738,2444.5196
4890.0000,17.6210,20.0347,2445.0200
4891.0000,18.1225,20.0275,2445.5200
4892.0000,13.3886,15.4979,2446.0155
4893.0000,12.4842,14.9127,2446.5149
4894.0000,18.4426,22.5079,2447.0225
4895.0000,37.9738,38.8239,2447.5388
4896.0000,49.2321,54.3060,2448.0543
4897.0000,45.4267,46.5085,2448.5465
4898.0000,46.1281,48.7057,2449.0487
4899.0000,48.3202,49.1533,2449.5492
4900.0000,29.4331,32.0816,2450.0321
4901.0000,4.8096,6.0401,2450.5060
4902.0000,15.4654,17.8882,2451.0179
4903.0000,17.9716,20.0704,2451.5201
4904.0000,13.2602,15.7294,2452.0157
4905.0000,12.3860,14.8214,2452.5148
4906.0000,18.2893,22.1567,2453.0222
4907.0000,17.4717,19.8807,2453.5199
4908.0000,14.7768,17.4730,2454.0175
4909.0000,17.6780,19.7174,2454.5197
4910.0000,17.8172,20.3892,2455.0204
4911.0000,17.6643,19.7865,2455.5198
4912.0000,14.7671,17.4826,2456.0175
4913.0000,17.9809,20.3152,2456.5203
4914.0000,17.7053,20.1726,2457.0202
4915.0000,15.5510,16.1871,2457.5162
4916.0000,14.9410,17.2551,2458.0173
4917.0000,17.7662,19.8978,2458.5199
4918.0000,17.8158,19.8789,2459.0199
4919.0000,17.9762,20.0324,2459.5200
4920.0000,13.4055,15.8837,2460.0159
4921.0000,12.6495,14.9999,2460.5150
4922.0000,17.9074,20.4405,2461.0204
4923.0000,17.6486,20.1582,2461.5202
4924.0000,13.1724,15.5857,2462.0156
4925.0000,12.3926,14.4079,2462.5144
4926.0000,18.2008,22.3859,2463.0224
4927.0000,17.5485,19.8360,2463.5198
4928.0000,17.0201,17.7973,2464.0178
4929.0000,47.0678,49.5264,2464.5495
4930.0000,44.6896,47.9430,2465.0479
4931.0000,42.3443,44.4037,2465.5444
4932.0000,37.0180,39.3997,2466.0394
4933.0000,41.7317,43.4985,2466.5435
4934.0000,38.1980,40.4843,2467.0405
4935.0000,43.9542,44.8173,2467.5448
4936.0000,35.6356,37.4429,2468.0374
4937.0000,48.8459,49.7761,2468.5498
4938.0000,47.3250,48.2272,2469.0482
4939.0000,43.4622,44.4916,2469.5445
4940.0000,38.7351,42.7555,2470.0428
4941.0000,36.6066,37.5591,2470.5376
4942.0000,42.0640,47.1336,2471.0471
4943.0000,41.7968,44.1501,2471.5442
4944.0000,38.7720,43.8559,2472.0439
4945.0000,38.8551,41.3271,2472.5413
4946.0000,16.8463,17.2021,2473.0172
4947.0000,15.3376,17.3743,2473.5174
4948.0000,17.8202,18.8073,2474.0188
4949.0000,18.0557,21.1704,2474.5212
4950.0000,17.8895,20.0043,2475.0200
4951.0000,17.7996,19.8808,2475.5199
4952.0000,14.8983,17.4030,2476.0174
4953.0000,18.0815,18.5897,2476.5186
4954.0000,18.4268,22.4904,2477.0225
4955.0000,17.4742,20.0094,2477.5200
4956.0000,13.6083,17.8451,2478.0178
4957.0000,17.8935,20.2080,2478.5202
4958.0000,11.3835,15.7746,2479.0158
4959.0000,17.8645,19.9584,2479.5200
4960.0000,15.0027,18.8791,2480.0189
4961.0000,17.9363,20.1059,2480.5201
4962.0000,41.0655,41.7641,2481.0418
4963.0000,44.7774,45.5705,2481.5456
4964.0000,34.3169,36.2871,2482.0363
4965.0000,49.1914,49.9936,2482.5500
4966.0000,45.6963,46.5810,2483.0466
4967.0000,42.1488,44.0158,2483.5440
4968.0000,42.5831,46.9324,2484.0469
4969.0000,31.4100,32.3235,2484.5323
4970.0000,46.3849,49.6279,2485.0496
4971.0000,42.0509,44.2461,2485.5443
4972.0000,40.3949,45.4492,2486.0455
4973.0000,33.5283,36.1327,2486.5361
4974.0000,42.8489,47.8260,2487.0478
4975.0000,43.7509,44.6690,2487.5447
4976.0000,37.3487,38.5644,2488.0386
4977.0000,45.0349,45.9510,2488.5460
4978.0000,43.9313,48.2725,2489.0483
4979.0000,42.2910,43.1587,2489.5432
4980.0000,36.6825,39.1576,2490.0392
4981.0000,42.2453,43.2549,2490.5433
4982.0000,36.1723,37.1464,2491.0372
4983.0000,41.5176,43.6826,2491.5437
4984.0000,37.0569,39.5858,2492.0396
4985.0000,35.0542,37.4357,2492.5374
4986.0000,42.4885,46.5792,2493.0466
4987.0000,18.4373,21.0738,2493.5211
4988.0000,47.5478,52.9835,2494.0530
4989.0000,44.8185,45.6979,2494.5457
4990.0000,45.8137,49.5764,2495.0496
4991.0000,44.3261,45.3356,2495.5453
4992.0000,35.4686,39.2759,2496.0393
4993.0000,17.8277,20.0707,2496.5201
4994.0000,17.7518,19.7473,2497.0198
4995.0000,17.7344,19.7562,2497.5198
4996.0000,14.9841,17.3174,2498.0173
4997.0000,17.7888,20.2796,2498.5203
4998.0000,18.4123,22.2863,2499.0223
4999.0000,17.3164,19.3877,2499.5194
5000.0000,14.9841,17.2031,2500.0172
5001.0000,17.8112,19.9826,2500.5200
5002.0000,17.6590,19.7671,2501.0198
5003.0000,17.9673,19.5591,2501.5196
5004.0000,14.7837,17.3084,2502.0173
5005.0000,17.7157,19.8731,2502.5199
5006.0000,18.1830,22.5250,2503.0225
5007.0000,17.4349,19.8627,2503.5199
5008.0000,14.8838,17.4822,2504.0175
5009.0000,17.9915,20.0696,2504.5201
5010.0000,18.4678,21.7434,2505.0217
5011.0000,17.6102,20.1732,2505.5202
5012.0000,13.3702,15.8577,2506.0159
5013.0000,14.8601,15.3774,2506.5154
5014.0000,18.3569,21.7501,2507.0218
5015.0000,17.4811,19.8182,2507.5198
5016.0000,14.9879,17.2529,2508.0173
5017.0000,17.8452,19.8505,2508.5199
5018.0000,17.8267,19.5547,2509.0196
5019.0000,17.8990,19.9584,2509.5200
5020.0000,15.1611,17.2470,2510.0172
5021.0000,17.6001,19.7809,2510.5198
5022.0000,18.1798,20.8124,2511.0208
5023.0000,17.2953,19.1156,2511.5191
5024.0000,14.9690,18.8639,2512.0189
5025.0000,17.8726,20.2330,2512.5202
5026.0000,18.2598,21.9632,2513.0220
5027.0000,17.3837,19.8395,2513.5198
5028.0000,14.7595,17.3460,2514.0173
5029.0000,17.6702,19.7078,2514.5197
5030.0000,17.7260,19.8058,2515.0198
5031.0000,17.9476,19.9416,2515.5199
5032.0000,14.8335,17.3121,2516.0173
5033.0000,17.9644,20.3033,2516.5203
5034.0000,17.9192,18.3659,2517.0184
5035.0000,17.8516,20.2476,2517.5203
5036.0000,13.1670,15.5578,2518.0156
5037.0000,12.3206,14.8253,2518.5148
5038.0000,17.8827,20.0159,2519.0200
5039.0000,17.5294,19.6852,2519.5197
5040.0000,14.9428,19.1855,2520.0192
5041.0000,17.8878,18.3862,2520.5184
5042.0000,18.1978,22.3461,2521.0223
5043.0000,17.4886,19.5832,2521.5196
5044.0000,14.8862,17.2926,2522.0173
5045.0000,17.8372,20.1453,2522.5201
5046.0000,17.7965,20.1136,2523.0201
5047.0000,17.6040,20.0431,2523.5200
5048.0000,13.3429,15.8753,2524.0159
5049.0000,12.3090,14.4574,2524.5145
5050.0000,16.8781,19.1488,2525.0192
5051.0000,17.7219,20.1707,2525.5202
5052.0000,13.5312,16.9591,2526.0170
5053.0000,17.9908,20.2850,2526.5203
5054.0000,17.6999,20.1836,2527.0202
5055.0000,17.6331,20.0613,2527.5201
5056.0000,13.3008,17.4987,2528.0175
5057.0000,17.8094,19.8837,2528.5199
5058.0000,17.8631,20.2588,2529.0203
5059.0000,17.6649,20.0366,2529.5200
5060.0000,13.6033,17.8350,2530.0178
5061.0000,17.8497,20.4790,2530.5205
5062.0000,18.1341,22.3735,2531.0224
5063.0000,17.5553,20.0077,2531.5200
5064.0000,13.6923,17.9317,2532.0179
5065.0000,17.8306,20.2976,2532.5203
5066.0000,18.3705,22.5619,2533.0226
5067.0000,17.3947,19.6602,2533.5197
5068.0000,14.8394,17.4000,2534.0174
5069.0000,17.7675,19.8811,2534.5199
5070.0000,18.1878,22.4243,2535.0224
5071.0000,17.2241,19.6789,2535.5197
5072.0000,15.2343,18.3688,2536.0184
5073.0000,17.9739,19.4867,2536.5195
5074.0000,18.0370,20.3423,2537.0203
5075.0000,17.8828,20.3221,2537.5203
5076.0000,13.5492,16.4623,2538.0165
5077.0000,12.3765,14.9374,2538.5149
5078.0000,17.6975,18.2071,2539.0182
5079.0000,17.6880,20.0794,2539.5201
5080.0000,13.5391,17.7754,2540.0178
5081.0000,18.2786,20.7539,2540.5208
5082.0000,18.1778,21.9125,2541.0219
5083.0000,17.6020,19.3570,2541.5194
5084.0000,14.9224,19.1130,2542.0191
5085.0000,17.8590,20.1742,2542.5202
5086.0000,18.3277,22.5710,2543.0226
5087.0000,17.4030,19.9052,2543.5199
5088.0000,14.9681,19.2091,2544.0192
5089.0000,17.5387,19.6118,2544.5196
5090.0000,18.3135,21.0942,2545.0211
5091.0000,17.8555,20.1448,2545.5201
5092.0000,13.6352,17.8045,2546.0178
5093.0000,17.8934,18.9976,2546.5190
5094.0000,11.2829,13.4928,2547.0135
5095.0000,17.0780,19.2309,2547.5192
5096.0000,14.8696,19.1315,2548.0191
5097.0000,18.0808,20.1273,2548.5201
5098.0000,18.2728,22.4901,2549.0225
5099.0000,17.4476,19.7974,2549.5198
5100.0000,15.1492,19.3434,2550.0193
5101.0000,18.3145,20.6688,2550.5207
5102.0000,21.8327,26.0480,2551.0260
5103.0000,41.2073,45.4452,2551.5455
5104.0000,37.9676,42.2660,2552.0423
5105.0000,36.3549,37.3443,2552.5374
5106.0000,42.2093,47.2288,2553.0472
5107.0000,43.5433,44.4627,2553.5445
5108.0000,36.0671,37.1503,2554.0372
5109.0000,48.4451,50.1626,2554.5502
5110.0000,44.7915,46.9489,2555.0470
5111.0000,42.1393,44.2691,2555.5443
5112.0000,35.1565,37.6074,2556.0376
5113.0000,48.7463,49.5535,2556.5496
5114.0000,46.1253,46.9202,2557.0469
5115.0000,42.5636,44.3764,2557.5444
5116.0000,36.1012,37.3921,2558.0374
5117.0000,48.9374,49.7730,2558.5498
5118.0000,45.7378,47.9916,2559.0480
5119.0000,43.8902,44.8475,2559.5449
5120.0000,35.5688,36.8594,2560.0369
5121.0000,48.7476,49.5375,2560.5495
5122.0000,46.0147,46.8030,2561.0468
5123.0000,42.5635,43.4113,2561.5434
5124.0000,42.3830,46.5891,2562.0466
5125.0000,15.9471,19.1949,2562.5192
5126.0000,18.4944,21.0893,2563.0211
5127.0000,17.8570,20.0409,2563.5200
5128.0000,13.5892,17.2518,2564.0173
5129.0000,17.6006,19.6655,2564.5197
5130.0000,18.3651,22.2140,2565.0222
5131.0000,17.2978,19.5051,2565.5195
5132.0000,14.7310,17.4237,2566.0174
5133.0000,17.8619,19.8598,2566.5199
5134.0000,17.9627,20.2796,2567.0203
5135.0000,17.9489,19.9948,2567.5200
5136.0000,14.8620,17.3365,2568.0173
5137.0000,17.9614,20.3445,2568.5203
5138.0000,18.2660,22.7475,2569.0228
5139.0000,17.3601,19.5091,2569.5195
5140.0000,15.1479,17.2530,2570.0173
5141.0000,14.3618,18.0154,2570.5180
5142.0000,43.1534,46.1377,2571.0461
5143.0000,45.1828,45.9702,2571.5460
5144.0000,36.6264,41.0141,2572.0410
5145.0000,49.8877,50.6663,2572.5507
5146.0000,44.8009,47.9010,2573.0479
5147.0000,42.5480,43.3328,2573.5433
5148.0000,38.3034,39.2416,2574.0392
5149.0000,18.3008,20.4698,2574.5205
5150.0000,17.8190,20.2117,2575.0202
5151.0000,17.8384,20.1820,2575.5202
5152.0000,13.4838,16.4829,2576.0165
5153.0000,16.7134,18.3128,2576.5183
5154.0000,18.1495,22.0348,2577.0220
5155.0000,17.6224,19.8182,2577.5198
5156.0000,14.8137,17.4254,2578.0174
5157.0000,17.7099,19.8904,2578.5199
5158.0000,17.7554,20.1947,2579.0202
5159.0000,17.8191,19.9391,2579.5199
5160.0000,14.9582,18.6077,2580.0186
5161.0000,17.7962,20.0868,2580.5201
5162.0000,17.7029,20.1177,2581.0201
5163.0000,17.7771,18.4106,2581.5184
5164.0000,14.7690,17.2944,2582.0173
5165.0000,17.4531,19.3580,2582.5194
5166.0000,17.9259,20.1710,2583.0202
5167.0000,17.6957,19.9782,2583.5200
5168.0000,13.3054,15.5139,2584.0155
5169.0000,12.1142,14.1359,2584.5141
5170.0000,17.9165,20.0670,2585.0201
5171.0000,17.7233,19.4697,2585.5195
5172.0000,14.9151,19.0867,2586.0191
5173.0000,17.9801,20.4079,2586.5204
5174.0000,18.3178,20.9293,2587.0209
5175.0000,17.9597,19.9980,2587.5200
5176.0000,13.4510,15.9198,2588.0159
5177.0000,12.4061,14.8742,2588.5149
5178.0000,17.8445,19.9606,2589.0200
5179.0000,17.6217,19.6982,2589.5197
5180.0000,15.0023,17.3879,2590.0174
5181.0000,44.7457,46.2063,2590.5462
5182.0000,44.9374,48.4067,2591.0484
5183.0000,42.8327,43.8202,2591.5438
5184.0000,37.4472,40.1585,2592.0402
5185.0000,40.3989,42.7404,2592.5427
5186.0000,18.3133,21.3594,2593.0214
5187.0000,17.5517,19.7479,2593.5198
5188.0000,15.1581,19.1057,2594.0191
5189.0000,18.0713,20.0882,2594.5201
5190.0000,18.2417,22.4624,2595.0225
5191.0000,17.4921,19.7246,2595.5197
5192.0000,15.3292,18.3972,2596.0184
5193.0000,17.7491,20.2302,2596.5202
5194.0000,18.1084,20.2172,2597.0202
5195.0000,17.8768,20.4871,2597.5205
5196.0000,48.3570,54.1802,2598.0542
5197.0000,45.0669,46.0315,2598.5460
5198.0000,45.6909,48.0564,2599.0481
5199.0000,43.2073,44.2402,2599.5442
5200.0000,36.7203,39.1240,2600.0391
5201.0000,36.7978,37.6766,2600.5377
5202.0000,43.4284,47.7113,2601.0477
5203.0000,43.2059,44.0845,2601.5441
5204.0000,36.7009,39.2597,2602.0393
5205.0000,42.2977,43.2068,2602.5432
5206.0000,42.7753,47.1125,2603.0471
5207.0000,42.7874,43.6922,2603.5437
5208.0000,42.2281,46.6134,2604.0466
5209.0000,18.6591,21.3065,2604.5213
5210.0000,18.4619,22.4010,2605.0224
5211.0000,17.5404,19.9528,2605.5200
5212.0000,13.5843,17.7272,2606.0177
5213.0000,18.0324,20.2524,2606.5203
5214.0000,18.1053,20.5317,2607.0207
5215.0000,17.7357,19.8789,2607.5199
5216.0000,14.9671,19.1801,2608.0192
5217.0000,18.0027,20.2900,2608.5203
5218.0000,18.4144,22.3545,2609.0224
5219.0000,17.4781,19.6246,2609.5196
5220.0000,15.0180,19.2336,2610.0192
5221.0000,17.9120,20.3574,2610.5204
5222.0000,18.3576,22.3067,2611.0223
5223.0000,17.6115,19.9916,2611.5200
5224.0000,13.6032,17.7783,2612.0178
5225.0000,17.8432,20.1022,2612.5201
5226.0000,17.8568,22.7171,2613.0227
5227.0000,17.4707,19.7285,2613.5197
5228.0000,14.9416,17.3967,2614.0174
5229.0000,17.7815,19.8179,2614.5198
5230.0000,17.9169,20.3191,2615.0203
5231.0000,17.7048,20.1280,2615.5201
5232.0000,13.4760,17.3819,2616.0174
5233.0000,17.9485,20.2729,2616.5203
5234.0000,17.6049,20.1786,2617.0202
5235.0000,17.6583,20.0689,2617.5201
5236.0000,13.2890,15.3171,2618.0153
5237.0000,12.3857,14.8282,2618.5148
5238.0000,17.8284,20.4133,2619.0204
5239.0000,18.7373,20.8607,2619.5209
5240.0000,40.5014,42.6698,2620.0427
5241.0000,16.8019,18.8709,2620.5189
5242.0000,17.7925,20.2166,2621.0202
5243.0000,17.8608,20.1519,2621.5202
5244.0000,13.2654,15.8151,2622.0158
5245.0000,12.4847,14.9191,2622.5149
5246.0000,17.8716,20.2786,2623.0203
5247.0000,17.9047,19.4821,2623.5195
5248.0000,14.9627,16.9707,2624.0170
5249.0000,17.5276,19.3593,2624.5194
5250.0000,17.7966,19.9452,2625.0200
5251.0000,17.8841,20.2998,2625.5203
5252.0000,13.4158,17.6526,2626.0177
5253.0000,17.8018,20.0656,2626.5201
5254.0000,18.3862,21.3946,2627.0214
5255.0000,17.4395,19.5447,2627.5195
5256.0000,15.0252,19.0137,2628.0190
5257.0000,17.7877,20.0011,2628.5200
5258.0000,18.4775,22.4289,2629.0224
5259.0000,17.1536,19.1844,2629.5192
5260.0000,14.8082,17.4444,2630.0174
5261.0000,45.1267,45.9988,2630.5460
5262.0000,47.6005,49.6286,2631.0496
5263.0000,41.2254,42.0582,2631.5421
5264.0000,38.2476,40.9644,2632.0410
5265.0000,37.3531,38.8209,2632.5388
5266.0000,43.6777,45.5489,2633.0456
5267.0000,43.0245,43.8253,2633.5438
5268.0000,43.6047,47.8163,2634.0478
5269.0000,30.5946,31.4810,2634.5315
5270.0000,45.7357,46.5351,2635.0465
5271.0000,43.5388,45.3690,2635.5454
5272.0000,33.9614,35.0665,2636.0351
5273.0000,48.5107,49.6632,2636.5497
5274.0000,45.4402,47.0650,2637.0471
5275.0000,42.6894,45.0171,2637.5450
5276.0000,37.4097,41.2870,2638.0413
5277.0000,39.9939,42.2169,2638.5422
5278.0000,41.4499,45.4724,2639.0455
5279.0000,46.2380,47.0466,2639.5471
5280.0000,32.3318,34.9064,2640.0349
5281.0000,18.2477,18.7169,2640.5187
5282.0000,17.7715,20.1005,2641.0201
5283.0000,17.8423,20.2160,2641.5202
5284.0000,13.4548,16.0610,2642.0161
5285.0000,12.3836,14.4726,2642.5145
5286.0000,18.0174,20.3318,2643.0203
5287.0000,17.8539,20.2717,2643.5203
5288.0000,13.6765,17.5997,2644.0176
5289.0000,17.8061,19.9618,2644.5200
5290.0000,18.1140,20.2324,2645.0202
5291.0000,17.8453,20.3128,2645.5203
5292.0000,13.3122,15.7403,2646.0157
5293.0000,12.5980,15.0053,2646.5150
5294.0000,17.9567,18.8985,2647.0189
5295.0000,18.0755,20.1799,2647.5202
5296.0000,13.6687,17.3895,2648.0174
5297.0000,17.8253,20.1201,2648.5201
5298.0000,17.9217,20.0149,2649.0200
5299.0000,18.0059,20.1059,2649.5201
5300.0000,13.6437,17.5695,2650.0176
5301.0000,17.9371,20.4899,2650.5205
5302.0000,18.3512,22.1417,2651.0221
5303.0000,17.3796,19.6435,2651.5196
5304.0000,14.9615,19.1730,2652.0192
5305.0000,18.1270,18.7997,2652.5188
5306.0000,17.7212,19.8157,2653.0198
5307.0000,17.8967,20.1474,2653.5202
5308.0000,13.6825,17.6367,2654.0176
5309.0000,17.8899,20.0067,2654.5200
5310.0000,17.8465,20.3127,2655.0203
5311.0000,17.8896,19.9054,2655.5199
5312.0000,15.0779,17.1644,2656.0172
5313.0000,17.9221,20.4108,2656.5204
5314.0000,17.8137,19.9005,2657.0199
5315.0000,17.7765,20.2508,2657.5203
5316.0000,13.6277,17.3908,2658.0174
5317.0000,17.9260,20.2539,2658.5203
5318.0000,18.0559,22.2546,2659.0223
5319.0000,17.7469,19.8332,2659.5198
5320.0000,14.7890,16.4398,2660.0164
5321.0000,12.5623,14.7678,2660.5148
5322.0000,17.8766,20.2572,2661.0203
5323.0000,17.8106,20.3813,2661.5204
5324.0000,13.4370,16.0032,2662.0160
5325.0000,12.5492,14.9757,2662.5150
5326.0000,18.2965,22.2261,2663.0222
5327.0000,17.5688,19.9624,2663.5200
5328.0000,13.5966,17.7798,2664.0178
5329.0000,17.8318,19.8578,2664.5199
5330.0000,18.3225,22.4935,2665.0225
5331.0000,17.6842,20.1761,2665.5202
5332.0000,13.4568,15.5314,2666.0155
5333.0000,12.3835,14.8973,2666.5149
5334.0000,18.5532,21.5616,2667.0216
5335.0000,17.3168,19.5751,2667.5196
5336.0000,14.8256,19.0646,2668.0191
5337.0000,17.8032,20.2649,2668.5203
5338.0000,18.3863,22.6331,2669.0226
5339.0000,17.4090,19.7910,2669.5198
5340.0000,15.0084,18.9712,2670.0190
5341.0000,17.7939,20.4560,2670.5205
5342.0000,18.1701,22.3171,2671.0223
5343.0000,17.4254,19.5629,2671.5196
5344.0000,14.8767,19.1051,2672.0191
5345.0000,17.7273,20.4386,2672.5204
5346.0000,18.3170,22.2584,2673.0223
5347.0000,17.7131,18.2168,2673.5182
5348.0000,15.1586,18.9147,2674.0189
5349.0000,17.7530,19.8624,2674.5199
5350.0000,16.6773,18.2551,2675.0183
5351.0000,17.7802,20.0653,2675.5201
5352.0000,13.1821,15.4053,2676.0154
5353.0000,12.4076,14.4578,2676.5145
5354.0000,18.0493,20.9112,2677.0209
5355.0000,17.7826,19.8364,2677.5198
5356.0000,15.3445,17.0778,2678.0171
5357.0000,17.7648,19.8829,2678.5199
5358.0000,18.2815,22.1461,2679.0221
5359.0000,17.4178,19.6901,2679.5197
5360.0000,14.7735,17.4392,2680.0174
5361.0000,17.7528,19.9630,2680.5200
5362.0000,17.8796,20.0139,2681.0200
5363.0000,17.8649,20.3357,2681.5203
5364.0000,13.7540,17.9964,2682.0180
5365.0000,17.7985,20.2652,2682.5203
5366.0000,17.9661,20.3623,2683.0204
5367.0000,17.7233,19.6152,2683.5196
5368.0000,15.1038,18.9827,2684.0190
5369.0000,17.9508,20.0061,2684.5200
5370.0000,17.7427,20.1272,2685.0201
5371.0000,17.6703,20.0265,2685.5200
5372.0000,13.3687,15.8110,2686.0158
5373.0000,12.1815,14.2154,2686.5142
5374.0000,18.3277,22.1094,2687.0221
5375.0000,17.3986,19.8125,2687.5198
5376.0000,14.8240,17.4513,2688.0175
5377.0000,17.8314,19.9863,2688.5200
5378.0000,17.8844,19.9248,2689.0199
5379.0000,17.7409,19.7958,2689.5198
5380.0000,15.2740,18.1979,2690.0182
5381.0000,47.9669,52.0201,2690.5520
5382.0000,44.6579,46.9189,2691.0469
5383.0000,42.6441,43.4960,2691.5435
5384.0000,43.7344,46.5834,2692.0466
5385.0000,27.1304,27.6385,2692.5276
5386.0000,16.0928,18.6353,2693.0186
5387.0000,17.6682,20.0619,2693.5201
5388.0000,13.4206,15.8874,2694.0159
5389.0000,12.2176,14.3470,2694.5143
5390.0000,17.9347,20.2780,2695.0203
5391.0000,17.7540,20.1928,2695.5202
5392.0000,13.2652,15.5944,2696.0156
5393.0000,12.4831,15.0320,2696.5150
5394.0000,18.0328,20.2699,2697.0203
5395.0000,17.6394,20.0791,2697.5201
5396.0000,13.1876,15.3792,2698.0154
5397.0000,12.2269,14.7241,2698.5147
5398.0000,17.9600,20.3041,2699.0203
5399.0000,17.6426,19.2208,2699.5192
5400.0000,14.8091,17.1805,2700.0172
5401.0000,17.7992,20.1167,2700.5201
5402.0000,17.9539,20.3598,2701.0204
5403.0000,17.7424,20.1092,2701.5201
5404.0000,13.3767,15.9554,2702.0160
5405.0000,12.4715,15.0542,2702.5151
5406.0000,18.3771,22.2818,2703.0223
5407.0000,17.6694,21.1550,2703.5212
5408.0000,16.0941,18.4232,2704.0184
5409.0000,48.3629,50.6922,2704.5507
5410.0000,48.7732,49.6217,2705.0496
5411.0000,41.7821,42.7254,2705.5427
5412.0000,37.9367,38.8045,2706.0388
5413.0000,41.0490,41.8202,2706.5418
5414.0000,41.6032,42.5152,2707.0425
5415.0000,42.4171,44.5006,2707.5445
5416.0000,37.2142,38.2605,2708.0383
5417.0000,44.9717,45.8804,2708.5459
5418.0000,41.8067,42.4615,2709.0425
5419.0000,43.0560,44.6792,2709.5447
5420.0000,35.0486,37.4702,2710.0375
5421.0000,48.4007,49.2465,2710.5493
5422.0000,45.4886,46.4034,2711.0464
5423.0000,42.6053,43.4809,2711.5435
5424.0000,37.9502,39.0875,2712.0391
5425.0000,42.0590,43.0047,2712.5430
5426.0000,33.5065,34.3222,2713.0343
5427.0000,42.0600,44.1982,2713.5442
5428.0000,42.3018,43.5379,2714.0435
5429.0000,31.5542,32.4720,2714.5325
5430.0000,45.2560,47.6830,2715.0477
5431.0000,44.1618,46.2739,2715.5463
5432.0000,32.9465,35.1979,2716.0352
5433.0000,48.0697,49.0194,2716.5490
5434.0000,43.6887,47.9852,2717.0480
5435.0000,42.0387,44.2214,2717.5442
5436.0000,38.4735,41.5301,2718.0415
5437.0000,38.9299,39.7733,2718.5398
5438.0000,42.3432,46.6848,2719.0467
5439.0000,42.2691,43.8625,2719.5439
5440.0000,37.5595,38.4913,2720.0385
5441.0000,45.1680,46.0553,2720.5461
5442.0000,50.8243,52.4708,2721.0525
5443.0000,42.2039,42.9894,2721.5430
5444.0000,16.3094,18.3905,2722.0184
5445.0000,18.0072,20.2423,2722.5202
5446.0000,43.5059,46.6114,2723.0466
5447.0000,42.4193,45.0732,2723.5451
5448.0000,34.6987,35.9893,2724.0360
5449.0000,17.8672,20.1208,2724.5201
5450.0000,18.2990,20.8746,2725.0209
5451.0000,17.8686,20.2816,2725.5203
5452.0000,13.3226,15.7973,2726.0158
5453.0000,12.3753,14.7258,2726.5147
5454.0000,18.0837,20.2371,2727.0202
5455.0000,17.8601,20.2730,2727.5203
5456.0000,13.6697,17.5887,2728.0176
5457.0000,17.7644,20.0349,2728.5200
5458.0000,17.8221,20.4543,2729.0205
5459.0000,17.8180,19.8945,2729.5199
5460.0000,14.8619,17.5122,2730.0175
5461.0000,17.7867,20.1886,2730.5202
5462.0000,18.2978,20.7805,2731.0208
5463.0000,17.7112,19.8744,2731.5199
5464.0000,15.1209,17.2037,2732.0172
5465.0000,17.8241,19.8826,2732.5199
5466.0000,18.3165,22.1858,2733.0222
5467.0000,17.3024,19.6742,2733.5197
5468.0000,15.0284,19.2426,2734.0192
5469.0000,17.9199,20.0307,2734.5200
5470.0000,18.1167,22.5073,2735.0225
5471.0000,17.4941,20.0230,2735.5200
5472.0000,13.6306,17.5796,2736.0176
5473.0000,18.0399,20.3392,2736.5203
5474.0000,17.9770,20.1105,2737.0201
5475.0000,17.9875,20.2232,2737.5202
5476.0000,13.5370,14.3586,2738.0144
5477.0000,12.5486,14.6374,2738.5146
5478.0000,23.0689,24.0096,2739.0240
5479.0000,16.6162,18.8319,2739.5188
5480.0000,14.6792,17.3429,2740.0173
5481.0000,17.7329,20.0317,2740.5200
5482.0000,17.9481,20.4771,2741.0205
5483.0000,17.9656,20.2052,2741.5202
5484.0000,13.3346,15.7178,2742.0157
5485.0000,12.1944,14.3521,2742.5144
5486.0000,17.9069,20.3828,2743.0204
5487.0000,17.8127,20.2974,2743.5203
5488.0000,13.6090,17.5046,2744.0175
5489.0000,17.7724,19.8206,2744.5198
5490.0000,17.7211,20.3073,2745.0203
5491.0000,17.7842,19.8175,2745.5198
5492.0000,15.0224,18.9020,2746.0189
5493.0000,17.8598,20.0641,2746.5201
5494.0000,18.0323,20.2395,2747.0202
5495.0000,17.6129,20.1515,2747.5202
5496.0000,13.3168,15.4007,2748.0154
5497.0000,12.4239,14.9437,2748.5149
5498.0000,18.2252,21.0479,2749.0211
5499.0000,17.5163,19.5669,2749.5196
5500.0000,14.8165,17.5031,2750.0175
5501.0000,17.7514,20.0849,2750.5201
5502.0000,17.8656,20.3530,2751.0204
5503.0000,17.6683,19.8712,2751.5199
5504.0000,14.8797,17.3298,2752.0173
5505.0000,17.9450,19.9534,2752.5200
5506.0000,17.9522,20.3813,2753.0204
5507.0000,17.8038,20.3045,2753.5203
5508.0000,12.9039,13.9457,2754.0139
5509.0000,12.3271,14.3556,2754.5144
5510.0000,17.9185,20.1916,2755.0202
5511.0000,17.6842,20.1988,2755.5202
5512.0000,13.2862,15.5331,2756.0155
5513.0000,12.4999,15.0051,2756.5150
5514.0000,42.5176,43.3512,2757.0434
5515.0000,44.3301,45.2217,2757.5452
5516.0000,37.2130,40.0530,2758.0401
5517.0000,42.8912,43.8449,2758.5439
5518.0000,37.6499,39.7373,2759.0397
5519.0000,17.3489,19.5408,2759.5195
5520.0000,15.1299,19.0944,2760.0191
5521.0000,17.8061,19.9636,2760.5200
5522.0000,18.4765,22.5367,2761.0225
5523.0000,17.4323,19.9132,2761.5199
5524.0000,15.0684,19.3019,2762.0193
5525.0000,17.9774,20.0546,2762.5201
5526.0000,18.4788,22.4108,2763.0224
5527.0000,17.3685,18.0849,2763.5181
5528.0000,14.8417,19.0869,2764.0191
5529.0000,17.8224,20.1523,2764.5202
5530.0000,17.9555,20.2754,2765.0203
5531.0000,17.9636,19.9838,2765.5200
5532.0000,13.6109,17.8318,2766.0178
5533.0000,17.9461,20.0065,2766.5200
5534.0000,18.4842,22.2776,2767.0223
5535.0000,17.4828,20.0006,2767.5200
5536.0000,13.6095,17.8249,2768.0178
5537.0000,17.8195,20.1710,2768.5202
5538.0000,19.2046,21.3582,2769.0214
5539.0000,17.6711,19.8005,2769.5198
5540.0000,15.0365,19.1936,2770.0192
5541.0000,18.0055,18.6455,2770.5186
5542.0000,17.8822,20.2021,2771.0202
5543.0000,17.9802,19.9723,2771.5200
5544.0000,15.1506,19.1031,2772.0191
5545.0000,17.8158,19.9113,2772.5199
5546.0000,18.0713,20.2853,2773.0203
5547.0000,17.7918,20.2274,2773.5202
5548.0000,13.4676,15.9359,2774.0159
5549.0000,12.5463,14.5807,2774.5146
5550.0000,18.3160,22.5333,2775.0225
5551.0000,17.3444,19.8297,2775.5198
5552.0000,15.1632,17.3774,2776.0174
5553.0000,17.7732,20.3369,2776.5203
5554.0000,43.4951,46.1009,2777.0461
5555.0000,44.6341,45.6431,2777.5456
5556.0000,34.7052,38.2196,2778.0382
5557.0000,45.0783,45.9413,2778.5459
5558.0000,43.7315,49.1076,2779.0491
5559.0000,44.4839,45.3825,2779.5454
5560.0000,32.6038,36.9082,2780.0369
5561.0000,17.8655,20.2315,2780.5202
5562.0000,18.4288,22.6684,2781.0227
5563.0000,17.6714,20.0079,2781.5200
5564.0000,13.6108,15.7463,2782.0157
5565.0000,12.4953,14.9241,2782.5149
5566.0000,18.2989,22.5076,2783.0225
5567.0000,17.5734,19.9948,2783.5200
5568.0000,13.6164,17.8309,2784.0178
5569.0000,17.8124,19.8506,2784.5199
5570.0000,18.1628,20.3916,2785.0204
5571.0000,17.9787,19.9637,2785.5200
5572.0000,14.8968,17.3079,2786.0173
5573.0000,17.9343,20.2498,2786.5203
5574.0000,17.8999,19.8606,2787.0199
5575.0000,17.9936,20.3705,2787.5204
5576.0000,13.2741,15.3026,2788.0153
5577.0000,12.5545,15.0363,2788.5150
5578.0000,18.0552,18.9198,2789.0189
5579.0000,17.5576,19.6250,2789.5196
5580.0000,14.9690,18.8645,2790.0189
5581.0000,17.8253,20.1905,2790.5202
5582.0000,18.3155,22.1849,2791.0222
5583.0000,17.4389,19.8514,2791.5199
5584.0000,14.8058,17.2010,2792.0172
5585.0000,17.7314,20.0828,2792.5201
5586.0000,17.8093,20.2662,2793.0203
5587.0000,17.8285,19.9066,2793.5199
5588.0000,14.9335,17.2567,2794.0173
5589.0000,17.8164,19.1033,2794.5191
5590.0000,18.0804,19.5822,2795.0196
5591.0000,17.9448,20.3272,2795.5203
5592.0000,13.4211,15.6201,2796.0156
5593.0000,12.4968,14.6554,2796.5147
5594.0000,17.8083,20.2141,2797.0202
5595.0000,17.9380,19.9831,2797.5200
5596.0000,15.0364,18.5749,2798.0186
5597.0000,17.8465,19.8148,2798.5198
5598.0000,17.7449,19.9312,2799.0199
5599.0000,17.5608,19.5600,2799.5196
5600.0000,15.0565,19.0201,2800.0190
5601.0000,14.8900,16.1051,2800.5161
5602.0000,18.4458,22.3888,2801.0224
5603.0000,17.5752,20.0479,2801.5201
5604.0000,13.7284,17.6475,2802.0176
5605.0000,17.8864,20.3335,2802.5203
5606.0000,18.3726,22.2883,2803.0223
5607.0000,17.5741,20.0165,2803.5200
5608.0000,16.9259,17.4224,2804.0174
5609.0000,16.6442,19.8856,2804.5199
5610.0000,42.0923,42.4749,2805.0425
5611.0000,43.7382,44.5336,2805.5446
5612.0000,36.1911,38.4582,2806.0385
5613.0000,18.3728,21.7961,2806.5218
5614.0000,17.9766,20.3950,2807.0204
5615.0000,18.2785,20.9876,2807.5210
5616.0000,47.5300,50.7002,2808.0507
5617.0000,48.1598,49.0103,2808.5490
5618.0000,45.7232,48.0089,2809.0480
5619.0000,41.9762,42.9493,2809.5430
5620.0000,37.7207,39.2321,2810.0392
5621.0000,42.3619,42.7421,2810.5428
5622.0000,37.5508,38.5348,2811.0385
5623.0000,41.1745,42.0336,2811.5420
5624.0000,38.5297,40.4174,2812.0404
5625.0000,40.3116,42.8741,2812.5429
5626.0000,35.3184,36.1289,2813.0361
5627.0000,42.3907,43.2710,2813.5433
5628.0000,33.7806,37.1402,2814.0371
5629.0000,18.1260,18.7913,2814.5188
5630.0000,18.4630,22.4103,2815.0224
5631.0000,42.0743,45.8778,2815.5459
5632.0000,38.0375,42.2747,2816.0423
5633.0000,31.8772,32.8473,2816.5328
5634.0000,18.0014,20.1815,2817.0202
5635.0000,18.0013,20.2091,2817.5202
5636.0000,13.1640,15.2659,2818.0153
5637.0000,12.2628,14.2841,2818.5143
5638.0000,17.6833,19.9926,2819.0200
5639.0000,17.5606,19.2824,2819.5193
5640.0000,14.8115,17.2587,2820.0173
5641.0000,17.8734,20.0382,2820.5200
5642.0000,17.6592,19.8103,2821.0198
5643.0000,17.7915,20.2247,2821.5202
5644.0000,13.1494,15.4740,2822.0155
5645.0000,12.3700,14.7287,2822.5147
5646.0000,17.7170,20.3310,2823.0203
5647.0000,17.6920,20.2044,2823.5202
5648.0000,13.3319,15.6809,2824.0157
5649.0000,12.0771,14.1297,2824.5141
5650.0000,17.7885,19.8864,2825.0199
5651.0000,17.7360,19.8508,2825.5199
5652.0000,14.7656,17.2304,2826.0172
5653.0000,17.7790,19.8856,2826.5199
5654.0000,17.7589,20.1748,2827.0202
5655.0000,17.5740,19.3103,2827.5193
5656.0000,14.7181,17.4292,2828.0174
5657.0000,17.8081,20.1900,2828.5202
5658.0000,17.6592,20.4800,2829.0205
5659.0000,17.7774,19.8302,2829.5198
5660.0000,14.7943,17.4308,2830.0174
5661.0000,17.9743,20.2299,2830.5202
5662.0000,18.2216,22.1885,2831.0222
5663.0000,17.6766,19.7255,2831.5197
5664.0000,14.9526,17.3957,2832.0174
5665.0000,17.9000,20.2353,2832.5202
5666.0000,18.3098,22.5575,2833.0226
5667.0000,17.6114,19.8231,2833.5198
5668.0000,15.0794,19.0460,2834.0190
5669.0000,18.5445,22.0224,2834.5220
5670.0000,17.8610,20.4469,2835.0205
5671.0000,17.5458,19.9028,2835.5199
5672.0000,14.8955,17.3399,2836.0173
5673.0000,17.7618,20.1661,2836.5202
5674.0000,17.8666,20.3052,2837.0203
5675.0000,17.8884,20.0916,2837.5201
5676.0000,13.2627,15.8474,2838.0158
5677.0000,12.4193,14.7433,2838.5147
5678.0000,17.9305,20.2706,2839.0203
5679.0000,17.8678,19.9644,2839.5200
5680.0000,14.9306,15.7996,2840.0158
5681.0000,12.3026,13.5204,2840.5135
5682.0000,17.8124,19.8834,2841.0199
5683.0000,17.6929,20.1474,2841.5202
5684.0000,13.2550,15.5829,2842.0156
5685.0000,13.4093,14.0243,2842.5140
5686.0000,18.6381,19.3017,2843.0193
5687.0000,7.9890,8.3486,2843.5083
5688.0000,9.5248,11.6506,2844.0117
5689.0000,10.0835,11.6103,2844.5116
5690.0000,11.8845,12.4126,2845.0124
5691.0000,18.9177,19.4434,2845.5195
5692.0000,17.1959,18.0034,2846.0180
5693.0000,19.5494,21.1773,2846.5212
5694.0000,18.6137,20.3863,2847.0204
5695.0000,17.3370,18.4065,2847.5184
5696.0000,14.9444,17.2189,2848.0172
5697.0000,17.8699,20.3871,2848.5204
5698.0000,17.8237,20.2343,2849.0202
5699.0000,18.0127,20.3066,2849.5203
5700.0000,13.3511,15.8138,2850.0158
5701.0000,12.5293,14.7424,2850.5147
5702.0000,17.8355,20.2299,2851.0202
5703.0000,17.5773,20.1972,2851.5202
5704.0000,13.6690,16.8085,2852.0168
5705.0000,18.1562,20.1888,2852.5202
5706.0000,17.8458,20.0319,2853.0200
5707.0000,17.8247,20.0614,2853.5201
5708.0000,13.5841,15.7073,2854.0157
5709.0000,12.4904,14.6715,2854.5147
5710.0000,18.3486,22.2063,2855.0222
5711.0000,17.7141,20.2231,2855.5202
5712.0000,13.4982,16.0979,2856.0161
5713.0000,12.6040,15.1853,2856.5152
5714.0000,17.8821,19.9716,2857.0200
5715.0000,17.6357,20.1762,2857.5202
5716.0000,17.4684,17.9793,2858.0180
5717.0000,49.7918,50.8026,2858.5508
5718.0000,45.1740,46.0238,2859.0460
5719.0000,41.6003,42.3880,2859.5424
5720.0000,42.2744,43.1077,2860.0431
5721.0000,18.6702,19.4338,2860.5194
5722.0000,18.4701,18.9832,2861.0190
5723.0000,18.7011,19.2347,2861.5192
5724.0000,15.9398,17.2588,2862.0173
5725.0000,19.1941,19.7219,2862.5197
5726.0000,17.8736,20.0945,2863.0201
5727.0000,17.7599,19.9809,2863.5200
5728.0000,13.3447,15.4183,2864.0154
5729.0000,12.4787,14.6431,2864.5146
5730.0000,17.8328,20.2673,2865.0203
5731.0000,17.7565,20.1286,2865.5201
5732.0000,13.6449,17.8418,2866.0178
5733.0000,17.7472,20.1218,2866.5201
5734.0000,17.9497,20.1018,2867.0201
5735.0000,18.0225,20.4596,2867.5205
5736.0000,47.5189,53.6837,2868.0537
5737.0000,48.7849,49.6969,2868.5497
5738.0000,45.4079,47.7772,2869.0478
5739.0000,42.8292,43.7886,2869.5438
5740.0000,51.2797,56.4387,2870.0564
5741.0000,35.4393,36.2479,2870.5363
5742.0000,41.7665,42.6941,2871.0427
5743.0000,43.4154,44.2455,2871.5442
5744.0000,36.5468,38.4721,2872.0385
5745.0000,45.7319,47.9541,2872.5480
5746.0000,44.9499,47.3812,2873.0474
5747.0000,47.3089,49.6012,2873.5496
5748.0000,30.2509,32.0053,2874.0320
5749.0000,13.6006,15.7287,2874.5157
5750.0000,17.8322,19.9009,2875.0199
5751.0000,17.7119,20.1291,2875.5201
5752.0000,13.3941,15.5859,2876.0156
5753.0000,12.4839,14.9155,2876.5149
5754.0000,17.6512,19.6531,2877.0197
5755.0000,18.1241,20.2121,2877.5202
5756.0000,13.2899,15.9025,2878.0159
5757.0000,12.5250,14.7107,2878.5147
5758.0000,17.7335,19.8940,2879.0199
5759.0000,17.6484,19.6832,2879.5197
5760.0000,16.8943,17.7963,2880.0178
5761.0000,18.2227,18.8809,2880.5189
5762.0000,43.5304,46.8029,2881.0468
5763.0000,42.8109,44.4186,2881.5444
5764.0000,37.4611,37.8894,2882.0379
5765.0000,44.6785,46.4139,2882.5464
5766.0000,45.7826,46.6760,2883.0467
5767.0000,42.0393,44.3491,2883.5444
5768.0000,38.7627,43.8474,2884.0439
5769.0000,36.9467,37.8177,2884.5378
5770.0000,40.2818,41.1567,2885.0412
5771.0000,42.1037,45.3191,2885.5453
5772.0000,36.4585,40.7475,2886.0408
5773.0000,40.0369,41.9186,2886.5419
5774.0000,41.2653,45.5747,2887.0456
5775.0000,43.8207,44.6898,2887.5447
5776.0000,35.6322,37.7756,2888.0378
5777.0000,49.0356,49.8840,2888.5499
5778.0000,44.6747,46.8394,2889.0468
5779.0000,42.6145,43.4751,2889.5435
5780.0000,42.0840,43.0809,2890.0431
5781.0000,32.7630,35.0329,2890.5350
5782.0000,17.5807,19.7274,2891.0197
5783.0000,17.7103,20.0809,2891.5201
5784.0000,13.4142,15.7712,2892.0158
5785.0000,12.3817,14.9344,2892.5149
5786.0000,17.6460,19.7075,2893.0197
5787.0000,17.7585,20.0339,2893.5200
5788.0000,13.0919,15.6442,2894.0156
5789.0000,12.3248,14.3856,2894.5144
5790.0000,17.9016,19.9720,2895.0200
5791.0000,17.6711,20.0402,2895.5200
5792.0000,13.6032,17.4764,2896.0175
5793.0000,17.7761,19.9817,2896.5200
5794.0000,17.9254,20.0857,2897.0201
5795.0000,17.9697,20.4385,2897.5204
5796.0000,13.2365,15.4371,2898.0154
5797.0000,12.1417,14.2320,2898.5142
5798.0000,46.0160,47.1173,2899.0471
5799.0000,42.8379,43.6917,2899.5437
5800.0000,36.5084,39.2604,2900.0393
5801.0000,16.0315,19.1043,2900.5191
5802.0000,18.4148,20.4164,2901.0204
5803.0000,17.9529,20.3913,2901.5204
5804.0000,13.2762,15.9474,2902.0159
5805.0000,12.6303,15.0823,2902.5151
5806.0000,18.4052,22.3319,2903.0223
5807.0000,17.4521,20.0209,2903.5200
5808.0000,13.7157,17.6500,2904.0177
5809.0000,18.1065,20.1723,2904.5202
5810.0000,18.2521,22.4696,2905.0225
5811.0000,17.4619,19.7746,2905.5198
5812.0000,14.9047,17.4648,2906.0175
5813.0000,18.2322,20.7873,2906.5208
5814.0000,18.3714,22.6031,2907.0226
5815.0000,17.5922,20.0046,2907.5200
5816.0000,13.4522,16.0820,2908.0161
5817.0000,12.4501,14.8750,2908.5149
5818.0000,18.3797,22.2891,2909.0223
5819.0000,17.4484,19.5819,2909.5196
5820.0000,14.9688,18.9171,2910.0189
5821.0000,17.9021,19.9814,2910.5200
5822.0000,18.4316,22.2112,2911.0222
5823.0000,17.5956,19.9853,2911.5200
5824.0000,13.4455,16.1326,2912.0161
5825.0000,12.5635,14.9559,2912.5150
5826.0000,18.0614,20.1023,2913.0201
5827.0000,18.2101,21.4318,2913.5214
5828.0000,17.7218,21.4761,2914.0215
5829.0000,17.8057,20.0983,2914.5201
5830.0000,43.5213,48.0329,2915.0480
5831.0000,42.5302,43.5071,2915.5435
5832.0000,42.4966,47.5990,2916.0476
5833.0000,29.6920,30.6024,2916.5306
5834.0000,44.5307,48.7139,2917.0487
5835.0000,42.3265,43.1050,2917.5431
5836.0000,39.0056,40.6446,2918.0407
5837.0000,39.1131,40.1221,2918.5401
5838.0000,41.5553,42.4371,2919.0424
5839.0000,43.2036,44.0689,2919.5441
5840.0000,43.1344,46.4473,2920.0465
5841.0000,32.2619,34.0810,2920.5341
5842.0000,18.6635,22.1934,2921.0222
5843.0000,17.5847,19.7157,2921.5197
5844.0000,14.9931,19.2337,2922.0192
5845.0000,17.8949,20.2122,2922.5202
5846.0000,18.1858,22.4161,2923.0224
5847.0000,17.6805,18.2093,2923.5182
5848.0000,15.0777,19.3579,2924.0194
5849.0000,17.7215,19.8254,2924.5198
5850.0000,18.2010,22.4457,2925.0224
5851.0000,17.4761,19.8054,2925.5198
5852.0000,17.0172,17.5047,2926.0175
5853.0000,46.4093,50.6596,2926.5507
5854.0000,44.9701,46.0308,2927.0460
5855.0000,43.2793,44.1515,2927.5442
5856.0000,35.9174,37.7338,2928.0377
5857.0000,48.5043,49.3181,2928.5493
5858.0000,35.4489,37.0605,2929.0371
5859.0000,41.2104,42.1463,2929.5422
5860.0000,43.2094,47.2811,2930.0473
5861.0000,29.1161,30.6436,2930.5306
5862.0000,44.4855,45.4562,2931.0455
5863.0000,43.3903,44.2868,2931.5443
5864.0000,35.3358,38.6580,2932.0387
5865.0000,42.4747,43.3472,2932.5434
5866.0000,37.0536,37.9620,2933.0380
5867.0000,17.9691,20.3063,2933.5203
5868.0000,13.2074,15.8802,2934.0159
5869.0000,12.2888,14.3267,2934.5143
5870.0000,17.7584,20.1374,2935.0201
5871.0000,12.8096,14.7910,2935.5148
5872.0000,5.5487,10.0487,2936.0100
5873.0000,5.3828,5.5855,2936.5056
5874.0000,16.2529,21.1784,2937.0212
5875.0000,17.7632,19.8737,2937.5199
5876.0000,14.7751,17.4383,2938.0174
5877.0000,18.0122,20.3954,2938.5204
5878.0000,18.0661,20.2031,2939.0202
5879.0000,18.0054,20.0707,2939.5201
5880.0000,13.3547,15.9658,2940.0160
5881.0000,12.6570,15.0567,2940.5151
5882.0000,18.0125,20.0930,2941.0201
5883.0000,38.9335,39.6567,2941.5397
5884.0000,49.3002,53.7246,2942.0537
5885.0000,48.1847,49.0356,2942.5490
5886.0000,44.0692,48.4559,2943.0485
5887.0000,41.8315,43.7086,2943.5437
5888.0000,38.0791,39.1339,2944.0394
5889.0000,18.1084,20.4409,2944.5204
5890.0000,17.8402,20.3516,2945.0204
5891.0000,17.8629,18.4961,2945.5185
5892.0000,14.8830,17.3705,2946.0174
5893.0000,18.0903,20.2436,2946.5202
5894.0000,17.7247,19.8160,2947.0198
5895.0000,17.9316,20.3180,2947.5203
5896.0000,13.1257,15.4949,2948.0155
5897.0000,12.5719,14.9164,2948.5149
5898.0000,17.8665,20.2540,2949.0203
5899.0000,17.9637,20.0555,2949.5201
5900.0000,13.4154,16.0725,2950.0161
5901.0000,12.5490,14.9884,2950.5150
5902.0000,17.9618,20.0627,2951.0201
5903.0000,17.6338,20.0870,2951.5201
5904.0000,15.9554,16.3141,2952.0163
5905.0000,12.8163,15.1472,2952.5151
5906.0000,17.8536,19.9603,2953.0200
5907.0000,18.1950,20.3594,2953.5204
5908.0000,13.3382,15.3692,2954.0154
5909.0000,12.3242,14.3775,2954.5144
5910.0000,17.9560,20.2530,2955.0203
5911.0000,18.1200,19.6514,2955.5197
5912.0000,14.8565,17.5248,2956.0175
5913.0000,17.8993,19.9010,2956.5199
5914.0000,18.3613,22.6122,2957.0226
5915.0000,17.5352,19.8610,2957.5199
5916.0000,14.7798,17.4907,2958.0175
5917.0000,17.9427,20.1305,2958.5201
5918.0000,11.5174,13.8038,2959.0138
5919.0000,17.2285,19.1868,2959.5192
5920.0000,22.3252,23.8064,2960.0238
5921.0000,35.5914,36.4579,2960.5365
5922.0000,18.3528,21.3119,2961.0213
5923.0000,17.5898,19.7442,2961.5197
5924.0000,15.0063,17.3588,2962.0174
5925.0000,17.9121,20.0352,2962.5200
5926.0000,18.3715,22.2526,2963.0223
5927.0000,17.6913,20.1825,2963.5202
5928.0000,13.2626,15.8231,2964.0158
5929.0000,12.2728,14.4900,2964.5145
5930.0000,17.8267,20.4554,2965.0205
5931.0000,17.7848,20.2992,2965.5203
5932.0000,13.3525,15.9971,2966.0160
5933.0000,12.3275,14.4529,2966.5145
5934.0000,18.4534,22.3489,2967.0224
5935.0000,16.2215,17.8010,2967.5178
5936.0000,14.7504,17.5135,2968.0175
5937.0000,17.9181,20.0658,2968.5201
5938.0000,17.8839,20.2077,2969.0202
5939.0000,17.9519,20.0909,2969.5201
5940.0000,13.4553,16.1141,2970.0161
5941.0000,12.5140,14.7380,2970.5147
5942.0000,17.9185,20.2133,2971.0202
5943.0000,17.7676,20.0947,2971.5201
5944.0000,13.6455,17.5802,2972.0176
5945.0000,17.9422,20.4083,2972.5204
5946.0000,18.0082,20.3627,2973.0204
5947.0000,18.0841,20.2836,2973.5203
5948.0000,13.3631,15.9321,2974.0159
5949.0000,16.4219,16.7903,2974.5168
5950.0000,17.9124,20.2425,2975.0202
5951.0000,41.4127,41.7593,2975.5418
5952.0000,38.8867,39.9641,2976.0400
5953.0000,42.2979,43.1106,2976.5431
5954.0000,18.2905,21.7675,2977.0218
5955.0000,17.5878,20.1151,2977.5201
5956.0000,13.2556,15.3712,2978.0154
5957.0000,11.9830,12.6667,2978.5127
5958.0000,17.7757,19.8169,2979.0198
5959.0000,17.8401,19.8741,2979.5199
5960.0000,14.7766,16.3019,2980.0163
5961.0000,12.4454,14.8682,2980.5149
5962.0000,18.1237,20.7498,2981.0208
5963.0000,17.9848,20.3618,2981.5204
5964.0000,13.7346,17.2027,2982.0172
5965.0000,17.8677,19.9970,2982.5200
5966.0000,18.2570,20.7177,2983.0207
5967.0000,17.7596,19.7734,2983.5198
5968.0000,14.6318,17.2634,2984.0173
5969.0000,18.0516,20.4543,2984.5205
5970.0000,17.9507,20.3128,2985.0203
5971.0000,17.9345,20.2444,2985.5202
5972.0000,13.5348,16.0638,2986.0161
5973.0000,12.6672,15.0783,2986.5151
5974.0000,18.3928,22.0751,2987.0221
5975.0000,17.5250,20.0029,2987.5200
5976.0000,13.5177,17.7638,2988.0178
5977.0000,18.1574,20.2558,2988.5203
5978.0000,18.4516,22.4219,2989.0224
5979.0000,36.3539,36.8730,2989.5369
5980.0000,40.1830,41.1166,2990.0411
5981.0000,36.5305,37.5535,2990.5376
5982.0000,42.9789,46.3464,2991.0464
5983.0000,42.3693,44.3682,2991.5444
5984.0000,38.5399,43.5599,2992.0436
5985.0000,30.1480,32.4918,2992.5325
5986.0000,18.5611,22.8095,2993.0228
5987.0000,17.6384,20.2035,2993.5202
5988.0000,13.6112,17.5311,2994.0175
5989.0000,17.6795,19.7002,2994.5197
5990.0000,17.9513,20.0654,2995.0201
5991.0000,17.9280,20.0335,2995.5200
5992.0000,13.5510,17.4583,2996.0175
5993.0000,17.6827,20.3517,2996.5204
5994.0000,18.3370,22.2948,2997.0223
5995.0000,17.5723,20.0311,2997.5200
5996.0000,13.4437,15.9024,2998.0159
5997.0000,12.5060,14.7065,2998.5147
5998.0000,18.0451,20.7460,2999.0208
5999.0000,17.6976,19.8953,2999.5199
6000.0000,14.3256,18.2815,3000.0183
6001.0000,17.3162,19.7843,3000.5198
6002.0000,18.4575,22.4272,3001.0224
6003.0000,17.4740,19.8259,3001.5198
6004.0000,14.7911,17.7430,3002.0177
6005.0000,17.7265,19.8331,3002.5198
6006.0000,18.3693,22.6074,3003.0226
6007.0000,17.5720,19.9676,3003.5200
6008.0000,13.5926,17.8156,3004.0178
6009.0000,17.6858,19.8265,3004.5198
6010.0000,18.2669,22.4714,3005.0225
6011.0000,17.6039,20.0380,3005.5200
6012.0000,13.5019,17.6858,3006.0177
6013.0000,17.9989,20.3787,3006.5204
6014.0000,18.7222,21.3639,3007.0214
6015.0000,17.5456,19.9722,3007.5200
6016.0000,13.7031,17.6495,3008.0177
6017.0000,17.7609,20.4465,3008.5205
6018.0000,17.9843,20.3617,3009.0204
6019.0000,17.6580,19.8777,3009.5199
6020.0000,14.8731,17.4550,3010.0175
6021.0000,15.7705,18.2525,3010.5183
6022.0000,17.9506,20.3365,3011.0203
6023.0000,17.8803,20.2560,3011.5203
6024.0000,13.4234,15.4734,3012.0155
6025.0000,12.6347,15.1167,3012.5151
6026.0000,18.4533,22.3002,3013.0223
6027.0000,17.5956,19.6455,3013.5197
6028.0000,14.8995,19.1344,3014.0191
6029.0000,18.0548,20.3322,3014.5203
6030.0000,18.0558,22.3106,3015.0223
6031.0000,17.4217,19.4918,3015.5195
6032.0000,14.9244,19.1752,3016.0192
6033.0000,17.9163,20.3736,3016.5204
6034.0000,18.2457,20.5142,3017.0205
6035.0000,17.6917,20.3054,3017.5203
6036.0000,13.5797,17.7895,3018.0178
6037.0000,17.8892,20.4256,3018.5204
6038.0000,17.9377,20.1547,3019.0202
6039.0000,18.0477,20.1575,3019.5202
6040.0000,13.6436,17.6239,3020.0176
6041.0000,17.9515,20.3958,3020.5204
6042.0000,18.2331,22.4937,3021.0225
6043.0000,17.6071,19.8849,3021.5199
6044.0000,14.8627,17.4466,3022.0174
6045.0000,17.9606,19.9887,3022.5200
6046.0000,18.5110,22.4671,3023.0225
6047.0000,17.6960,20.1003,3023.5201
6048.0000,13.6740,17.8743,3024.0179
6049.0000,17.8858,19.9731,3024.5200
6050.0000,18.4120,22.6289,3025.0226
6051.0000,17.5604,20.0091,3025.5200
6052.0000,13.4564,15.6643,3026.0157
6053.0000,12.6313,15.0515,3026.5151
6054.0000,17.7684,20.2323,3027.0202
6055.0000,17.9050,20.2454,3027.5203
6056.0000,13.3592,15.5045,3028.0155
6057.0000,12.4530,14.5926,3028.5146
6058.0000,18.0346,20.1195,3029.0201
6059.0000,17.8820,19.9572,3029.5200
6060.0000,14.9565,18.9176,3030.0189
6061.0000,17.7887,19.9644,3030.5200
6062.0000,18.5678,21.5664,3031.0216
6063.0000,17.7015,20.0715,3031.5201
6064.0000,13.4709,15.9848,3032.0160
6065.0000,12.5198,14.9844,3032.5150
6066.0000,18.3837,20.8967,3033.0209
6067.0000,17.8264,20.2710,3033.5203
6068.0000,13.5510,17.7857,3034.0178
6069.0000,17.9317,19.9827,3034.5200
6070.0000,17.8772,20.3294,3035.0203
6071.0000,17.9947,20.1846,3035.5202
6072.0000,13.5602,15.7549,3036.0158
6073.0000,12.4388,14.8636,3036.5149
6074.0000,18.0296,20.2670,3037.0203
6075.0000,17.8090,20.2399,3037.5202
6076.0000,13.4473,15.7875,3038.0158
6077.0000,12.6644,15.1924,3038.5152
6078.0000,18.3292,22.5672,3039.0226
6079.0000,17.6401,19.7561,3039.5198
6080.0000,14.2808,18.2743,3040.0183
6081.0000,17.9057,20.3482,3040.5204
6082.0000,17.9379,20.2829,3041.0203
6083.0000,17.8547,20.1110,3041.5201
6084.0000,13.3483,16.0226,3042.0160
6085.0000,12.5807,14.7212,3042.5147
6086.0000,17.9481,20.2801,3043.0203
6087.0000,17.9298,20.2472,3043.5203
6088.0000,13.4414,15.8828,3044.0159
6089.0000,12.6928,15.0366,3044.5150
6090.0000,17.9404,20.0339,3045.0200
6091.0000,18.1068,21.4989,3045.5215
6092.0000,48.5044,53.4239,3046.0534
6093.0000,49.2373,50.0955,3046.5501
6094.0000,44.2525,46.5931,3047.0466
6095.0000,42.9663,43.7820,3047.5438
6096.0000,42.8283,47.2243,3048.0472
6097.0000,31.1455,33.2769,3048.5333
6098.0000,45.6962,46.6889,3049.0467
6099.0000,42.4742,43.4130,3049.5434
6100.0000,37.3436,39.9217,3050.0399
6101.0000,42.1306,42.7888,3050.5428
6102.0000,38.2879,40.1297,3051.0401
6103.0000,41.5341,42.4368,3051.5424
6104.0000,43.1365,48.3193,3052.0483
6105.0000,30.6649,31.5510,3052.5316
6106.0000,43.8039,48.0546,3053.0481
6107.0000,43.9256,44.7963,3053.5448
6108.0000,36.0176,38.6012,3054.0386
6109.0000,45.4614,46.2838,3054.5463
6110.0000,43.8640,48.2098,3055.0482
6111.0000,42.2330,43.0216,3055.5430
6112.0000,41.6974,46.8075,3056.0468
6113.0000,16.1104,19.2756,3056.5193
6114.0000,18.3386,22.5709,3057.0226
6115.0000,17.5267,19.8347,3057.5198
6116.0000,15.0159,17.1620,3058.0172
6117.0000,18.2377,20.7190,3058.5207
6118.0000,18.2991,22.4750,3059.0225
6119.0000,17.4700,19.5516,3059.5196
6120.0000,14.8331,17.3849,3060.0174
6121.0000,18.1126,20.2801,3060.5203
6122.0000,17.9240,20.3990,3061.0204
6123.0000,18.0585,20.1608,3061.5202
6124.0000,13.8125,16.9667,3062.0170
6125.0000,17.7536,20.0095,3062.5200
6126.0000,18.2012,22.4203,3063.0224
6127.0000,17.3808,19.7913,3063.5198
6128.0000,15.0235,19.2462,3064.0192
6129.0000,17.9092,19.9896,3064.5200
6130.0000,17.9570,20.2889,3065.0203
6131.0000,17.8691,20.2487,3065.5203
6132.0000,13.7808,17.9004,3066.0179
6133.0000,17.8881,20.0417,3066.5200
6134.0000,18.2721,22.4891,3067.0225
6135.0000,17.6356,20.1885,3067.5202
6136.0000,13.7203,17.9340,3068.0179
6137.0000,17.6074,20.4906,3068.5205
6138.0000,18.3628,22.6280,3069.0226
6139.0000,17.4203,19.6637,3069.5197
6140.0000,15.0842,17.1325,3070.0171
6141.0000,17.7039,20.1724,3070.5202
6142.0000,18.4473,21.8459,3071.0218
6143.0000,17.4876,19.9648,3071.5200
6144.0000,13.3783,15.8423,3072.0158
6145.0000,12.7653,15.1856,3072.5152
6146.0000,17.9907,20.3701,3073.0204
6147.0000,17.8177,20.2557,3073.5203
6148.0000,13.4184,15.7863,3074.0158
6149.0000,12.4649,14.5624,3074.5146
6150.0000,17.9929,20.3095,3075.0203
6151.0000,17.7367,20.1314,3075.5201
6152.0000,13.2638,15.6641,3076.0157
6153.0000,12.4691,14.9047,3076.5149
6154.0000,17.9836,20.1908,3077.0202
6155.0000,17.7566,20.0780,3077.5201
6156.0000,13.3685,15.4800,3078.0155
6157.0000,12.5469,14.7588,3078.5148
6158.0000,18.1372,22.1270,3079.0221
6159.0000,17.1878,19.5247,3079.5195
6160.0000,14.9185,18.8899,3080.0189
6161.0000,17.9670,20.4269,3080.5204
6162.0000,17.9344,20.2558,3081.0203
6163.0000,17.9013,19.9380,3081.5199
6164.0000,15.1943,16.0190,3082.0160
6165.0000,12.4411,14.7741,3082.5148
6166.0000,18.2295,22.4828,3083.0225
6167.0000,20.3573,21.0968,3083.5211
6168.0000,49.0539,54.2385,3084.0542
6169.0000,47.2373,48.2853,3084.5483
6170.0000,45.9562,48.2506,3085.0483
6171.0000,42.0542,44.5199,3085.5445
6172.0000,35.7817,37.4599,3086.0375
6173.0000,48.9271,49.8912,3086.5499
6174.0000,44.0173,46.6362,3087.0466
6175.0000,42.3021,43.1973,3087.5432
6176.0000,37.1234,40.4587,3088.0405
6177.0000,38.9853,39.8538,3088.5399
6178.0000,42.2357,47.2515,3089.0473
6179.0000,42.7078,43.7285,3089.5437
6180.0000,36.8647,39.2346,3090.0392
6181.0000,43.8404,46.0325,3090.5460
6182.0000,44.5495,46.7175,3091.0467
6183.0000,42.1887,44.4199,3091.5444
6184.0000,36.1057,38.4023,3092.0384
6185.0000,45.1903,46.1606,3092.5462
6186.0000,43.8408,49.1912,3093.0492
6187.0000,42.2157,43.0889,3093.5431
6188.0000,37.8045,39.8123,3094.0398
6189.0000,17.1783,18.6512,3094.5187
6190.0000,18.3243,20.9481,3095.0210
6191.0000,17.7158,19.8458,3095.5198
6192.0000,15.0169,18.9189,3096.0189
6193.0000,17.8709,19.9890,3096.5200
6194.0000,17.6176,20.1327,3097.0201
6195.0000,17.8243,19.9021,3097.5199
6196.0000,14.7812,17.3419,3098.0173
6197.0000,17.8906,20.2156,3098.5202
6198.0000,17.8510,20.4551,3099.0205
6199.0000,36.9326,37.4582,3099.5375
6200.0000,40.8273,41.8217,3100.0418
6201.0000,38.1211,39.9639,3100.5400
6202.0000,42.9684,45.1368,3101.0451
6203.0000,42.9501,44.3451,3101.5443
6204.0000,35.7168,36.8257,3102.0368
6205.0000,48.9117,49.7028,3102.5497
6206.0000,17.0236,19.0068,3103.0190
6207.0000,17.9301,20.0033,3103.5200
6208.0000,14.7407,15.9962,3104.0160
6209.0000,12.4347,14.5342,3104.5145
6210.0000,18.0713,21.9101,3105.0219
6211.0000,17.5307,20.0068,3105.5200
6212.0000,13.3861,17.2477,3106.0172
6213.0000,16.7415,18.1102,3106.5181
6214.0000,17.8722,20.1379,3107.0201
6215.0000,18.0980,20.2294,3107.5202
6216.0000,13.6508,17.6409,3108.0176
6217.0000,17.8495,20.1299,3108.5201
6218.0000,17.9349,20.4700,3109.0205
6219.0000,37.9403,38.8069,3109.5388
6220.0000,41.0073,42.0436,3110.0420
6221.0000,36.2985,37.1525,3110.5372
6222.0000,17.9943,20.3253,3111.0203
6223.0000,18.0668,22.3165,3111.5223
6224.0000,47.4165,51.1580,3112.0512
6225.0000,45.0823,45.5830,3112.5456
6226.0000,45.4092,48.1944,3113.0482
6227.0000,41.9136,42.7920,3113.5428
6228.0000,36.9090,39.3451,3114.0393
6229.0000,15.9202,18.9974,3114.5190
6230.0000,17.7089,20.3104,3115.0203
6231.0000,17.6428,19.9926,3115.5200
6232.0000,14.6845,17.4529,3116.0175
6233.0000,17.7374,19.8885,3116.5199
6234.0000,17.7319,20.2882,3117.0203
6235.0000,17.6973,20.0581,3117.5201
6236.0000,13.2533,15.7457,3118.0157
6237.0000,12.5263,15.2327,3118.5152
6238.0000,18.3562,20.9493,3119.0210
6239.0000,17.4281,19.5283,3119.5195
6240.0000,14.9181,18.8190,3120.0188
6241.0000,17.5502,27.4800,3120.5275
6242.0000,17.4880,21.3859,3121.0214
6243.0000,17.5237,19.6024,3121.5196
6244.0000,14.9860,17.4524,3122.0175
6245.0000,17.7802,20.2254,3122.5202
6246.0000,17.9435,20.0856,3123.0201
6247.0000,17.8361,20.3249,3123.5203
6248.0000,13.4736,15.9492,3124.0160
6249.0000,12.1468,14.1718,3124.5142
6250.0000,18.2499,22.5048,3125.0225
6251.0000,17.4251,19.5093,3125.5195
6252.0000,14.8779,19.1001,3126.0191
6253.0000,17.9552,20.0084,3126.5200
6254.0000,18.2076,22.1522,3127.0222
6255.0000,17.3594,19.3928,3127.5194
6256.0000,14.9756,17.1960,3128.0172
6257.0000,17.5438,19.3183,3128.5193
6258.0000,18.5003,22.3026,3129.0223
6259.0000,17.3544,19.6584,3129.5197
6260.0000,13.2956,16.0564,3130.0161
6261.0000,12.5478,14.7818,3130.5148
6262.0000,17.7407,20.3216,3131.0203
6263.0000,17.8341,20.1956,3131.5202
6264.0000,13.9035,17.3868,3132.0174
6265.0000,17.8183,19.9647,3132.5200
6266.0000,17.8905,18.7719,3133.0188
6267.0000,17.6572,20.0214,3133.5200
6268.0000,13.2958,16.3981,3134.0164
6269.0000,12.5551,14.6263,3134.5146
6270.0000,18.1868,22.0347,3135.0220
6271.0000,17.5088,19.5871,3135.5196
6272.0000,15.1030,19.0254,3136.0190
6273.0000,17.8546,20.1134,3136.5201
6274.0000,18.0416,20.2068,3137.0202
6275.0000,17.8391,20.1617,3137.5202
6276.0000,13.4559,16.1246,3138.0161
6277.0000,12.1585,13.6075,3138.5136
6278.0000,16.9854,21.3854,3139.0214
6279.0000,17.5618,19.6468,3139.5197
6280.0000,14.9592,19.1661,3140.0192
6281.0000,17.0753,19.1766,3140.5192
6282.0000,17.8912,19.9335,3141.0199
6283.0000,17.7976,20.0406,3141.5200
6284.0000,13.3115,15.7702,3142.0158
6285.0000,12.5223,14.9971,3142.5150
6286.0000,17.9048,20.4389,3143.0204
6287.0000,17.7136,20.1184,3143.5201
6288.0000,13.5186,15.6982,3144.0157
6289.0000,11.9221,13.9570,3144.5140
6290.0000,18.4021,22.2511,3145.0223
6291.0000,17.4971,19.5455,3145.5195
6292.0000,14.7932,17.3746,3146.0174
6293.0000,17.8887,20.3507,3146.5204
6294.0000,18.0022,20.0635,3147.0201
6295.0000,18.0002,20.0118,3147.5200
6296.0000,13.4423,16.0531,3148.0161
6297.0000,12.4834,14.9435,3148.5149
6298.0000,18.0778,20.1357,3149.0201
6299.0000,17.8683,19.9244,3149.5199
6300.0000,14.8983,19.0830,3150.0191
6301.0000,15.7133,18.0007,3150.5180
6302.0000,18.1790,22.1022,3151.0221
6303.0000,17.6529,20.1471,3151.5202
6304.0000,13.4468,17.6522,3152.0177
6305.0000,17.8084,20.0221,3152.5200
6306.0000,17.9359,18.7713,3153.0188
6307.0000,17.9703,20.3850,3153.5204
6308.0000,13.7357,17.6803,3154.0177
6309.0000,17.7557,19.8103,3154.5198
6310.0000,18.2796,22.5166,3155.0225
6311.0000,17.5961,19.7686,3155.5198
6312.0000,15.0001,19.1713,3156.0192
6313.0000,17.9504,20.0500,3156.5201
6314.0000,18.1569,20.3523,3157.0204
6315.0000,17.8744,19.9008,3157.5199
6316.0000,14.7803,17.4356,3158.0174
6317.0000,18.0499,18.7367,3158.5187
6318.0000,18.3161,22.4808,3159.0225
6319.0000,17.4130,19.4649,3159.5195
6320.0000,15.0352,18.9967,3160.0190
6321.0000,17.8653,19.8831,3160.5199
6322.0000,18.4008,22.3423,3161.0223
6323.0000,17.4477,19.8485,3161.5199
6324.0000,14.9711,18.9487,3162.0190
6325.0000,17.7364,20.1658,3162.5202
6326.0000,18.0838,20.1698,3163.0202
6327.0000,17.9268,20.0472,3163.5200
6328.0000,13.4170,16.1131,3164.0161
6329.0000,12.4729,14.5049,3164.5145
6330.0000,18.3778,22.6041,3165.0226
6331.0000,17.4122,19.5322,3165.5195
6332.0000,14.9096,19.1481,3166.0192
6333.0000,17.9646,19.9921,3166.5200
6334.0000,17.8255,20.0266,3167.0200
6335.0000,17.9000,20.2477,3167.5203
6336.0000,13.3744,15.8680,3168.0159
6337.0000,12.6384,14.8368,3168.5148
6338.0000,18.0114,18.7031,3169.0187
6339.0000,17.7724,19.7737,3169.5198
6340.0000,14.9371,19.1701,3170.0192
6341.0000,11.3204,13.6769,3170.5137
6342.0000,18.3604,22.2847,3171.0223
6343.0000,17.6910,20.0929,3171.5201
6344.0000,13.9538,18.1523,3172.0182
6345.0000,17.9259,19.9400,3172.5199
6346.0000,18.1303,19.0794,3173.0191
6347.0000,17.9918,20.0643,3173.5201
6348.0000,13.6217,17.5860,3174.0176
6349.0000,17.7366,19.7155,3174.5197
6350.0000,18.3408,22.5072,3175.0225
6351.0000,17.4108,19.7196,3175.5197
6352.0000,14.9265,17.3764,3176.0174
6353.0000,17.8432,20.2234,3176.5202
6354.0000,18.2686,22.4756,3177.0225
6355.0000,17.6792,19.7505,3177.5198
6356.0000,14.9534,17.3634,3178.0174
6357.0000,18.0310,18.7206,3178.5187
6358.0000,18.3430,22.2982,3179.0223
6359.0000,17.4116,19.4887,3179.5195
6360.0000,15.0961,19.0551,3180.0191
6361.0000,17.8646,20.2117,3180.5202
6362.0000,17.9611,20.5011,3181.0205
6363.0000,17.7050,20.0555,3181.5201
6364.0000,13.8582,17.7873,3182.0178
6365.0000,17.7841,19.9711,3182.5200
6366.0000,18.0308,20.2526,3183.0203
6367.0000,17.8936,20.0370,3183.5200
6368.0000,13.4239,15.9918,3184.0161
6369.0000,12.4558,14.6446,3184.5146
6370.0000,17.9141,20.4878,3185.0205
6371.0000,17.8242,20.0211,3185.5200
6372.0000,13.3524,15.8152,3186.0158
6373.0000,12.6662,14.6682,3186.5147
6374.0000,18.4295,22.3750,3187.0224
6375.0000,17.6952,20.0606,3187.5201
6376.0000,13.6133,17.7996,3188.0178
6377.0000,18.2304,19.7535,3188.5198
6378.0000,18.1803,23.0454,3189.0231
6379.0000,17.3847,19.4409,3189.5194
6380.0000,15.0787,17.1824,3190.0172
6381.0000,18.1547,20.2329,3190.5202
6382.0000,22.1012,26.3373,3191.0263
6383.0000,17.8616,20.0082,3191.5200
6384.0000,13.3230,15.6927,3192.0157
6385.0000,12.6682,14.9458,3192.5149
6386.0000,18.3885,21.3044,3193.0213
6387.0000,17.3509,19.4296,3193.5194
6388.0000,14.9174,17.3071,3194.0173
6389.0000,17.7861,19.8949,3194.5199
6390.0000,18.3930,22.5959,3195.0226
6391.0000,17.3752,19.4707,3195.5195
6392.0000,15.0212,18.9786,3196.0190
6393.0000,18.0101,20.3926,3196.5204
6394.0000,18.0674,20.1708,3197.0202
6395.0000,17.9144,20.1563,3197.5202
6396.0000,13.6569,17.6088,3198.0176
6397.0000,17.8131,18.5820,3198.5186
6398.0000,17.8906,20.2371,3199.0202
6399.0000,17.9967,20.3087,3199.5203
6400.0000,13.5224,15.5911,3200.0156
6401.0000,12.4282,14.7421,3200.5147
6402.0000,17.8313,20.3126,3201.0203
6403.0000,17.8812,20.4159,3201.5204
6404.0000,13.7012,17.6466,3202.0176
6405.0000,49.3109,49.6942,3202.5497
6406.0000,45.8445,48.2479,3203.0483
6407.0000,43.7773,44.7083,3203.5447
6408.0000,36.2833,39.2878,3204.0393
6409.0000,42.3343,43.2359,3204.5432
6410.0000,36.7488,38.4124,3205.0384
6411.0000,41.5283,42.4750,3205.5425
6412.0000,38.1791,39.9707,3206.0400
6413.0000,43.3022,45.8039,3206.5458
6414.0000,43.6331,48.0770,3207.0481
6415.0000,42.1497,44.3085,3207.5443
6416.0000,36.6982,40.9892,3208.0410
6417.0000,40.3381,41.2081,3208.5412
6418.0000,38.9010,39.9341,3209.0399
6419.0000,40.1797,41.1524,3209.5412
6420.0000,16.0278,18.4425,3210.0184
6421.0000,46.8022,50.9887,3210.5510
6422.0000,42.2646,46.5478,3211.0466
6423.0000,43.8665,44.8194,3211.5448
6424.0000,38.7683,43.8714,3212.0439
6425.0000,38.3500,40.1862,3212.5402
6426.0000,42.4802,44.7229,3213.0447
6427.0000,44.1688,46.1400,3213.5461
6428.0000,33.3542,35.4849,3214.0355
6429.0000,38.6406,39.4378,3214.5394
6430.0000,37.3529,38.2954,3215.0383
6431.0000,41.6533,43.7206,3215.5437
6432.0000,37.8933,39.0793,3216.0391
6433.0000,43.2629,45.8335,3216.5458
6434.0000,44.2181,48.1750,3217.0482
6435.0000,41.7173,44.0153,3217.5440
6436.0000,41.8975,47.0164,3218.0470
6437.0000,31.3110,33.4736,3218.5335
6438.0000,43.2836,48.4194,3219.0484
6439.0000,42.6688,43.4625,3219.5435
6440.0000,37.6037,38.5960,3220.0386
6441.0000,46.2527,48.7381,3220.5487
6442.0000,45.7930,47.5817,3221.0476
6443.0000,42.8188,44.9657,3221.5450
6444.0000,34.4159,35.5920,3222.0356
6445.0000,49.2152,51.1021,3222.5511
6446.0000,44.6430,46.9412,3223.0469
6447.0000,42.7426,43.5077,3223.5435
6448.0000,41.9236,45.4915,3224.0455
6449.0000,30.6035,31.4371,3224.5314
6450.0000,44.8896,49.2117,3225.0492
6451.0000,42.4887,43.3942,3225.5434
6452.0000,37.5827,40.3825,3226.0404
6453.0000,39.3888,40.1848,3226.5402
6454.0000,42.7865,45.3846,3227.0454
6455.0000,43.4765,44.3698,3227.5444
6456.0000,36.7007,37.6306,3228.0376
6457.0000,48.8998,49.8332,3228.5498
6458.0000,46.4133,47.1973,3229.0472
6459.0000,43.3198,44.4836,3229.5445
6460.0000,35.8888,37.7238,3230.0377
6461.0000,53.2903,54.2514,3230.5543
6462.0000,41.4990,43.7448,3231.0437
6463.0000,43.9327,44.8193,3231.5448
6464.0000,35.5353,38.2094,3232.0382
6465.0000,44.9814,45.9070,3232.5459
6466.0000,44.0236,48.3701,3233.0484
6467.0000,42.5341,44.7051,3233.5447
6468.0000,16.7563,17.2876,3234.0173
6469.0000,46.5487,47.2612,3234.5473
6470.0000,18.0695,18.7583,3235.0188
6471.0000,18.2915,18.7165,3235.5187
6472.0000,5.0801,5.3061,3236.0053
6473.0000,4.9035,5.5024,3236.5055
6474.0000,15.7083,19.6361,3237.0196
6475.0000,18.0677,20.4829,3237.5205
6476.0000,47.7938,53.6933,3238.0537
6477.0000,48.1458,50.6180,3238.5506
6478.0000,42.2441,43.1857,3239.0432
6479.0000,43.6126,44.4427,3239.5444
6480.0000,35.6967,37.9732,3240.0380
6481.0000,8.6288,10.2530,3240.5103
6482.0000,13.8738,16.3010,3241.0163
6483.0000,17.7360,20.0585,3241.5201
6484.0000,16.9352,17.7376,3242.0177
6485.0000,47.8469,49.9584,3242.5500
6486.0000,43.9499,46.2996,3243.0463
6487.0000,42.6196,44.1950,3243.5442
6488.0000,37.7641,41.1797,3244.0412
6489.0000,18.1281,21.3015,3244.5213
6490.0000,18.2778,22.4919,3245.0225
6491.0000,17.6422,20.0524,3245.5201
6492.0000,13.1209,15.1463,3246.0151
6493.0000,12.3914,14.7345,3246.5147
6494.0000,18.3749,22.3251,3247.0223
6495.0000,17.5460,20.0718,3247.5201
6496.0000,13.2860,16.0244,3248.0160
6497.0000,12.4179,14.5898,3248.5146
6498.0000,18.0947,20.2077,3249.0202
6499.0000,17.8538,19.9635,3249.5200
6500.0000,15.0180,18.8881,3250.0189
6501.0000,18.0123,20.2051,3250.5202
6502.0000,18.1730,20.3180,3251.0203
6503.0000,17.8139,20.2001,3251.5202
6504.0000,13.6296,17.8148,3252.0178
6505.0000,17.9124,20.0822,3252.5201
6506.0000,18.4166,22.3467,3253.0224
6507.0000,17.6723,19.9845,3253.5200
6508.0000,13.3257,15.8864,3254.0159
6509.0000,12.3135,14.4346,3254.5144
6510.0000,17.9092,20.1188,3255.0201
6511.0000,17.5869,19.9977,3255.5200
6512.0000,13.6395,16.9974,3256.0170
6513.0000,17.9523,20.3712,3256.5204
6514.0000,18.4349,22.6432,3257.0226
6515.0000,17.5467,19.9145,3257.5199
6516.0000,14.9141,17.4291,3258.0174
6517.0000,18.0032,20.3267,3258.5203
6518.0000,17.8898,20.3369,3259.0203
6519.0000,17.8854,19.4954,3259.5195
6520.0000,14.9220,17.3962,3260.0174
6521.0000,18.0388,20.4984,3260.5205
6522.0000,18.0895,20.5067,3261.0205
6523.0000,17.7451,19.8076,3261.5198
6524.0000,15.0406,17.2260,3262.0172
6525.0000,18.1598,20.7509,3262.5208
6526.0000,18.4996,22.3422,3263.0223
6527.0000,17.3892,19.4647,3263.5195
6528.0000,15.1610,17.9604,3264.0180
6529.0000,17.7691,19.8423,3264.5198
6530.0000,17.8476,20.1953,3265.0202
6531.0000,17.8793,19.9503,3265.5200
6532.0000,14.9466,17.3757,3266.0174
6533.0000,17.9623,20.3200,3266.5203
6534.0000,17.7168,20.2582,3267.0203
6535.0000,17.9399,20.1643,3267.5202
6536.0000,13.4202,15.6759,3268.0157
6537.0000,12.6059,14.9945,3268.5150
6538.0000,17.9465,20.2269,3269.0202
6539.0000,17.9261,20.1518,3269.5202
6540.0000,13.4527,16.0563,3270.0161
6541.0000,12.7482,14.9303,3270.5149
6542.0000,18.4819,22.7233,3271.0227
6543.0000,17.5076,19.8701,3271.5199
6544.0000,15.1688,18.8905,3272.0189
6545.0000,18.0016,20.0539,3272.5201
6546.0000,18.5608,22.3809,3273.0224
6547.0000,17.5353,19.7154,3273.5197
6548.0000,14.9143,17.2244,3274.0172
6549.0000,17.7195,20.0427,3274.5200
6550.0000,17.8699,20.3628,3275.0204
6551.0000,17.8992,20.2566,3275.5203
6552.0000,13.2476,15.4434,3276.0154
6553.0000,12.4922,14.9291,3276.5149
6554.0000,18.5399,22.7620,3277.0228
6555.0000,17.6305,20.1181,3277.5201
6556.0000,13.5984,17.5336,3278.0175
6557.0000,18.0975,20.5229,3278.5205
6558.0000,18.3691,22.3234,3279.0223
6559.0000,17.1926,19.2984,3279.5193
6560.0000,14.9329,18.8449,3280.0188
6561.0000,18.0240,20.5149,3280.5205
6562.0000,17.9773,20.4558,3281.0205
6563.0000,17.7162,20.1899,3281.5202
6564.0000,13.3131,15.5373,3282.0155
6565.0000,12.5173,15.0687,3282.5151
6566.0000,17.9187,20.2058,3283.0202
6567.0000,17.8420,19.9567,3283.5200
6568.0000,14.7523,17.4611,3284.0175
6569.0000,18.0036,20.0580,3284.5201
6570.0000,18.1030,20.3691,3285.0204
6571.0000,17.9309,19.9906,3285.5200
6572.0000,13.4400,15.9217,3286.0159
6573.0000,11.5339,12.9631,3286.5130
6574.0000,17.8547,20.1230,3287.0201
6575.0000,17.7292,18.3706,3287.5184
6576.0000,14.8835,17.2623,3288.0173
6577.0000,17.7641,20.2409,3288.5202
6578.0000,17.9457,19.6532,3289.0197
6579.0000,17.7069,19.8070,3289.5198
6580.0000,14.7872,17.4257,3290.0174
6581.0000,17.9726,20.1513,3290.5202
6582.0000,18.3342,21.8456,3291.0218
6583.0000,17.4173,19.5433,3291.5195
6584.0000,7.9015,8.9324,3292.0089
6585.0000,11.3002,14.5115,3292.5145
6586.0000,18.1005,22.3810,3293.0224
6587.0000,17.4411,19.8155,3293.5198
6588.0000,12.4462,14.4194,3294.0144
6589.0000,12.1615,14.2135,3294.5142
6590.0000,17.8692,18.5390,3295.0185
6591.0000,18.0405,20.4316,3295.5204
6592.0000,13.2677,15.7855,3296.0158
6593.0000,12.5043,14.7401,3296.5147
6594.0000,18.3836,22.6188,3297.0226
6595.0000,17.5885,20.0545,3297.5201
6596.0000,13.6450,17.5914,3298.0176
6597.0000,18.0183,20.3079,3298.5203
6598.0000,18.3159,22.2592,3299.0223
6599.0000,16.1260,17.8764,3299.5179
6600.0000,14.9000,17.4369,3300.0174
6601.0000,18.1208,20.8442,3300.5208
6602.0000,17.9247,20.2568,3301.0203
6603.0000,17.9229,19.8546,3301.5199
6604.0000,14.9823,17.2589,3302.0173
6605.0000,18.0939,20.2062,3302.5202
6606.0000,17.9510,20.4892,3303.0205
6607.0000,17.9067,19.9897,3303.5200
6608.0000,13.5598,17.4502,3304.0175
6609.0000,17.7835,19.8416,3304.5198
6610.0000,18.1482,22.5604,3305.0226
6611.0000,17.4593,19.5017,3305.5195
6612.0000,14.4846,17.4887,3306.0175
6613.0000,18.0348,20.0292,3306.5200
6614.0000,17.8398,20.3174,3307.0203
6615.0000,17.7163,20.0274,3307.5200
6616.0000,13.3825,15.5878,3308.0156
6617.0000,12.5473,13.0402,3308.5130
6618.0000,17.7755,20.0668,3309.0201
6619.0000,17.8553,19.9730,3309.5200
6620.0000,14.7093,17.4625,3310.0175
6621.0000,17.9280,20.0827,3310.5201
6622.0000,17.9237,20.3118,3311.0203
6623.0000,17.9432,20.3040,3311.5203
6624.0000,12.1980,14.2330,3312.0142
6625.0000,13.7744,16.0162,3312.5160
6626.0000,18.4255,22.3973,3313.0224
6627.0000,17.5521,20.0798,3313.5201
6628.0000,13.3717,15.6883,3314.0159
6629.0000,12.3746,14.4317,3314.5144
6630.0000,18.0343,18.7918,3315.0188
6631.0000,17.9456,20.3935,3315.5204
6632.0000,13.6582,17.7776,3316.0178
6633.0000,17.7967,20.1214,3316.5201
6634.0000,18.3881,22.6003,3317.0226
6635.0000,17.5216,19.8223,3317.5198
6636.0000,14.9779,17.3923,3318.0174
6637.0000,11.2958,13.3653,3318.5134
6638.0000,20.6680,22.8446,3319.0228
6639.0000,17.6570,19.6628,3319.5197
6640.0000,14.8994,17.3663,3320.0174
6641.0000,15.4150,16.1268,3320.5161
6642.0000,17.8194,20.3150,3321.0203
6643.0000,17.6608,19.9957,3321.5200
6644.0000,13.2749,15.5829,3322.0156
6645.0000,12.4266,14.6106,3322.5146
6646.0000,17.7436,20.2101,3323.0202
6647.0000,17.8503,20.2036,3323.5202
6648.0000,13.3265,15.9949,3324.0160
6649.0000,12.2748,14.3226,3324.5143
6650.0000,17.8070,20.3783,3325.0204
6651.0000,17.7210,19.7679,3325.5198
6652.0000,15.1541,18.2453,3326.0182
6653.0000,17.5731,19.2441,3326.5192
6654.0000,17.8459,20.2414,3327.0202
6655.0000,17.6980,19.7622,3327.5198
6656.0000,15.0275,17.0478,3328.0170
6657.0000,17.8219,20.3108,3328.5203
6658.0000,17.8457,19.9039,3329.0199
6659.0000,17.7508,20.0399,3329.5200
6660.0000,14.9527,19.1886,3330.0192
6661.0000,17.8609,20.2379,3330.5202
6662.0000,18.4869,22.4567,3331.0225
6663.0000,17.4226,19.4553,3331.5195
6664.0000,14.9980,18.9549,3332.0190
6665.0000,17.9076,20.2612,3332.5203
6666.0000,17.9582,20.4530,3333.0205
6667.0000,17.9256,20.3259,3333.5203
6668.0000,13.3340,15.5406,3334.0155
6669.0000,6.1001,7.3811,3334.5074
6670.0000,12.3269,14.4388,3335.0144
6671.0000,17.7241,20.1354,3335.5201
6672.0000,13.5334,17.7414,3336.0177
6673.0000,18.2004,20.4994,3336.5205
6674.0000,18.4768,22.4295,3337.0224
6675.0000,17.6376,19.8264,3337.5198
6676.0000,15.0273,19.0016,3338.0190
6677.0000,17.8549,20.0018,3338.5200
6678.0000,18.3138,22.2551,3339.0223
6679.0000,17.3521,19.3598,3339.5194
6680.0000,14.9415,17.3791,3340.0174
6681.0000,17.9910,20.8558,3340.5209
6682.0000,17.8766,19.9399,3341.0199
6683.0000,17.7443,20.2312,3341.5202
6684.0000,13.3296,16.2025,3342.0162
6685.0000,12.5852,14.9704,3342.5150
6686.0000,17.7404,20.3344,3343.0203
6687.0000,17.8570,20.0143,3343.5200
6688.0000,13.4196,17.2678,3344.0173
6689.0000,17.8363,19.8483,3344.5199
6690.0000,17.9078,20.4718,3345.0205
6691.0000,17.8436,19.9482,3345.5200
6692.0000,15.0075,17.2289,3346.0172
6693.0000,17.7241,20.1776,3346.5202
6694.0000,17.8948,20.3480,3347.0204
6695.0000,17.6840,20.1618,3347.5202
6696.0000,13.2372,15.3147,3348.0153
6697.0000,12.4536,14.8315,3348.5148
6698.0000,18.2960,20.8947,3349.0209
6699.0000,17.8463,19.9176,3349.5199
6700.0000,14.7597,17.4759,3350.0175
6701.0000,17.8416,19.9601,3350.5200
6702.0000,17.9265,20.4956,3351.0205
6703.0000,17.7495,19.8221,3351.5198
6704.0000,15.1102,18.9921,3352.0190
6705.0000,17.9262,20.2265,3352.5202
6706.0000,17.9070,20.3874,3353.0204
6707.0000,17.3827,19.4427,3353.5194
6708.0000,15.1446,17.1878,3354.0172
6709.0000,18.1522,20.2463,3354.5202
6710.0000,17.9744,18.7701,3355.0188
6711.0000,17.8261,20.2446,3355.5202
6712.0000,13.6192,17.5621,3356.0176
6713.0000,17.7903,20.2018,3356.5202
6714.0000,18.3673,22.5669,3357.0226
6715.0000,17.5368,19.7209,3357.5197
6716.0000,15.0425,19.0015,3358.0190
6717.0000,17.9577,20.1044,3358.5201
6718.0000,18.3071,20.8441,3359.0209
6719.0000,17.9477,20.1173,3359.5201
6720.0000,17.2530,17.7779,3360.0178
6721.0000,18.4953,18.9978,3360.5190
6722.0000,42.4167,46.2836,3361.0463
6723.0000,43.0017,45.2169,3361.5452
6724.0000,34.1309,36.1279,3362.0361
6725.0000,17.9085,20.2629,3362.5203
6726.0000,18.0082,20.0851,3363.0201
6727.0000,17.8320,20.3022,3363.5203
6728.0000,13.6543,16.9425,3364.0169
6729.0000,17.6733,19.6872,3364.5197
6730.0000,18.4949,22.2415,3365.0222
6731.0000,17.4591,19.7907,3365.5198
6732.0000,16.9077,17.7653,3366.0178
6733.0000,46.9556,50.4465,3366.5505
6734.0000,44.5534,46.6780,3367.0467
6735.0000,42.0991,44.4640,3367.5445
6736.0000,36.7034,38.3472,3368.0384
6737.0000,19.7439,22.0869,3368.5221
6738.0000,18.2796,20.8529,3369.0209
6739.0000,17.6192,19.8700,3369.5199
6740.0000,14.9572,18.8013,3370.0188
6741.0000,17.8695,20.3386,3370.5203
6742.0000,18.4353,22.3919,3371.0224
6743.0000,17.6280,20.0225,3371.5200
6744.0000,13.1378,15.4231,3372.0154
6745.0000,12.4385,14.9718,3372.5150
6746.0000,17.9499,20.2913,3373.0203
6747.0000,17.6828,19.9447,3373.5199
6748.0000,15.0191,17.1911,3374.0172
6749.0000,17.9674,20.0742,3374.5201
6750.0000,18.4445,22.1135,3375.0221
6751.0000,17.6270,19.8964,3375.5199
6752.0000,14.9203,19.1395,3376.0191
6753.0000,17.9112,20.3869,3376.5204
6754.0000,18.3463,22.2795,3377.0223
6755.0000,17.5909,19.7507,3377.5198
6756.0000,15.0000,18.9378,3378.0189
6757.0000,17.8842,20.3450,3378.5203
6758.0000,38.8640,39.2345,3379.0392
6759.0000,17.5477,19.9916,3379.5200
6760.0000,14.9492,17.3264,3380.0173
6761.0000,17.8244,20.3634,3380.5204
6762.0000,17.9473,20.0870,3381.0201
6763.0000,17.8451,20.3502,3381.5204
6764.0000,13.5909,17.7348,3382.0177
6765.0000,17.6032,19.9376,3382.5199
6766.0000,18.3160,22.5573,3383.0226
6767.0000,17.6235,20.0494,3383.5201
6768.0000,13.7101,17.6624,3384.0177
6769.0000,17.7870,19.8438,3384.5198
6770.0000,18.4512,22.4124,3385.0224
6771.0000,17.4653,19.9638,3385.5200
6772.0000,13.4631,16.3851,3386.0164
6773.0000,12.4495,14.8811,3386.5149
6774.0000,17.7893,19.9590,3387.0200
6775.0000,17.8379,20.3188,3387.5203
6776.0000,13.6493,17.4904,3388.0175
6777.0000,17.8886,20.2607,3388.5203
6778.0000,18.4660,22.7310,3389.0227
6779.0000,17.4264,19.8291,3389.5198
6780.0000,14.9274,19.1528,3390.0192
6781.0000,17.8519,20.3722,3390.5204
6782.0000,18.2261,22.1529,3391.0222
6783.0000,17.9536,21.2760,3391.5213
6784.0000,46.8433,50.9243,3392.0509
6785.0000,48.5890,49.4713,3392.5495
6786.0000,44.2302,45.2393,3393.0452
6787.0000,44.4455,45.3898,3393.5454
6788.0000,16.3132,18.0850,3394.0181
6789.0000,17.9624,18.2200,3394.5182
6790.0000,17.8240,18.1094,3395.0181
6791.0000,17.7306,19.3285,3395.5193
6792.0000,16.9333,17.2231,3396.0172
6793.0000,48.5527,50.7131,3396.5507
6794.0000,42.5563,47.5560,3397.0476
6795.0000,41.7880,44.2729,3397.5443
6796.0000,38.9435,44.0058,3398.0440
6797.0000,35.5508,37.9544,3398.5380
6798.0000,43.1979,45.2039,3399.0452
6799.0000,45.0897,45.6041,3399.5456
6800.0000,37.3395,41.6594,3400.0417
6801.0000,37.5412,38.6313,3400.5386
6802.0000,43.3544,45.8514,3401.0459
6803.0000,43.0781,43.9708,3401.5440
6804.0000,43.1856,48.2769,3402.0483
6805.0000,30.2199,32.1947,3402.5322
6806.0000,46.3204,47.1556,3403.0472
6807.0000,42.5965,44.4321,3403.5444
6808.0000,35.8405,36.9444,3404.0369
6809.0000,15.9533,18.9918,3404.5190
6810.0000,17.6354,19.9245,3405.0199
6811.0000,17.6497,20.1434,3405.5201
6812.0000,13.0551,15.4553,3406.0155
6813.0000,12.4277,14.9919,3406.5150
6814.0000,17.8965,19.9980,3407.0200
6815.0000,17.5379,20.0073,3407.5200
6816.0000,6.0011,7.2517,3408.0073
6817.0000,4.9850,5.5060,3408.5055
6818.0000,6.3224,6.5416,3409.0065
6819.0000,15.1482,16.4255,3409.5164
6820.0000,6.5723,8.9057,3410.0089
6821.0000,7.6146,9.6429,3410.5096
6822.0000,15.1907,15.5584,3411.0156
6823.0000,19.7072,20.8213,3411.5208
6824.0000,17.3558,18.0802,3412.0181
6825.0000,49.1089,51.6595,3412.5517
6826.0000,45.7677,46.5521,3413.0466
6827.0000,18.7693,19.5074,3413.5195
6828.0000,38.3457,38.6969,3414.0387
6829.0000,6.2607,7.5314,3414.5075
6830.0000,13.4252,13.8766,3415.0139
6831.0000,5.1126,5.8887,3415.5059
6832.0000,16.2746,18.4888,3416.0185
6833.0000,18.0409,20.3156,3416.5203
6834.0000,43.0692,47.2233,3417.0472
6835.0000,42.8673,43.7294,3417.5437
6836.0000,37.2497,38.2214,3418.0382
6837.0000,17.9095,20.4669,3418.5205
6838.0000,17.8450,19.9360,3419.0199
6839.0000,17.9687,20.0217,3419.5200
6840.0000,14.9306,17.3476,3420.0173
6841.0000,18.0651,20.5103,3420.5205
6842.0000,17.9384,20.0982,3421.0201
6843.0000,17.7572,20.0469,3421.5201
6844.0000,13.5961,16.2894,3422.0163
6845.0000,12.4519,14.9018,3422.5149
6846.0000,17.9627,19.9977,3423.0200
6847.0000,17.9577,20.1958,3423.5202
6848.0000,13.3861,16.2177,3424.0162
6849.0000,12.4164,14.4972,3424.5145
6850.0000,17.7557,19.8800,3425.0199
6851.0000,17.7074,20.2185,3425.5202
6852.0000,13.6759,16.7930,3426.0168
6853.0000,17.8190,20.2446,3426.5202
6854.0000,18.1882,22.1310,3427.0221
6855.0000,17.5902,20.1279,3427.5201
6856.0000,13.6510,17.7757,3428.0178
6857.0000,18.1924,19.3472,3428.5193
6858.0000,18.3235,22.5692,3429.0226
6859.0000,17.2884,19.3488,3429.5194
6860.0000,15.0580,17.2224,3430.0172
6861.0000,45.1256,45.4681,3430.5455
6862.0000,48.3460,49.2112,3431.0492
6863.0000,42.2627,44.1623,3431.5442
6864.0000,36.6437,37.6420,3432.0376
6865.0000,48.5613,49.5630,3432.5496
6866.0000,43.7268,48.9411,3433.0489
6867.0000,41.9994,42.8290,3433.5428
6868.0000,37.1212,39.4788,3434.0395
6869.0000,17.8531,20.1955,3434.5202
6870.0000,18.3309,22.2218,3435.0222
6871.0000,17.5103,20.1571,3435.5202
6872.0000,13.3809,16.0614,3436.0161
6873.0000,12.3830,14.7809,3436.5148
6874.0000,18.4930,21.4053,3437.0214
6875.0000,17.5267,19.9744,3437.5200
6876.0000,13.6535,17.8877,3438.0179
6877.0000,17.8821,20.3086,3438.5203
6878.0000,17.8633,20.2431,3439.0202
6879.0000,18.0205,20.3996,3439.5204
6880.0000,13.6541,17.6097,3440.0176
6881.0000,17.9541,19.9896,3440.5200
6882.0000,17.9382,20.2410,3441.0202
6883.0000,18.1071,20.4381,3441.5204
6884.0000,13.2674,15.9121,3442.0159
6885.0000,12.6024,14.8524,3442.5149
6886.0000,17.9986,20.0731,3443.0201
6887.0000,17.6613,20.1426,3443.5201
6888.0000,13.5904,17.4288,3444.0174
6889.0000,17.7932,19.8629,3444.5199
6890.0000,18.2998,22.2409,3445.0222
6891.0000,17.4875,19.7038,3445.5197
6892.0000,14.9782,17.9113,3446.0179
6893.0000,17.7496,20.1422,3446.5201
6894.0000,22.8643,27.1041,3447.0271
6895.0000,17.7505,20.1322,3447.5201
6896.0000,13.2889,15.6917,3448.0157
6897.0000,12.6409,15.1361,3448.5151
6898.0000,18.0773,22.4573,3449.0225
6899.0000,17.5497,19.5850,3449.5196
6900.0000,15.1526,19.1005,3450.0191
6901.0000,17.9958,20.2980,3450.5203
6902.0000,18.1618,20.7170,3451.0207
6903.0000,17.8179,18.4907,3451.5185
6904.0000,14.9553,17.4215,3452.0174
6905.0000,17.7917,20.2548,3452.5203
6906.0000,18.0066,20.1636,3453.0202
6907.0000,17.9194,20.3534,3453.5204
6908.0000,13.6054,17.8011,3454.0178
6909.0000,17.9019,19.9400,3454.5199
6910.0000,18.4280,22.3732,3455.0224
6911.0000,17.4660,19.6725,3455.5197
6912.0000,14.9471,18.9006,3456.0189
6913.0000,17.9352,20.3561,3456.5204
6914.0000,18.3227,19.5174,3457.0195
6915.0000,17.8723,20.2847,3457.5203
6916.0000,13.4744,17.6985,3458.0177
6917.0000,17.9441,20.2989,3458.5203
6918.0000,17.9251,20.3744,3459.0204
6919.0000,17.7673,19.9478,3459.5200
6920.0000,15.1128,17.2085,3460.0172
6921.0000,17.8956,20.3343,3460.5203
6922.0000,17.9182,20.2591,3461.0203
6923.0000,17.8094,20.1981,3461.5202
6924.0000,13.5046,17.7176,3462.0177
6925.0000,17.8690,20.2939,3462.5203
6926.0000,18.0417,20.1918,3463.0202
6927.0000,17.9329,19.9673,3463.5200
6928.0000,15.2682,19.7351,3464.0197
6929.0000,18.1285,20.1754,3464.5202
6930.0000,17.9376,20.3993,3465.0204
6931.0000,17.7004,19.9805,3465.5200
6932.0000,13.2830,15.3086,3466.0153
6933.0000,12.4896,14.6424,3466.5146
6934.0000,18.2353,21.4603,3467.0215
6935.0000,19.5152,20.2483,3467.5202
6936.0000,12.0029,14.3759,3468.0144
6937.0000,12.4949,14.9159,3468.5149
6938.0000,17.8333,20.1772,3469.0202
6939.0000,17.6606,19.9835,3469.5200
6940.0000,15.0706,19.1775,3470.0192
6941.0000,17.8332,20.1806,3470.5202
6942.0000,17.7532,19.9403,3471.0199
6943.0000,17.9534,20.9073,3471.5209
6944.0000,48.7869,53.9386,3472.0539
6945.0000,45.4443,46.3238,3472.5463
6946.0000,45.5163,47.4489,3473.0475
6947.0000,43.1373,44.0858,3473.5441
6948.0000,42.5001,46.7941,3474.0468
6949.0000,17.7695,20.1520,3474.5202
6950.0000,18.4368,22.4182,3475.0224
6951.0000,17.4598,19.7846,3475.5198
6952.0000,14.5463,17.3257,3476.0173
6953.0000,17.9396,20.3118,3476.5203
6954.0000,17.9023,20.0467,3477.0200
6955.0000,17.8892,21.5788,3477.5216
6956.0000,47.0460,51.1102,3478.0511
6957.0000,47.9872,50.5258,3478.5505
6958.0000,44.5362,46.2621,3479.0463
6959.0000,44.2522,45.2162,3479.5452
6960.0000,36.1671,40.1461,3480.0402
6961.0000,16.9454,17.7149,3480.5177
6962.0000,18.3451,21.7592,3481.0218
6963.0000,17.3922,19.5040,3481.5195
6964.0000,14.8092,18.6795,3482.0187
6965.0000,17.7979,20.3826,3482.5204
6966.0000,17.7673,20.1800,3483.0202
6967.0000,17.6777,20.0495,3483.5201
6968.0000,13.7433,17.4788,3484.0175
6969.0000,17.7636,19.8296,3484.5198
6970.0000,17.5917,19.9226,3485.0199
6971.0000,17.7239,19.8531,3485.5199
6972.0000,14.8657,16.9098,3486.0169
6973.0000,17.7332,19.7010,3486.5197
6974.0000,17.8933,20.3730,3487.0204
6975.0000,17.6108,20.0655,3487.5201
6976.0000,13.3270,14.5873,3488.0146
6977.0000,11.8430,14.1640,3488.5142
6978.0000,17.8435,20.1845,3489.0202
6979.0000,17.7895,19.8950,3489.5199
6980.0000,14.6698,17.3307,3490.0173
6981.0000,17.7698,19.9496,3490.5200
6982.0000,18.3416,22.2784,3491.0223
6983.0000,17.6630,20.1781,3491.5202
6984.0000,4.7736,5.2984,3492.0053
6985.0000,12.5488,15.0241,3492.5150
6986.0000,17.8030,20.5091,3493.0205
6987.0000,17.8759,20.3187,3493.5203
6988.0000,13.5685,17.3673,3494.0174
6989.0000,17.6107,19.7893,3494.5198
6990.0000,17.6782,20.2025,3495.0202
6991.0000,18.2234,20.2691,3495.5203
6992.0000,13.3736,15.4734,3496.0155
6993.0000,12.4010,14.4083,3496.5144
6994.0000,18.4040,21.2828,3497.0213
6995.0000,17.4988,19.6836,3497.5197
6996.0000,14.8303,17.1746,3498.0172
6997.0000,17.7106,19.8573,3498.5199
6998.0000,17.8480,19.8676,3499.0199
6999.0000,17.1205,18.1849,3499.5182
7000.0000,14.7988,17.4123,3500.0174
7001.0000,17.6342,19.9813,3500.5200
7002.0000,18.1432,21.4954,3501.0215
7003.0000,17.4935,19.6080,3501.5196
7004.0000,14.8094,17.1429,3502.0171
7005.0000,17.6485,19.9470,3502.5199
7006.0000,17.8599,20.2995,3503.0203
7007.0000,17.5791,19.7020,3503.5197
7008.0000,14.8744,17.3795,3504.0174
7009.0000,17.8585,19.9570,3504.5200
7010.0000,17.7641,20.1956,3505.0202
7011.0000,17.7742,20.2195,3505.5202
7012.0000,13.1485,15.3243,3506.0153
7013.0000,12.5554,14.8749,3506.5149
7014.0000,18.0966,20.2854,3507.0203
7015.0000,17.6698,20.0916,3507.5201
7016.0000,13.3880,17.9014,3508.0179
7017.0000,17.8004,20.1062,3508.5201
7018.0000,17.9062,19.9963,3509.0200
7019.0000,17.4849,19.5465,3509.5195
7020.0000,14.8501,17.2255,3510.0172
7021.0000,17.7458,19.7281,3510.5197
7022.0000,17.7957,20.3517,3511.0204
7023.0000,17.6552,20.1708,3511.5202
7024.0000,13.2236,15.9145,3512.0159
7025.0000,12.3977,14.7887,3512.5148
7026.0000,17.9182,19.9336,3513.0199
7027.0000,17.5788,20.0159,3513.5200
7028.0000,13.1542,15.7604,3514.0158
7029.0000,12.1988,14.2999,3514.5143
7030.0000,17.8080,20.4310,3515.0204
7031.0000,17.8373,20.1903,3515.5202
7032.0000,13.5965,17.0581,3516.0171
7033.0000,17.7757,20.1380,3516.5201
7034.0000,18.0876,20.7553,3517.0208
7035.0000,17.7030,20.1007,3517.5201
7036.0000,13.1298,15.3802,3518.0154
7037.0000,12.3193,14.6574,3518.5147
7038.0000,17.7594,19.9425,3519.0199
7039.0000,17.5003,19.9051,3519.5199
7040.0000,15.0829,18.8949,3520.0189
7041.0000,17.7835,20.1866,3520.5202
7042.0000,17.8956,20.0037,3521.0200
7043.0000,17.8058,20.4248,3521.5204
7044.0000,13.6265,17.5697,3522.0176
7045.0000,18.2947,20.8300,3522.5208
7046.0000,17.9223,20.4833,3523.0205
7047.0000,17.6494,19.2278,3523.5192
7048.0000,14.7310,17.1879,3524.0172
7049.0000,17.9574,20.2202,3524.5202
7050.0000,17.9314,19.8764,3525.0199
7051.0000,17.7047,20.1140,3525.5201
7052.0000,13.2338,15.3186,3526.0153
7053.0000,12.3184,14.6846,3526.5147
7054.0000,17.7177,20.2226,3527.0202
7055.0000,17.7276,20.0697,3527.5201
7056.0000,13.3169,16.4983,3528.0165
7057.0000,17.6818,19.7903,3528.5198
7058.0000,17.8227,19.9016,3529.0199
7059.0000,17.6655,19.8164,3529.5198
7060.0000,14.7608,17.4159,3530.0174
7061.0000,17.7710,19.7911,3530.5198
7062.0000,17.8574,20.0080,3531.0200
7063.0000,17.5916,20.0601,3531.5201
7064.0000,13.1328,15.3177,3532.0153
7065.0000,12.4164,14.5804,3532.5146
7066.0000,17.9647,20.3111,3533.0203
7067.0000,17.9058,20.1385,3533.5201
7068.0000,13.2926,16.1258,3534.0161
7069.0000,12.1375,14.2272,3534.5142
7070.0000,18.1010,22.3331,3535.0223
7071.0000,17.5970,20.1735,3535.5202
7072.0000,13.4129,15.6534,3536.0157
7073.0000,12.4755,14.8184,3536.5148
7074.0000,18.1337,20.7583,3537.0208
7075.0000,17.9249,20.4303,3537.5204
7076.0000,13.1495,15.1643,3538.0152
7077.0000,12.3249,14.3314,3538.5143
7078.0000,17.7628,19.8658,3539.0199
7079.0000,17.7249,20.0085,3539.5200
7080.0000,15.1008,18.8851,3540.0189
7081.0000,17.6546,20.1742,3540.5202
7082.0000,17.8952,18.6315,3541.0186
7083.0000,17.7710,20.0134,3541.5200
7084.0000,13.4442,17.3253,3542.0173
7085.0000,17.7858,19.9495,3542.5200
7086.0000,18.1237,22.4827,3543.0225
7087.0000,17.6161,20.0902,3543.5201
7088.0000,12.7891,15.0071,3544.0150
7089.0000,12.2433,14.2639,3544.5143
7090.0000,17.6741,20.0432,3545.0200
7091.0000,17.5722,20.2731,3545.5203
7092.0000,13.3686,16.1793,3546.0162
7093.0000,12.5934,15.0396,3546.5150
7094.0000,18.4376,22.2230,3547.0222
7095.0000,17.5343,20.0091,3547.5200
7096.0000,13.2532,15.3998,3548.0154
7097.0000,12.4273,14.9754,3548.5150
7098.0000,17.9144,20.2266,3549.0202
7099.0000,17.7784,19.7798,3549.5198
7100.0000,15.0304,17.0995,3550.0171
7101.0000,17.9546,20.3554,3550.5204
7102.0000,17.8471,20.2116,3551.0202
7103.0000,17.8760,20.2009,3551.5202
7104.0000,13.1107,15.2558,3552.0153
7105.0000,12.3292,14.4194,3552.5144
7106.0000,16.6451,18.2467,3553.0182
7107.0000,17.6151,20.0061,3553.5200
7108.0000,13.0300,15.6302,3554.0156
7109.0000,12.0818,14.1233,3554.5141
7110.0000,17.7319,20.0799,3555.0201
7111.0000,17.3971,20.0661,3555.5201
7112.0000,13.4889,17.2505,3556.0173
7113.0000,17.7033,20.1363,3556.5201
7114.0000,16.9906,19.3345,3557.0193
7115.0000,17.7766,19.9034,3557.5199
7116.0000,14.8591,17.1980,3558.0172
7117.0000,17.6053,20.0790,3558.5201
7118.0000,41.9510,42.2702,3559.0423
7119.0000,44.6000,45.3941,3559.5454
7120.0000,41.3540,42.1508,3560.0422
7121.0000,17.9814,21.3919,3560.5214
7122.0000,17.6855,20.2438,3561.0202
7123.0000,17.6165,19.8670,3561.5199
7124.0000,15.0315,17.1049,3562.0171
7125.0000,17.8389,19.9277,3562.5199
7126.0000,18.3987,22.3780,3563.0224
7127.0000,17.4416,19.7560,3563.5198
7128.0000,14.8526,17.3847,3564.0174
7129.0000,17.9141,20.0585,3564.5201
7130.0000,21.4925,22.2258,3565.0222
7131.0000,16.6079,17.2894,3565.5173
7132.0000,14.6992,17.4899,3566.0175
7133.0000,15.6865,17.8697,3566.5179
7134.0000,40.9433,41.7150,3567.0417
7135.0000,42.9228,43.8286,3567.5438
7136.0000,41.4435,44.1469,3568.0442
7137.0000,36.1333,36.9615,3568.5370
7138.0000,44.0069,46.1236,3569.0461
7139.0000,18.0960,20.3694,3569.5204
7140.0000,13.6365,17.5107,3570.0175
7141.0000,18.1726,21.0603,3570.5211
7142.0000,17.8083,20.3280,3571.0203
7143.0000,17.7828,19.8921,3571.5199
7144.0000,14.9018,17.2818,3572.0173
7145.0000,17.7879,19.8686,3572.5199
7146.0000,17.9385,20.2884,3573.0203
7147.0000,17.7463,20.1145,3573.5201
7148.0000,13.3607,15.4584,3574.0155
7149.0000,12.0795,14.3726,3574.5144
7150.0000,18.4439,22.3910,3575.0224
7151.0000,17.6099,19.9264,3575.5199
7152.0000,13.3589,15.9519,3576.0160
7153.0000,11.2672,12.9277,3576.5129
7154.0000,14.3982,16.9050,3577.0169
7155.0000,17.8871,20.2260,3577.5202
7156.0000,13.1489,15.2794,3578.0153
7157.0000,12.3966,14.7732,3578.5148
7158.0000,17.7030,19.8072,3579.0198
7159.0000,17.9182,20.3716,3579.5204
7160.0000,17.7451,18.6129,3580.0186
7161.0000,17.8153,20.0646,3580.5201
7162.0000,17.6677,20.0763,3581.0201
7163.0000,17.8098,20.2002,3581.5202
7164.0000,13.3518,15.8102,3582.0158
7165.0000,12.4096,14.8251,3582.5148
7166.0000,17.8353,20.5068,3583.0205
7167.0000,17.5995,19.3259,3583.5193
7168.0000,14.7698,17.1299,3584.0171
7169.0000,18.0520,20.0747,3584.5201
7170.0000,17.7166,19.9940,3585.0200
7171.0000,17.6896,20.0445,3585.5200
7172.0000,13.5128,17.2173,3586.0172
7173.0000,17.9058,20.1663,3586.5202
7174.0000,17.8852,20.2273,3587.0202
7175.0000,17.7378,20.1289,3587.5201
7176.0000,13.1986,15.3192,3588.0153
7177.0000,12.6075,15.0899,3588.5151
7178.0000,18.0321,20.7328,3589.0207
7179.0000,17.8590,19.8994,3589.5199
7180.0000,14.7992,17.1803,3590.0172
7181.0000,17.8614,20.0649,3590.5201
7182.0000,17.8519,20.2382,3591.0202
7183.0000,17.8831,20.2187,3591.5202
7184.0000,13.1427,15.4704,3592.0155
7185.0000,12.2155,14.3989,3592.5144
7186.0000,17.7880,19.8822,3593.0199
7187.0000,17.6805,20.0859,3593.5201
7188.0000,13.2312,15.3370,3594.0153
7189.0000,12.4318,14.4753,3594.5145
7190.0000,17.7403,20.0983,3595.0201
7191.0000,18.1574,19.6349,3595.5196
7192.0000,14.9038,17.3682,3596.0174
7193.0000,17.9616,20.0958,3596.5201
7194.0000,17.6601,20.0174,3597.0200
7195.0000,17.8751,20.1715,3597.5202
7196.0000,13.3157,15.7294,3598.0157
7197.0000,12.3771,14.4621,3598.5145
7198.0000,17.9318,20.0973,3599.0201
7199.0000,17.7456,19.7583,3599.5198
